sale_id,price_eth,price_z,buyer_activity,seller_activity,token_gap_h,mkt_code,label_wash
1,13.1563,0.5020453467715489,15,1,473.34,0,0
2,13.0,0.487685806046092,15,9,473.34,0,0
3,7.036,-0.060236784399364425,2,1,473.34,0,0
4,7.0,-0.06354416422096673,1,1,473.34,2,0
5,7.099,-0.05444886971156025,1,4,473.34,1,0
6,7.02,-0.06170673098674325,1,1,473.34,0,0
7,7.03,-0.060788014369631424,12,2,473.34,0,0
8,7.0289,-0.06088907319751372,12,1,473.34,0,0
9,7.88,0.017302898084868533,1,5,473.34,1,0
10,7.2,-0.04516983187873143,2,1,473.34,0,0
11,7.248,-0.04075999211659496,12,2,473.34,0,0
12,7.246,-0.04094373544001729,2,4,473.34,0,0
13,7.249,-0.040668120454883834,12,3,473.34,0,0
14,7.788,0.008850705207440333,2,56,473.34,1,0
15,7.99,0.027408780873097973,1,1,473.34,0,0
16,7.06515,-0.05755872546048359,1,1,473.34,0,0
17,7.069,-0.057205019562895566,6,1,473.34,0,0
18,8.05,0.032921080575768605,1,21,473.34,2,0
19,7.145,-0.05022277327284619,1,1,473.34,0,0
20,7.1256,-0.05200508351004294,12,1,473.34,0,0
21,7.89,0.01822161470198028,7,3,473.34,0,0
22,7.219,-0.043424270306219065,1,4,473.34,1,0
23,14.5,0.6254932986128567,2,1,473.34,2,0
24,7.9899,0.027399593706926795,1,56,473.34,1,0
25,13.0,0.487685806046092,1,9,473.34,2,0
26,7.6,-0.008421167194260898,12,1,473.34,0,0
27,7.428,-0.024223093008583222,1,3,473.34,0,0
28,7.39,-0.02771421615360795,1,1,473.34,0,0
29,7.25,-0.04057624879317263,1,3,473.34,0,0
30,7.17,-0.04792598173006675,12,1,473.34,0,0
31,8.0,0.02832749749020972,6,1,473.34,0,0
32,7.17,-0.04792598173006675,12,5,473.34,0,0
33,7.249,-0.040668120454883834,5,3,473.34,0,0
34,7.9,0.019140331319092107,7,1,473.34,0,0
35,7.25,-0.04057624879317263,1,23,473.34,1,0
36,7.21499,-0.04379267566968089,12,2,473.34,0,0
37,7.25,-0.04057624879317263,7,1,0.6538888888888889,0,0
38,7.69,-0.00015271764025494706,1,1,473.34,0,0
39,7.8,0.00995316514797441,1,1,473.34,1,0
40,7.33,-0.0332265158562785,7,3,473.34,0,0
41,7.3,-0.03598266570761382,7,1,473.34,0,0
42,7.289,-0.03699325398643677,7,3,473.34,0,0
43,7.389,-0.027806087815319076,12,3,473.34,0,0
44,7.79,0.009034448530862667,12,21,473.34,0,0
45,7.45,-0.022201916450937317,12,1,473.34,0,0
46,7.29499,-0.03644294273278677,2,2,473.34,0,0
47,7.24,-0.04149496541028437,1,1,473.34,0,0
48,7.39,-0.02771421615360795,1,4,473.34,1,0
49,7.375,-0.029092291079275568,6,17,473.34,2,0
50,7.8,0.00995316514797441,1,1,473.34,1,1
51,7.8,0.00995316514797441,1,2,473.34,1,1
52,6.45489,-0.11362432573634615,1,1,473.34,1,1
53,6.324142,-0.12563636176175902,1,1,473.34,1,1
54,6.99,-0.06446288083807848,2,2,473.34,1,0
55,7.19,-0.04608854849584317,1,21,473.34,1,0
56,12.0,0.3958141443349155,3,1,473.34,2,0
57,6.9,-0.07273133039208435,1,1,473.34,2,0
58,6.438803,-0.11510226515829383,1,1,473.34,1,1
59,6.88,-0.07456876362630792,1,1,0.3438888888888889,2,0
60,6.914,-0.07144512712812794,1,2,4.341666666666667,2,0
61,6.925,-0.07043453884930499,6,1,473.34,2,0
62,6.7,-0.09110566273431966,2,1,473.34,2,0
63,6.8,-0.08191849656320205,7,2,473.34,2,0
64,8.25,0.05129541291800383,2,4,473.34,2,0
65,6.357,-0.12261764270125318,1,1,473.34,1,1
66,6.62,-0.09845539567121378,1,3,473.34,1,0
67,6.79,-0.08283721318031378,1,1,473.34,1,0
68,6.58,-0.10213026213966084,2,5,473.34,1,0
69,6.30825,-0.12709638620967303,1,1,473.34,1,1
70,6.05475,-0.15038585245345626,1,1,473.34,1,1
71,6.9,-0.07273133039208435,2,3,473.34,2,0
72,6.7479,-0.08670501013835437,5,56,473.34,1,0
73,11.0,0.3039424826237391,1,1,473.34,2,0
74,9.3,0.14776065771473917,5,5,473.34,2,0
75,12.0,0.3958141443349155,7,1,473.34,2,0
76,10.4,0.24881948559703324,1,1,473.34,2,0
77,13.0,0.487685806046092,7,3,473.34,2,0
78,13.0,0.487685806046092,7,3,473.34,2,0
79,6.7,-0.09110566273431966,3,3,473.34,2,0
80,6.969,-0.06639218573401318,1,1,473.34,1,0
81,12.0,0.3958141443349155,2,3,473.34,2,0
82,6.9,-0.07273133039208435,1,1,473.34,1,0
83,11.215689,0.323758189466561,4,4,473.34,2,0
84,7.8,0.00995316514797441,1,1,473.34,1,1
85,6.42,-0.11682972801344908,1,3,473.34,1,0
86,6.58,-0.10213026213966084,1,5,473.34,1,0
87,6.749,-0.08660395131047206,1,2,0.0675,1,0
88,12.5,0.4417499751905038,6,1,473.34,2,0
89,12.5,0.4417499751905038,1,2,2.504722222222222,2,0
90,7.34,-0.032307799239166754,1,3,473.34,1,0
91,7.69,-0.00015271764025494706,1,37,473.34,1,0
92,7.17,-0.04792598173006675,1,3,473.34,1,0
93,6.7548,-0.08607109567254717,1,1,473.34,1,1
94,11.25,0.3269103980515332,6,1,473.34,2,0
95,7.18,-0.047007265112955,2,1,473.34,1,0
96,12.0,0.3958141443349155,33,9,473.34,2,0
97,10.5,0.25800665176815085,8,9,473.34,2,0
98,7.44,-0.02312063306804906,18,2,62.73166666666667,1,0
99,6.75,-0.08651207964876086,1,3,473.34,1,0
100,8.0,0.02832749749020972,2,3,473.34,1,0
101,7.275,-0.03827945725039318,1,23,473.34,1,0
102,12.0,0.3958141443349155,1,8,473.34,2,0
103,7.55,-0.013014750279819702,5,3,473.34,2,0
104,7.345,-0.031848440930610886,1,5,69.75305555555556,1,0
105,7.45,-0.022201916450937317,1,2,473.34,1,0
106,7.489,-0.018618921644201463,2,5,473.34,1,0
107,8.33,0.058645145854897954,1,1,473.34,2,0
108,20.0,1.1307874380243272,3,2,473.34,2,0
109,7.79,0.009034448530862667,1,7,473.34,1,0
110,9.85,0.19829007165588614,24,1,473.34,2,0
111,7.388,-0.027897959477030283,1,1,473.34,1,0
112,7.6,-0.008421167194260898,1,1,473.34,2,0
113,7.7,0.000765998976856798,1,37,473.34,2,0
114,8.3518,0.060647948080201665,7,1,473.34,0,0
115,8.35,0.06048257908912145,1,2,473.34,2,0
116,13.25,0.5106537214738861,1,9,35.01916666666666,2,0
117,7.475,-0.019905124908157955,2,1,473.34,2,0
118,6.974175,-0.06591674988465789,1,1,473.34,1,1
119,7.85,0.014546748233533217,7,2,473.34,2,0
120,14.25,0.6025253831850625,2,9,46.59111111111111,2,0
121,6.9615,-0.06708122319684703,1,1,473.34,1,1
122,10.6,0.2671938179392685,6,37,39.55888888888889,2,0
123,7.3,-0.03598266570761382,24,23,473.34,2,0
124,7.25,-0.04057624879317263,7,2,473.34,2,0
125,9.5,0.1661349900569744,2,3,473.34,2,0
126,8.35,0.06048257908912145,1,1,473.34,0,0
127,7.6,-0.008421167194260898,24,1,473.34,2,0
128,7.19,-0.04608854849584317,1,23,25.364722222222223,1,0
129,6.875,-0.0750281219348638,7,2,126.02416666666667,1,0
130,7.1,-0.05435699804984913,24,2,473.34,2,0
131,7.6,-0.008421167194260898,15,2,473.34,2,0
132,6.706733,-0.09048709083601834,1,1,473.34,1,1
133,7.165373,-0.048351071908804374,15,56,473.34,1,1
134,7.165373,-0.048351071908804374,15,56,100.12388888888889,1,1
135,12.5,0.4417499751905038,1,2,128.11583333333334,1,0
136,6.95,-0.06813774730652554,3,37,27.188333333333333,2,0
137,8.5,0.07426332834579795,2,1,473.34,1,0
138,10.0,0.21207082091256263,1,1,473.34,1,0
139,145.0,12.614745151921385,13,6,473.34,2,0
140,6.105938,-0.14568312583378457,1,1,473.34,1,1
141,6.167265,-0.14004891243602322,1,1,473.34,1,1
142,6.25,-0.1324479105043491,8,4,473.34,1,1
143,6.25,-0.1324479105043491,1,2,473.34,1,0
144,10.0,0.21207082091256263,1,1,473.34,1,1
145,6.5,-0.10947999507655497,1,1,473.34,1,0
146,110.0,9.39923699203021,15,6,473.34,2,0
147,6.4,-0.11866716124767258,6,1,473.34,1,0
148,6.49,-0.11039871169366672,6,37,155.60972222222222,1,0
149,6.57,-0.10304897875677259,6,5,473.34,1,0
150,6.49,-0.11039871169366672,6,23,128.46194444444444,1,0
151,6.73,-0.08834951288298434,6,1,473.34,1,0
152,6.74995,-0.0865166732318464,6,2,210.07472222222222,1,0
153,6.175,-0.13933828513268734,1,6,0.45166666666666666,1,0
154,6.18,-0.13887892682413147,1,6,0.4888888888888889,1,0
155,6.18,-0.13887892682413147,15,6,0.5088888888888888,1,0
156,6.18,-0.13887892682413147,15,6,0.5225,1,0
157,6.17,-0.1397976434412432,4,6,0.5391666666666667,1,0
158,6.17,-0.1397976434412432,3,6,0.5630555555555555,1,0
159,10.5,0.25800665176815085,1,9,167.96694444444444,2,0
160,7.5,-0.01760833336537851,1,2,473.34,2,0
161,6.2,-0.1370414935899079,2,2,473.34,1,0
162,6.24,-0.13336662712146083,2,7,473.34,1,0
163,5.377515,-0.2126045572724249,1,1,473.34,1,1
164,5.57,-0.19492064046794905,15,56,1.7527777777777778,1,1
165,5.3625,-0.2139840102730182,1,1,473.34,1,1
166,6.5,-0.10947999507655497,5,1,473.34,1,0
167,5.073218,-0.24056082831615075,2,2,473.34,1,1
168,4.81296,-0.26447116324977804,2,2,473.34,1,1
169,5.109,-0.23727347651680142,1,1,473.34,1,1
170,9.9,0.202883654741445,2,2,473.34,2,0
171,5.25,-0.22431957221552554,8,4,280.395,1,1
172,10.5,0.25800665176815085,1,1,473.34,2,0
173,5.35,-0.21513240604440792,2,1,473.34,1,0
174,5.378,-0.21255999951649493,1,10,473.34,1,0
175,5.75,-0.17838374135993731,2,2,473.34,1,0
176,5.53,-0.1985955069363961,1,1,473.34,1,0
177,7.954,0.024101401051495577,1,2,473.34,1,1
178,5.57,-0.19492064046794905,1,3,473.34,1,0
179,5.9,-0.16460299210326082,1,2,473.34,2,0
180,5.35977,-0.21423481990948967,1,1,473.34,1,1
181,5.99,-0.15633454254925494,1,23,473.34,1,0
182,6.0,-0.1554158259321432,24,1,473.34,1,0
183,9.29175,0.14700271650562194,1,1,473.34,1,1
184,6.1,-0.1462286597610256,1,1,473.34,2,0
185,5.578,-0.19418566717425964,7,1,473.34,2,0
186,5.99,-0.15633454254925494,1,37,473.34,1,0
187,3.0,-0.43103081106567254,1,3,473.34,1,0
188,7.85,0.014546748233533217,1,2,473.34,2,0
189,5.850098,-0.16918757176597196,1,1,473.34,1,1
190,5.69,-0.18389604106260787,2,37,473.34,1,0
191,5.60625,-0.1915902927309189,1,1,473.34,1,1
192,6.6,-0.10029282890543735,3,1,473.34,1,0
193,6.6,-0.10029282890543735,3,3,473.34,1,0
194,7.79,0.009034448530862667,5,1,473.34,1,0
195,5.64,-0.18848962414816675,2,23,61.36416666666667,1,0
196,5.25525,-0.22383724599154184,2,1,34.58361111111111,1,1
197,4.7775,-0.2677289323740564,1,2,473.34,1,1
198,7.8,0.00995316514797441,2,2,473.34,1,1
199,7.086593,-0.05558872141841086,2,2,473.34,1,1
200,8.04375,0.032346882690073624,1,1,473.34,1,1
201,5.3,-0.21972598912996674,2,7,473.34,1,0
202,4.94,-0.2527997873459902,1,5,473.34,1,0
203,4.93,-0.253718503963102,2,5,473.34,1,0
204,5.0,-0.24728748764331965,5,1,473.34,1,0
205,5.25,-0.22431957221552554,6,5,473.34,1,0
206,5.38,-0.2123762561930726,6,23,473.34,1,0
207,5.45,-0.20594523987329022,3,8,473.34,2,0
208,5.52,-0.19951422355350792,1,7,473.34,1,0
209,5.43,-0.2077826731075138,1,6,473.34,1,0
210,5.0,-0.24728748764331965,2,1,473.34,1,0
211,4.641,-0.280269414197632,1,2,473.34,1,1
212,4.507425,-0.29254117141070246,1,1,473.34,1,1
213,5.5,-0.20135165678773143,3,1,473.34,1,0
214,5.2,-0.22891315530108433,24,1,473.34,1,0
215,61.0,4.897525568182562,33,1,473.34,2,0
216,5.75,-0.17838374135993731,3,37,0.6613888888888889,2,0
217,4.977,-0.2494005358626767,2,23,481.6766666666667,1,0
218,25.0,1.5901457465802096,3,2,473.34,2,0
219,4.99,-0.24820620426043138,1,5,473.34,1,0
220,4.987,-0.24848181924556492,1,23,473.34,1,0
221,4.75,-0.2702554030711138,1,1,473.34,2,0
222,5.25,-0.22431957221552554,1,1,473.34,2,0
223,4.88,-0.2583120870486608,8,4,473.34,2,0
224,6.0,-0.1554158259321432,15,1,473.34,1,0
225,5.178,-0.23093433185873025,1,23,473.34,1,0
226,12.0,0.3958141443349155,1,1,473.34,1,0
227,5.01735,-0.2456935143126307,1,1,473.34,1,1
228,5.69,-0.18389604106260787,15,1,473.34,1,0
229,9.3,0.14776065771473917,4,5,289.3047222222222,2,0
230,5.49,-0.20227037340484316,1,37,473.34,1,0
231,0.15,-0.6928650469425255,8,2,473.34,1,0
232,5.249,-0.22441144387723674,1,9,473.34,1,0
233,5.5,-0.20135165678773143,1,1,123.4325,1,0
234,5.35,-0.21513240604440792,2,1,473.34,2,0
235,5.4,-0.21053882295884904,2,1,473.34,1,0
236,4.875975,-0.25868187048704827,1,1,473.34,1,1
237,5.1999,-0.22892234246725543,24,56,0.9602777777777778,2,0
238,4.80675,-0.2650416862690045,2,2,473.34,1,1
239,4.804312,-0.2652656693802563,2,2,473.34,1,1
240,65.0,5.265012215027268,33,1,473.34,2,0
241,4.733565,-0.271765313831337,1,1,473.34,1,1
242,5.39,-0.21145753957596086,2,37,473.34,1,0
243,68.5,5.586563031016385,13,24,18.885277777777777,2,0
244,5.44,-0.20686395649040198,1,7,473.34,1,0
245,69.69,5.695890308452685,1,1,473.34,1,0
246,5.45,-0.20594523987329022,1,37,56.504444444444445,1,0
247,5.2,-0.22891315530108433,3,1,473.34,1,0
248,5.45,-0.20594523987329022,3,2,473.34,1,0
249,6.488,-0.11058245501708905,1,4,473.34,1,0
250,7.2,-0.04516983187873143,1,2,473.34,2,0
251,5.1688,-0.23177955114647306,1,56,173.46805555555557,1,0
252,5.9,-0.16460299210326082,2,37,343.14444444444445,2,0
253,6.13,-0.14347250990969027,2,1,32.08972222222222,2,0
254,5.5,-0.20135165678773143,6,1,473.34,1,0
255,5.7,-0.1829773244454961,6,23,473.34,1,0
256,4.9,-0.25647465381443724,18,1,473.34,1,0
257,27.885,0.0662136816881331,1,1,473.34,1,1
258,27.885,0.0662136816881331,1,1,473.34,1,1
259,34.2,0.4352922046541328,14,1,473.34,1,0
260,35.0,0.4820479953703321,1,23,3.3269444444444445,1,0
261,28.9999,0.13137372052499652,33,1,473.34,1,0
262,33.5,0.3943808877774581,2,1,473.34,2,0
263,35.0,0.4820479953703321,1,1,473.34,1,0
264,40.0,0.7742716873465788,1,2,473.34,2,0
265,4.79,-0.26658053660266673,1,1,473.34,1,0
266,0.06,-0.7011334964965313,2,1,473.34,1,0
267,31.0,0.24826904178933473,33,19,473.34,2,0
268,4.9299,-0.2537276911292731,3,21,473.34,1,0
269,4.76775,-0.26862468107574033,1,1,38.13944444444444,1,1
270,31.98,0.3055448854166791,1,7,473.34,1,0
271,27.9825,0.07191204368166992,1,1,473.34,1,1
272,30.69,0.2301511728868075,9,1,473.34,2,0
273,4.756733,-0.26963683117281245,1,1,473.34,1,1
274,6.6,-0.10029282890543735,2,2,473.34,1,0
275,31.5,0.2774914109869594,3,1,473.34,1,0
276,14.0,0.5795574677572685,1,1,473.34,1,0
277,7.25,-0.04057624879317263,15,7,473.34,2,0
278,41.1,0.8385608995813532,33,2,473.34,2,0
279,5.587648,-0.19329928938207025,1,1,473.34,1,1
280,4.87,-0.25923080366577256,5,2,376.1177777777778,2,0
281,39.99,0.7736872399626264,2,5,473.34,2,0
282,4.7699,-0.26842715700306136,4,37,473.34,2,0
283,28.7625,0.11749893962996427,1,1,473.34,1,1
284,32.0,0.30671378018458406,1,1,473.34,1,0
285,29.5,0.1606019341964607,1,1,473.34,1,0
286,44.0,1.0080506409275762,4,4,473.34,2,0
287,4.668007,-0.27778823622979826,6,3,411.51222222222225,1,1
288,7.49,-0.018527049982490256,1,1,44.713055555555556,1,0
289,35.0,0.4820479953703321,3,1,473.34,1,0
290,31.7,0.2891803586660092,9,24,25.338055555555556,2,0
291,30.7125,0.23146617950070045,1,1,473.34,1,1
292,4.8967,-0.25677783029808415,1,56,18.270555555555557,1,0
293,38.025,0.6588433290159613,3,3,12.9325,1,1
294,33.49,0.3937964403935057,14,1,473.34,1,0
295,5.5,-0.20135165678773143,1,3,473.34,1,0
296,4.731675,-0.27193895127197104,6,3,444.03333333333336,1,1
297,31.0,0.24826904178933473,33,2,473.34,2,0
298,70.0,5.72437052358315,3,1,473.34,2,0
299,35.0,0.4820479953703321,6,1,473.34,1,0
300,30.303,0.20753305912784598,6,23,0.013333333333333334,1,1
301,9.45,0.1615414069714155,3,1,458.44194444444446,1,0
302,7.5,-0.01760833336537851,3,2,473.34,1,0
303,46.0,1.124940117718075,4,2,473.34,2,0
304,29.16225,0.14086222380346525,4,6,473.34,1,1
305,5.02,-0.24545005440909617,1,23,473.34,2,0
306,28.38334,0.09533903262002161,4,6,473.34,1,1
307,29.14275,0.13972255140475784,4,6,473.34,1,1
308,5.0,-0.24728748764331965,1,1,473.34,1,0
309,33.0,0.3651585185798334,2,2,473.34,1,0
310,10.25,0.23503873634035674,3,6,473.34,1,0
311,30.3,0.20735772491266022,1,1,473.34,1,0
312,0.6,-0.6515227991724961,4,8,98.67611111111111,1,0
313,33.99,0.42301880959113036,2,2,473.34,1,0
314,28.031738,0.07478974571077515,1,2,473.34,1,1
315,32.175,0.31694160940375254,4,4,473.34,1,1
316,28.08,0.07761040567520654,1,1,473.34,1,1
317,3.5,-1.3589612640800222,3,19,74.78111111111112,1,0
318,4.93,-0.253718503963102,7,7,473.34,2,0
319,4.93,-0.253718503963102,1,1,473.34,1,0
320,5.2,-0.22891315530108433,1,1,473.34,2,0
321,28.1775,0.08330876766874336,1,1,473.34,1,1
322,31.0,0.24826904178933473,3,23,25.808611111111112,1,0
323,33.99,0.42301880959113036,3,23,473.34,1,0
324,34.27,0.43938333634180027,13,2,473.34,2,0
325,38.5,0.6866045797537048,3,9,473.34,2,0
326,5.7525,-0.17815406220565932,1,1,473.34,1,1
327,29.65,0.16936864495574802,1,4,473.34,2,0
328,4.643242,-0.28006343793207555,2,3,473.34,1,1
329,4.665375,-0.27803004244342205,2,3,473.34,1,1
330,28.567598,0.10610794322725345,1,1,473.34,1,1
331,12.25,0.41878205976270966,15,1,473.34,2,0
332,28.7998,0.11967892837210718,2,7,473.34,1,0
333,5.24,-0.22523828883263727,1,2,473.34,1,0
334,26.885665,0.007807809043916483,1,1,473.34,1,1
335,4.88,-0.2583120870486608,1,1,473.34,1,0
336,4.7775,-0.2677289323740564,1,1,473.34,1,1
337,27.69,0.05481695770105947,3,2,473.34,1,1
338,5.1,-0.23810032147220203,1,1,3.7875,2,0
339,27.69,0.05481695770105947,2,2,473.34,1,1
340,5.089,-0.23911090975102492,1,37,473.34,1,0
341,4.8798,-0.258330461381003,2,56,37.5275,1,0
342,5.99,-0.15633454254925494,6,1,473.34,1,0
343,27.69,0.05481695770105947,1,1,473.34,1,1
344,35.0,0.4820479953703321,6,1,473.34,1,0
345,36.9,0.5930929983213058,1,1,473.34,1,0
346,27.7875,0.06051531969459629,1,1,473.34,1,1
347,4.43625,-0.29908013693299534,3,2,473.34,1,1
348,4.3875,-0.3035588804414152,1,1,473.34,1,1
349,4.8,-0.26566181998555494,3,1,473.34,1,0
350,35.0,0.4820479953703321,2,1,473.34,2,0
351,5.0,-0.24728748764331965,15,6,473.34,2,0
352,4.3,-0.3115976508411432,2,1,26.72888888888889,1,1
353,26.95875,0.01207924274953322,15,56,473.34,1,1
354,4.160423,-0.32442082176780407,1,1,473.34,1,1
355,4.051125,-0.3344622106495122,1,1,717.0780555555556,1,1
356,24.81375,-0.1132847211082766,4,6,473.34,1,1
357,25.0,-0.10239938858216134,1,6,473.34,1,0
358,5.166525,-0.23198855917686598,1,1,473.34,1,1
359,10.0,0.21207082091256263,3,2,473.34,1,0
360,4.6988,-0.274959232150726,1,56,473.34,1,0
361,23.75019,-0.17544420707592792,1,1,473.34,1,1
362,27.0,0.014490088208337347,10,1,473.34,1,0
363,25.35,-0.08194373014382399,1,1,473.34,1,1
364,25.8,-0.055643597865961826,1,6,0.20833333333333334,1,0
365,25.55,-0.07025478246477417,1,1,473.34,1,0
366,23.813597,-0.17173840154850026,1,1,473.34,1,1
367,8.5,0.07426332834579795,1,1,473.34,1,0
368,23.042544,-0.21680239242237256,2,2,473.34,1,1
369,4.268,-0.31453754401590084,1,3,473.34,1,0
370,4.10904,-0.3291414633615094,2,2,380.0802777777778,1,1
371,9.0,0.12019915920138617,1,6,473.34,1,0
372,2.5,-1.4174060024752717,5,6,473.34,1,0
373,27.5,0.04371245740596202,14,1,473.34,1,0
374,23.4975,-0.19021260802102355,1,1,473.34,1,1
375,27.48,0.04254356263805706,1,10,12.971388888888889,1,0
376,3.987,-0.3403534809567414,1,23,473.34,1,0
377,25.338,-0.082645067004567,2,1,473.34,1,0
378,3.698,-0.3669043911912714,1,1,473.34,1,0
379,36.0,0.5404927337655815,33,3,473.34,2,0
380,3.898,-0.3485300588490361,3,6,473.34,1,0
381,29.5,0.1606019341964607,14,4,473.34,1,0
382,24.4986,-0.13170358041353938,2,56,473.34,1,0
383,153.0,7.378527126009755,13,2,473.34,2,0
384,3.69,-0.3676393644849609,2,1,473.34,1,0
385,4.0,-0.3391591493544961,1,1,473.34,1,0
386,24.99,-0.10298383596611392,1,2,473.34,1,0
387,6.2,-0.1370414935899079,5,1,473.34,2,0
388,22.425,-0.25289458994992836,1,1,473.34,1,1
389,23.0,-0.21928886537266004,2,1,473.34,2,0
390,22.196655,-0.2662401537387916,2,1,6.329722222222222,1,1
391,22.43475,-0.25232475375057467,1,1,473.34,1,1
392,27.75,0.058323642004774356,21,10,473.34,1,0
393,26.0,-0.043954650186912,1,23,27.538055555555555,1,0
394,34.125,0.4309088492744889,1,1,473.34,1,1
395,3.905,-0.34788695721705787,3,23,152.09194444444444,1,0
396,23.99,-0.16142857436136326,1,7,473.34,1,0
397,3.777,-0.3596465299160884,1,1,473.34,1,0
398,22.061185,-0.27415766244919615,1,1,473.34,1,1
399,3.584,-0.37737776062634554,2,3,473.34,1,0
400,24.5,-0.13162175777978602,14,1,473.34,1,0
401,30.0,0.18982430339408538,2,1,473.34,2,0
402,30.0,0.18982430339408538,2,2,473.34,1,0
403,26.99,0.013905640824384762,5,17,473.34,1,0
404,25.75,-0.05856583478572434,9,10,473.34,2,0
405,22.425,-0.25289458994992836,1,1,473.34,1,1
406,3.755,-0.36166770647373436,18,21,473.34,1,0
407,25.125,-0.09509379628275517,1,7,473.34,1,0
408,4.0,-0.3391591493544961,1,37,473.34,2,0
409,23.9,-0.1666886008169357,1,4,473.34,1,0
410,21.75139,-0.29226355018035227,1,1,473.34,1,1
411,21.66969,-0.29703848530724425,1,1,473.34,1,1
412,22.425,-0.25289458994992836,1,1,473.34,1,1
413,23.12,-0.21227549676523005,1,23,0.9572222222222222,1,0
414,3.65,-0.3713142309534078,24,2,114.77777777777777,2,0
415,3.599,-0.3759996857006778,2,1,473.34,1,0
416,3.6888,-0.36774961047901417,2,56,473.34,1,0
417,6.0,-0.1554158259321432,2,1,473.34,2,0
418,1.1,-0.6055869683169078,1,4,1074.7666666666667,1,0
419,23.5,-0.19006649617503535,21,6,473.34,1,0
420,25.2765,-0.08623941841587499,1,6,473.34,1,0
421,33.0,0.3651585185798334,1,1,473.34,2,0
422,22.035,-0.27568803792407565,1,1,473.34,1,1
423,21.22575,-0.3229844424704311,1,1,473.34,1,1
424,24.0,-0.16084412697741068,14,1,473.34,1,0
425,27.5,0.04371245740596202,1,1,904.6091666666666,1,0
426,3.152765,-0.41699603666436463,2,1,707.0091666666667,1,1
427,23.78,-0.17370196942436547,5,1,473.34,1,0
428,22.7,-0.23682228689123488,5,1,473.34,1,0
429,24.49,-0.1322062051637386,5,17,473.34,1,0
430,28.0,0.07293482660358669,5,1,473.34,1,0
431,23.99,-0.16142857436136326,1,8,473.34,1,0
432,28.0,0.07293482660358669,33,1,473.34,1,0
433,25.89,-0.05038357141038939,1,8,473.34,1,0
434,0.01,-1.5629334010794425,1,1,473.34,1,0
435,33.15,0.37392522933912076,1,2,473.34,1,1
436,3.4688,-0.38796137605547304,1,21,473.34,1,0
437,24.97,-0.10415273073401889,1,1,473.34,1,0
438,22.7175,-0.2357995039693179,3,1,188.50805555555556,1,1
439,27.0,0.014490088208337347,33,1,473.34,2,0
440,24.0,-0.16084412697741068,21,1,473.34,1,0
441,3.41,-0.3933634297640902,1,1,473.34,1,0
442,3.498,-0.3852787235335067,2,6,473.34,1,0
443,6.0,-0.1554158259321432,1,1,473.34,1,0
444,29.0,0.13137956499883605,1,5,473.34,1,0
445,3.55,-0.3805013971245255,24,1,473.34,1,0
446,3.555,-0.38004203881596965,1,1,473.34,1,0
447,30.0,0.18982430339408538,1,1,473.34,1,0
448,23.489,-0.19070938829738307,1,3,473.34,1,0
449,30.0,0.18982430339408538,16,1,473.34,2,0
450,34.3,0.4411366784936574,1,9,473.34,2,0
451,25.5,-0.07317701938453668,1,1,473.34,1,0
452,24.44,-0.1351284420835009,2,1,473.34,1,0
453,33.0,0.3651585185798334,1,14,246.44361111111112,2,0
454,25.75,-0.05856583478572434,1,27,473.34,1,0
455,3.67,-0.36947679771918435,1,1,473.34,1,0
456,28.0,0.07293482660358669,4,3,473.34,2,0
457,3.8999,-0.34835550269178484,1,1,473.34,1,0
458,25.0,-0.10239938858216134,5,1,473.34,1,0
459,29.99,0.1892398560101328,4,8,473.34,1,0
460,4.1,-0.3299719831833785,4,1,473.34,1,0
461,21.998535,-0.2778192253096584,1,1,473.34,1,1
462,21.998145,-0.27784201875763254,1,1,473.34,1,1
463,3.925,-0.34604952398283434,18,23,473.34,1,0
464,3.975,-0.3414559408972755,3,37,32.090555555555554,2,0
465,25.8,-0.055643597865961826,2,10,473.34,2,0
466,24.3,-0.14331070545883584,2,6,473.34,1,0
467,27.0,0.014490088208337347,1,2,473.34,1,0
468,4.75,-1.2859053410859607,3,7,473.34,1,0
469,3.4,-0.39428214638120196,1,1,67.40833333333333,2,0
470,21.75766,-0.291897101670614,1,1,473.34,1,1
471,24.99,-0.10298383596611392,3,1,217.4075,1,0
472,23.999,-0.16090257171580602,1,27,473.34,1,0
473,23.5,-0.19006649617503535,33,2,473.34,2,0
474,4.5,-0.29322331849890787,1,1,182.76111111111112,1,0
475,25.75,-0.05856583478572434,9,2,473.34,2,0
476,3.9,-0.34834631552561374,1,1,792.4097222222222,1,0
477,30.69,0.2301511728868075,9,1,473.34,2,0
478,3.8,-0.35753348169673144,6,2,702.3152777777777,2,0
479,4.0,-0.3391591493544961,1,1,473.34,1,0
480,4.0,-0.3391591493544961,1,17,1.0244444444444445,2,0
481,87.0,3.521174391923298,1,1,473.34,2,0
482,23.44,1.4468259543107744,3,1,473.34,1,0
483,4.225,-0.31848802546948146,1,21,473.34,1,0
484,4.299,-0.3116895225028543,1,21,473.34,1,0
485,24.42,-0.13629733685140585,1,1,473.34,1,0
486,70.0,5.72437052358315,13,1,473.34,2,0
487,4.387,-0.30360481627227087,1,23,473.34,1,0
488,5.69,-0.18389604106260787,5,1,473.34,1,0
489,4.9986,-0.24741610796971533,1,56,473.34,1,0
490,22.800095,-0.2309722608015624,1,1,473.34,1,1
491,4.5,-0.29322331849890787,1,1,473.34,1,0
492,4.98,-0.24912492087754315,2,4,473.34,1,0
493,26.0,-0.043954650186912,1,5,473.34,2,0
494,27.5,0.04371245740596202,1,1,473.34,1,0
495,4.5998,-0.2840545266601325,1,56,961.5586111111111,1,0
496,4.4536,-0.2974861636023065,7,1,473.34,1,0
497,4.689,-0.2758595744354955,7,21,473.34,1,0
498,4.689,-0.2758595744354955,7,1,473.34,1,0
499,4.99,-0.24820620426043138,7,4,36.48638888888889,1,0
500,4.98,-0.24912492087754315,7,7,177.01722222222222,1,0
501,4.94,-0.2527997873459902,7,7,473.34,1,0
502,4.939,-0.2528916590077014,7,2,473.34,1,0
503,25.49,-0.07376146676848926,4,17,473.34,1,0
504,25.99,-0.044539097570864584,1,2,473.34,1,0
505,29.0,0.13137956499883605,1,3,473.34,1,0
506,29.39,0.1541730129729833,4,5,473.34,2,0
507,28.69,0.11326169609630882,1,8,473.34,1,0
508,29.39,0.1541730129729833,4,8,473.34,1,0
509,4.75,-0.2702554030711138,5,2,473.34,2,0
510,29.395,0.1544652366649595,1,2,5.481111111111111,2,0
511,27.0,0.014490088208337347,1,1,473.34,1,0
512,4.4,-0.3024104846700255,1,1,473.34,1,0
513,26.88,0.007476719600907368,1,1,473.34,1,0
514,32.0,0.30671378018458406,1,2,107.80694444444444,2,0
515,27.0,0.014490088208337347,1,1,473.34,1,0
516,105.0,4.573179683037786,1,1,473.34,2,0
517,4.666,-0.27797262265485256,1,5,473.34,1,0
518,30.0,0.18982430339408538,1,24,386.0336111111111,2,0
519,29.0,0.13137956499883605,9,2,473.34,2,0
520,35.0,0.4820479953703321,1,19,45.18694444444444,2,0
521,1.85,-1.4553950824321835,9,2,473.34,1,0
522,4.7,-0.2748489861566726,2,2,473.34,2,0
523,4.273035,-0.314074970199185,2,1,473.34,1,1
524,4.52,-0.2913858852646844,2,2,473.34,1,0
525,4.7888,-0.2666907825967201,1,21,473.34,1,0
526,30.0,0.18982430339408538,2,1,473.34,1,0
527,38.0,0.6573822105560801,33,1,473.34,2,0
528,30.0,0.18982430339408538,1,5,473.34,1,0
529,36.99,0.5983530247768785,4,10,473.34,1,0
530,4.99,-0.24820620426043138,3,1,473.34,1,0
531,4.66,-0.27852385262511964,1,1,473.34,1,0
532,5.5,-0.20135165678773143,2,1,473.34,1,0
533,28.8,0.11969061731978621,3,1,473.34,1,0
534,4.265235,-0.31479156916053225,1,1,189.575,1,1
535,5.25,-0.22431957221552554,1,7,473.34,2,0
536,0.35,-1.5430621900250576,1,1,473.34,1,0
537,27.25,0.029101272807149685,3,17,473.34,1,0
538,25.8,-0.055643597865961826,3,19,46.92027777777778,2,0
539,29.145729,0.1398966582804373,1,1,473.34,1,0
540,4.19991,-0.32079308546181484,1,1,473.34,1,1
541,40.0,0.7742716873465788,4,1,473.34,2,0
542,26.949,0.011509406550179724,2,56,473.34,1,0
543,1.0,-0.6147741344880254,24,3,388.0761111111111,1,0
544,33.0,0.3651585185798334,2,1,473.34,1,0
545,4.72,-0.2730115529224491,1,23,597.5469444444444,2,0
546,27.9,0.06709035276406168,1,27,473.34,1,0
547,26.5,-0.014732280989287326,8,2,14.564722222222223,2,0
548,32.9,0.3593140447403084,1,10,64.45166666666667,1,0
549,30.0,0.18982430339408538,1,1,473.34,1,0
550,4.222042,-0.31875978184482306,1,1,442.4038888888889,1,1
551,4.35,-0.30700406775558436,24,2,473.34,2,0
552,4.4,-0.3024104846700255,3,56,44.20194444444444,2,0
553,4.55,-0.2886297354133491,1,17,473.34,1,0
554,0.0069,-1.5631145797684676,3,2,473.34,2,0
555,0.0069,-0.7060118817333948,1,2,473.34,2,0
556,32.0,0.30671378018458406,1,1,473.34,1,0
557,32.69,0.34704064967730597,1,1,473.34,1,0
558,29.1,0.13722403883836107,1,1,473.34,1,0
559,4.9,-0.25647465381443724,1,1,473.34,2,0
560,39.0,0.7158269489513295,1,1,473.34,1,0
561,10.2567,0.23565427647382167,3,1,473.34,1,0
562,4.55,-0.2886297354133491,2,3,28.151944444444446,1,0
563,34.99,0.48146354798637975,1,10,473.34,1,0
564,29.0,0.13137956499883605,2,1,473.34,2,0
565,4.24125,-0.31699511096667476,2,1,1369.7913888888888,1,1
566,4.218337,-0.319100166351463,3,2,473.34,1,1
567,4.5825,-0.28564390640773585,7,23,473.34,1,1
568,26.8125,0.003531699759228095,1,1,473.34,1,1
569,4.22994,-0.3180341794606282,2,1,234.69305555555556,1,1
570,45.0,1.0664953793228256,1,1,473.34,1,0
571,33.33,0.3844452822502656,3,3,473.34,1,0
572,4.8,-0.26566181998555494,1,37,81.21722222222222,2,0
573,26.62725,-0.007295188028491841,3,2,473.34,1,1
574,27.75,0.058323642004774356,5,2,91.95527777777778,2,0
575,30.5,0.21904667259171007,1,1,473.34,1,0
576,6.0,-0.1554158259321432,5,1,473.34,2,0
577,31.49,0.2769069636030068,1,1,473.34,1,0
578,7.4625,-0.021053520679547594,2,4,473.34,1,1
579,4.6,-0.2840361523277903,2,1,473.34,2,0
580,4.6,-0.2840361523277903,1,1,473.34,1,0
581,4.6,-0.2840361523277903,2,17,1290.7016666666666,1,0
582,4.015733,-0.3377137325007942,2,2,473.34,1,1
583,4.00686,-0.3385289097551575,2,2,473.34,1,1
584,1.0,-1.5050731100681456,5,1,473.34,1,0
585,26.5,-0.014732280989287326,8,1,473.34,2,0
586,32.5,0.3359361493822087,33,1,473.34,2,0
587,29.0,0.13137956499883605,2,10,473.34,2,0
588,28.5,0.10215719580121137,9,1,473.34,2,0
589,28.3,0.09046824812216153,5,19,421.5486111111111,2,0
590,4.25555,-0.3156813462042049,2,2,473.34,1,0
591,4.25555,-0.3156813462042049,18,1,473.34,1,0
592,4.005105,-0.3386901445214605,1,1,473.34,1,1
593,32.175,0.31694160940375254,4,2,218.61888888888888,1,1
594,3.898705,-0.34846528932752974,2,1,239.33944444444444,1,1
595,5.5,-0.20135165678773143,1,2,473.34,1,0
596,4.5,-1.3005165256847728,16,19,220.83527777777778,1,1
597,31.99,0.3061293328006315,2,3,473.34,1,0
598,39.5,0.7450493181489541,3,1,473.34,1,0
599,2.75,-1.4027948178764593,3,2,473.34,1,0
600,29.95,0.18690206647432286,1,2,473.34,1,0
601,4.2488,-0.3163014799207554,1,56,24.268055555555556,1,0
602,4.3,-0.3115976508411432,8,3,101.17805555555556,1,0
603,27.7485,0.05823597489718148,1,1,473.34,1,1
604,3.908092,-0.34760289003904693,2,1,40.71111111111111,1,1
605,4.2,-0.3207848170122608,8,2,27.564166666666665,2,0
606,31.5,0.2774914109869594,13,8,244.48194444444445,2,0
607,39.0,0.7158269489513295,1,24,683.0941666666666,2,0
608,27.9,0.06709035276406168,1,6,22.874166666666667,1,0
609,4.2487,-0.3163106670869265,2,56,22.51638888888889,1,0
610,29.79,0.17755090833108297,3,3,384.09166666666664,1,0
611,6.1999,-0.13705068075607899,15,56,473.34,2,0
612,29.2907,0.1483694504503351,11,1,473.34,1,0
613,4.018072,-0.3374988446840517,1,1,473.34,1,1
614,3.979462,-0.34104600954272024,2,1,126.14527777777778,1,1
615,4.28,-0.3134350840753667,2,3,473.34,1,0
616,5.0,-0.24728748764331965,3,1,473.34,1,0
617,3.9975,-0.33938882850877405,1,1,473.34,1,1
618,26.325,-0.024960110208456003,6,2,473.34,1,1
619,26.077642,-0.039416883808428,6,2,473.34,1,1
620,3.805985,-0.35698362980139,2,2,473.34,1,1
621,3.9,-0.34834631552561374,1,1,473.34,1,1
622,37.0,0.5989374721608308,3,5,473.34,2,0
623,3.766275,-0.36063185348794086,1,1,545.0222222222222,1,1
624,5.5,-0.20135165678773143,6,1,102.74527777777777,2,0
625,4.399,-0.3025023563317367,1,37,473.34,1,0
626,4.0,-0.3391591493544961,3,1,473.34,1,0
627,4.4,-0.3024104846700255,1,2,473.34,2,0
628,24.90102,-0.10818424878852317,1,1,473.34,1,1
629,4.2798,-0.31345345840770894,1,56,59.705555555555556,1,0
630,4.35,-0.30700406775558436,24,1,473.34,2,0
631,33.33,0.3844452822502656,1,1,473.34,1,0
632,3.918135,-0.34668022294048156,1,1,473.34,1,1
633,24.375,-0.13892735007919219,1,1,473.34,1,1
634,4.499,-0.2933151901606191,2,56,473.34,1,0
635,54.725,1.6348704602166255,1,1,473.34,1,1
636,31.0,0.24826904178933473,1,1,473.34,1,0
637,4.0,-0.3391591493544961,24,1,473.34,2,0
638,3.8499,-0.3529490857773437,1,56,532.0447222222223,2,0
639,27.5535,0.04683925091010784,1,1,473.34,1,1
640,30.3225,0.20867273152655338,1,1,473.34,1,1
641,3.969,-0.34200717086754256,1,2,473.34,1,0
642,26.1,-0.03811017634738698,3,1,473.34,1,0
643,3.975,-0.3414559408972755,1,23,473.34,1,0
644,3.975,-0.3414559408972755,1,23,473.34,1,0
645,3.609938,-0.37499479346488107,1,1,473.34,1,1
646,3.87,-0.35110246537694906,18,2,473.34,1,0
647,3.95,-0.3437527324400549,2,2,473.34,1,0
648,3.88,-0.35018374875983727,24,2,473.34,1,0
649,25.02,-0.10123049381425638,1,1,473.34,1,0
650,27.5,0.04371245740596202,33,27,1686.0294444444444,2,0
651,3.8151,-0.3561462196048926,18,14,174.9711111111111,1,0
652,39.0,0.7158269489513295,2,10,473.34,2,0
653,5.8,-0.1737901582743785,1,1,473.34,2,0
654,24.25,-0.14623294237859835,1,1,473.34,1,0
655,4.35,-0.30700406775558436,1,37,110.31916666666666,2,0
656,24.0,-0.16084412697741068,4,2,473.34,2,0
657,4.2,-0.3207848170122608,1,2,524.6816666666666,1,0
658,27.45,0.04079022048619951,4,33,163.01388888888889,1,0
659,22.756775,-0.2335040868688445,1,1,473.34,1,1
660,3.57523,-0.3781834750995526,1,1,473.34,1,1
661,4.099,-0.3300638548450896,1,23,223.30194444444444,1,0
662,3.8,-0.35753348169673144,7,1,450.81361111111113,1,0
663,2.0,-1.4466283716728963,2,19,473.34,1,0
664,6.43,-0.11591101139633735,1,4,473.34,1,0
665,3.658395,-0.3705429683533425,1,2,473.34,1,1
666,135.0,6.326521834895266,3,1,473.34,1,0
667,3.54198,-0.3812382078514491,1,1,473.34,1,1
668,3.569625,-0.37869841576344365,2,2,473.34,1,1
669,3.663465,-0.3700771790284668,2,2,473.34,1,1
670,25.06,-0.09889270427844646,1,5,473.34,1,0
671,4.0498,-0.3345839406012795,1,56,27.005555555555556,1,0
672,27.3,0.03202350972691219,2,2,473.34,2,0
673,28.5,0.10215719580121137,3,24,473.34,2,0
674,33.0,0.3651585185798334,2,1,473.34,1,0
675,3.9123,-0.3472162940865663,2,14,473.34,1,0
676,3.9124,-0.3472071069203952,3,1,473.34,1,0
677,26.15,-0.03518793942762468,33,2,473.34,2,0
678,25.39,-0.07960594060801407,1,8,724.0594444444445,1,0
679,4.01,-0.33824043273738436,1,56,246.85944444444445,1,0
680,4.99,-0.24820620426043138,2,4,336.6147222222222,1,0
681,4.89,-0.2573933704315491,2,4,598.7922222222222,1,0
682,4.12,-0.3281345499491549,8,2,473.34,2,0
683,25.0,-0.10239938858216134,4,24,473.34,1,0
684,3.640747,-0.37216431943922135,2,2,473.34,1,1
685,4.019,-0.33741358778198377,1,23,473.34,1,0
686,22.5381,-0.2462844900374257,1,1,473.34,1,1
687,25.8,-0.055643597865961826,1,1,1625.8144444444445,1,0
688,3.84,-0.3538586152282844,8,14,473.34,2,0
689,4.7,-1.288827578005723,9,2,578.7377777777778,1,0
690,28.0,0.07293482660358669,9,1,473.34,2,0
691,8.5,0.07426332834579795,2,2,833.2927777777778,2,0
692,0.3,-0.679084297685849,15,1,953.8291666666667,1,0
693,22.417625,-0.2533256198955933,1,1,473.34,1,1
694,34.0,0.4236032569750828,5,5,905.1163888888889,1,0
695,28.5,0.10215719580121137,2,24,96.2575,1,0
696,22.434345,-0.25234842386962475,1,1,473.34,1,1
697,4.45,-0.29781690158446666,1,37,629.1036111111111,2,0
698,4.5,-0.29322331849890787,2,6,473.34,1,0
699,27.5,0.04371245740596202,10,1,473.34,1,0
700,33.0,0.3651585185798334,1,2,473.34,2,0
701,27.3,0.03202350972691219,1,1,473.34,1,1
702,24.15,-0.15207741621812337,2,27,473.34,1,0
703,112.0,4.982292851804532,2,12,473.34,1,0
704,4.9,-0.25647465381443724,2,6,473.34,1,0
705,24.5,-0.13162175777978602,6,1,473.34,1,0
706,6.660352,-0.09474819037784443,1,1,1946.1125,1,0
707,1.5,-1.475850740870521,2,5,584.5633333333334,1,0
708,24.3,-0.14331070545883584,13,1,473.34,1,0
709,24.5,-0.13162175777978602,3,5,7.8375,1,0
710,5.1,-0.23810032147220203,15,1,21.716666666666665,2,0
711,4.2,-0.3207848170122608,1,1,473.34,1,0
712,3.9498,-0.34377110677239714,18,56,473.34,1,0
713,4.1,-0.3299719831833785,1,1,473.34,1,0
714,4.6,-0.2840361523277903,2,1,473.34,1,0
715,24.375,-0.13892735007919219,1,1,473.34,1,1
716,4.2,-0.3207848170122608,5,56,473.34,2,0
717,3.85,-0.3529398986111726,15,1,473.34,1,0
718,22.75858,-0.23339859411604122,2,1,473.34,1,1
719,24.87,-0.1099972045735437,3,1,473.34,1,0
720,26.2,-0.03226570250786217,3,1,473.34,1,0
721,34.0,0.4236032569750828,2,2,473.34,2,0
722,4.0,-0.3391591493544961,3,3,512.4827777777778,1,0
723,3.95,-0.3437527324400549,3,2,473.34,1,0
724,29.0,0.13137956499883605,33,2,515.2494444444444,2,0
725,4.2888,-0.31262661345230836,2,21,473.34,1,0
726,23.280465,-0.20289716181863646,1,1,473.34,1,1
727,24.9,-0.10824386242168636,1,1,473.34,1,0
728,10.0,0.21207082091256263,1,1,473.34,1,0
729,28.84,0.12202840685559613,8,3,473.34,1,0
730,6.375,-0.12096395279045202,15,8,473.34,2,0
731,4.37,-0.30516663452136084,18,2,1012.2886111111111,1,0
732,29.0,0.13137956499883605,16,1,473.34,2,0
733,24.95,-0.10532162550192385,11,8,986.1958333333333,1,0
734,28.15,0.08170153736287401,11,19,473.34,1,0
735,25.06,-0.09889270427844646,2,5,473.34,1,0
736,32.96,0.3628207290440235,8,1,473.34,1,0
737,28.5,0.10215719580121137,33,1,473.34,2,0
738,33.0,0.3651585185798334,1,24,36.75055555555556,2,0
739,26.9,0.008645614368812329,10,33,2013.951388888889,1,0
740,30.0,0.18982430339408538,1,2,473.34,2,0
741,4.3,-0.3115976508411432,1,2,473.34,1,0
742,27.0,0.014490088208337347,1,1,473.34,1,0
743,27.02,0.015658982976242308,21,1,945.4444444444445,1,0
744,25.75,-0.05856583478572434,10,9,473.34,1,0
745,4.3,-0.3115976508411432,3,8,188.53694444444446,2,0
746,27.0,0.014490088208337347,1,1,473.34,1,0
747,27.999,0.07287638186519137,2,3,1171.5516666666667,1,0
748,38.0,0.6573822105560801,5,1,473.34,1,0
749,26.88,0.007476719600907368,10,8,990.3069444444444,1,0
750,36.0,0.5404927337655815,1,1,473.34,2,0
751,2.9,-1.3940281071171718,5,6,745.1794444444445,1,0
752,26.99,0.013905640824384762,1,8,473.34,1,0
753,4.99,-0.24820620426043138,15,1,473.34,1,0
754,3.86646,-0.35142769105940663,1,1,473.34,1,1
755,4.57,-0.2867923021791255,1,2,473.34,1,0
756,0.2,-1.551828900784345,5,1,473.34,1,0
757,26.98,0.013321193440432385,21,8,0.23833333333333334,1,0
758,25.84725,-0.0528820839767864,1,1,473.34,1,1
759,4.056,-0.3340143362986702,1,1,473.34,1,1
760,3.980925,-0.3409116013016368,2,1,1535.4041666666667,1,1
761,25.9,-0.04979912402643701,33,1,473.34,1,0
762,25.252012,-0.08767061316969774,1,1,473.34,1,1
763,4.4888,-0.294252281110073,3,56,120.10583333333334,1,0
764,26.14,-0.03577238681157706,6,3,473.34,1,0
765,26.65,-0.005965570230000007,6,4,1.8997222222222223,1,0
766,4.080765,-0.3317391345963929,1,1,473.34,1,1
767,4.244,-0.3167424638969691,18,2,473.34,1,0
768,4.087395,-0.33113002547924786,2,1,2196.8605555555555,1,1
769,4.081058,-0.3317122161995116,1,1,3.4808333333333334,1,1
770,25.74,-0.05915028216967692,1,1,473.34,1,1
771,50.0,1.3587190712990722,1,1,473.34,1,0
772,1.5,-1.475850740870521,15,1,473.34,1,0
773,26.69,-0.003627780694189875,10,9,932.3883333333333,1,0
774,4.2,-0.3207848170122608,18,2,1305.4102777777778,1,0
775,3.9975,-0.33938882850877405,1,1,3.3161111111111112,1,1
776,29.29,0.1483285391334583,21,1,473.34,1,0
777,30.0,0.18982430339408538,21,1,1600.3325,1,0
778,26.325,-0.024960110208456003,1,1,473.34,1,1
779,27.0,0.014490088208337347,2,8,473.34,1,0
780,35.0,0.4820479953703321,4,8,473.34,1,0
781,27.2,0.026179035887387174,1,8,473.34,1,0
782,30.9,0.2424245679498097,1,8,473.34,1,0
783,27.0,0.014490088208337347,8,8,1310.4005555555555,1,0
784,5.54775,-0.19696478494102276,1,3,2094.8269444444445,1,1
785,27.5,0.04371245740596202,1,8,473.34,1,0
786,28.0,0.07293482660358669,33,4,1.0372222222222223,2,0
787,28.0,0.07293482660358669,5,1,473.34,2,0
788,30.0,0.18982430339408538,21,1,473.34,1,0
789,4.038645,-0.3356087689876677,1,1,473.34,1,1
790,27.0,0.014490088208337347,8,6,473.34,1,0
791,30.0,0.18982430339408538,1,1,473.34,1,0
792,4.2998,-0.31161602517348536,18,14,62.38055555555555,1,0
793,29.8969,0.1837986508655351,2,1,473.34,1,0
794,26.99,0.013905640824384762,10,1,473.34,1,0
795,30.99,0.24768459440538215,2,1,1176.2788888888888,1,0
796,29.0,0.13137956499883605,14,1,473.34,1,0
797,4.3,-0.3115976508411432,3,17,473.34,2,0
798,24.32095,-0.14208628818945543,1,1,473.34,1,1
799,24.94557,-0.10558053569301476,2,2,473.34,1,1
800,4.2779,-0.3136280145649602,1,14,84.3625,1,0
801,23.5,-0.19006649617503535,1,2,242.9911111111111,1,0
802,31.9,0.30086930634505904,1,14,205.48888888888888,1,0
803,6.5,-0.10947999507655497,3,1,1038.296388888889,1,0
804,250.0,13.047666750348942,13,3,473.34,2,0
805,30.42069,0.21441142038958286,1,19,473.34,2,0
806,4.259,-0.31536438897130137,3,37,473.34,1,0
807,4.2999,-0.31160683800731426,3,1,1086.8558333333333,1,0
808,24.790252,-0.11465805557108817,1,1,473.34,1,1
809,4.875,-0.2587714453572167,1,1,473.34,1,1
810,35.5,0.5112703645679568,21,3,1349.6066666666666,1,0
811,45.0,1.0664953793228256,21,2,473.34,1,0
812,32.88,0.35814514997240365,21,3,761.2727777777778,1,0
813,30.0,0.18982430339408538,10,1,473.34,1,0
814,5.4,-0.21053882295884904,18,2,473.34,1,0
815,5.445,-0.2064045981818461,1,10,473.34,1,0
816,27.0,0.014490088208337347,1,2,473.34,1,0
817,29.25,0.14599074959764838,1,1,473.34,1,1
818,4.173,-0.32326535187846256,5,3,473.34,1,1
819,42.0,0.8911611641370775,1,3,473.34,1,0
820,25.96,-0.04629243972272192,3,1,473.34,1,0
821,4.2998,-0.31161602517348536,3,14,473.34,1,0
822,4.14375,-0.3259525979835145,1,1,473.34,1,1
823,26.574,-0.01040737034803878,8,1,1259.12,1,0
824,5.1,-0.23810032147220203,1,1,473.34,2,0
825,4.095,-0.33043134149193437,1,1,473.34,1,1
826,27.0,0.014490088208337347,2,1,473.34,1,0
827,26.265,-0.02846679451217089,8,2,720.35,1,0
828,31.2,0.25995798946838455,1,1,473.34,1,1
829,26.0,-0.043954650186912,21,1,473.34,1,0
830,27.0,0.014490088208337347,21,1,473.34,1,0
831,25.98,-0.04512354495481696,2,14,34.8325,1,0
832,40.0,0.7742716873465788,21,8,473.34,1,0
833,34.5,0.45282562617270744,21,1,473.34,1,0
834,4.095,-0.33043134149193437,5,3,473.34,1,1
835,3.9975,-0.33938882850877405,1,3,473.34,1,1
836,26.69,-0.003627780694189875,10,1,473.34,1,0
837,1.75,-1.4612395562717087,2,2,565.9994444444444,1,0
838,28.85,0.12261285423954872,11,9,436.12166666666667,1,0
839,24.375,-0.13892735007919219,1,1,473.34,1,1
840,23.121765,-0.2121723418019625,10,5,146.2925,1,1
841,23.740178,-0.17602935579674114,10,5,210.42222222222222,1,1
842,23.684992,-0.17925468712982132,10,5,281.2311111111111,1,1
843,23.74125,-0.1759667030371814,10,5,289.4580555555556,1,1
844,23.70225,-0.17824604783459622,10,5,285.49055555555555,1,1
845,4.75993,-0.2693431174703218,1,1,473.34,1,0
846,45.0,1.0664953793228256,1,2,473.34,1,0
847,25.0,-0.10239938858216134,3,2,473.34,1,0
848,4.499,-0.2933151901606191,1,37,473.34,1,0
849,4.095,-0.33043134149193437,8,4,473.34,1,1
850,31.0,0.24826904178933473,1,1,473.34,1,0
851,5.95,-0.160009409017702,1,1,473.34,2,0
852,7.3,-0.03598266570761382,4,5,473.34,2,0
853,23.937127,-0.16451872301453518,1,1,1227.0647222222221,1,1
854,28.5,0.10215719580121137,2,1,473.34,1,0
855,27.98,0.07176593183568172,1,2,473.34,1,0
856,29.5,0.1606019341964607,33,1,473.34,2,0
857,27.0,0.014490088208337347,1,1,473.34,1,0
858,4.2,-0.3207848170122608,1,8,473.34,2,0
859,26.98,0.013321193440432385,2,1,473.34,1,0
860,31.5,0.2774914109869594,1,9,357.62805555555553,1,0
861,29.5,0.1606019341964607,13,1,473.34,2,0
862,27.3,0.03202350972691219,1,3,48.075,2,0
863,3.9468,-0.3440467217575307,1,2,473.34,1,1
864,25.2,-0.09071044090311152,1,2,473.34,1,0
865,6.5,-1.1836270488942742,16,5,37.02472222222222,1,0
866,25.7,-0.06148807170548684,2,5,473.34,2,0
867,31.0,0.24826904178933473,9,1,473.34,2,0
868,6.0,-0.1554158259321432,15,1,473.34,2,0
869,36.0,0.5404927337655815,2,1,1674.7580555555555,1,0
870,4.2498,-0.31620960825904426,5,56,473.34,1,0
871,2.55,-1.4144837655555091,5,2,473.34,1,0
872,38.41,0.6813445532981321,11,1,473.34,1,0
873,26.5,-0.014732280989287326,1,33,473.34,1,0
874,27.0,0.014490088208337347,16,2,473.34,1,0
875,3.0,-1.388183633277647,16,19,473.34,1,1
876,25.84,-0.0533058083301519,21,1,473.34,1,0
877,33.33,0.3844452822502656,21,1,1683.9119444444445,1,0
878,33.99,0.42301880959113036,21,10,23.76888888888889,1,0
879,41.0,0.8327164257418281,21,2,473.34,1,0
880,42.69,0.9314880336297995,21,1,473.34,1,0
881,26.5,-0.014732280989287326,4,1,473.34,1,0
882,25.9,-0.04979912402643701,4,4,473.34,1,0
883,25.99,-0.044539097570864584,4,2,172.0197222222222,1,0
884,26.1,-0.03811017634738698,4,1,473.34,1,0
885,26.9,0.008645614368812329,4,2,473.34,1,0
886,0.35,-0.6744907146002902,6,3,473.34,1,0
887,4.078035,-0.3319899442328645,1,1,473.34,1,1
888,25.69697,-0.06166515926282439,3,4,473.34,2,0
889,26.1,-0.03811017634738698,1,3,0.3055555555555556,2,0
890,3.0,-1.388183633277647,1,3,23.100555555555555,1,0
891,7.25,-0.04057624879317263,18,4,473.34,1,0
892,26.5,-0.014732280989287326,14,27,473.34,1,0
893,27.0,0.014490088208337347,14,4,473.34,1,0
894,4.5,-0.29322331849890787,8,1,473.34,2,0
895,26.342069,-0.02396251696878753,2,4,473.34,2,0
896,26.542069,-0.012273569289737494,9,4,473.34,2,0
897,38.0,0.6573822105560801,1,23,473.34,2,0
898,3.0,-1.388183633277647,4,14,445.44555555555553,1,0
899,41.0,0.8327164257418281,16,12,473.34,1,1
900,27.0,0.014490088208337347,1,1,473.34,1,0
901,24.72964,-0.11820050805470096,1,1,473.34,1,1
902,5.0,-0.24728748764331965,3,2,1803.4986111111111,2,0
903,26.64,-0.006550017613952384,6,4,473.34,1,0
904,34.0,0.4236032569750828,1,1,473.34,1,0
905,26.6999,-0.003049177784077009,3,56,473.34,2,0
906,45.69,3.49097042738445,3,3,473.34,2,0
907,27.0,0.014490088208337347,6,19,18.185277777777777,1,0
908,5.2,-0.22891315530108433,10,1,473.34,1,0
909,4.6734,-0.2772927723581899,10,2,1219.5894444444446,1,0
910,4.68,-0.27668641939089617,10,2,473.34,1,0
911,4.69,-0.2757677027737843,10,2,1242.1675,1,0
912,4.727,-0.27236845129047077,10,1,473.34,1,0
913,4.869,-0.25932267532748376,10,2,473.34,1,0
914,4.9,-0.25647465381443724,10,1,473.34,1,0
915,4.45,-0.29781690158446666,10,1,473.34,1,0
916,4.99,-0.24820620426043138,10,4,473.34,1,0
917,4.6,-0.2840361523277903,10,1,473.34,1,0
918,5.9,-0.16460299210326082,1,1,473.34,1,0
919,1.3,-1.4875396885495709,16,2,174.57833333333335,1,0
920,5.6,-0.1921644906166138,1,1,936.5347222222222,2,0
921,5.0,-0.24728748764331965,18,2,473.34,1,0
922,34.125,0.4309088492744889,13,7,473.34,1,1
923,26.66,-0.005381122846047422,1,5,473.34,1,0
924,4.958,-0.25114609743518906,2,5,457.61083333333335,1,0
925,4.8,-0.26566181998555494,1,5,473.34,1,0
926,6.825,-0.0796217050204226,5,1,2203.445,1,1
927,31.0,0.24826904178933473,14,2,473.34,1,0
928,5.3,-0.21972598912996674,5,1,1212.6508333333334,2,0
929,25.35,-0.08194373014382399,1,1,473.34,1,1
930,27.985,0.07205815552765792,1,56,161.43722222222223,1,0
931,26.7,-0.0030433333102374976,1,1,473.34,1,0
932,5.55,-0.1967580737021726,1,17,591.7180555555556,2,0
933,45.0,3.4275789808037387,1,2,473.34,2,0
934,25.545,-0.07054700615675034,1,1,473.34,1,1
935,5.1,-0.23810032147220203,4,1,473.34,1,0
936,5.5,-0.20135165678773143,3,2,473.34,2,0
937,26.99,0.013905640824384762,1,8,473.34,1,0
938,6.2,-0.1370414935899079,1,1,473.34,1,0
939,5.1675,-0.23189898430669756,2,1,1527.2280555555556,1,1
940,26.99,0.013905640824384762,21,1,473.34,1,0
941,26.05,-0.04103241326714949,8,56,473.34,2,0
942,5.598,-0.19234823394003614,5,6,473.34,1,0
943,5.3955,-0.21095224543654933,5,21,473.34,1,0
944,25.342395,-0.08238820237931996,1,1,473.34,1,1
945,30.0,0.18982430339408538,1,2,473.34,1,0
946,5.4,-0.21053882295884904,24,2,473.34,2,0
947,115.0,9.85859530058609,1,1,473.34,1,0
948,29.45,0.1576796972766982,1,27,473.34,1,0
949,6.2,-0.1370414935899079,1,1,473.34,2,0
950,27.25,0.029101272807149685,2,3,473.34,2,0
951,4.95066,-0.2518204354321491,1,1,473.34,1,1
952,5.11875,-0.23637772781511743,1,6,473.34,1,1
953,30.69,0.2301511728868075,8,1,473.34,1,0
954,0.3,-0.679084297685849,15,1,473.34,1,0
955,5.55,-0.1967580737021726,18,2,473.34,1,0
956,25.263128,-0.08702094145769627,2,2,473.34,1,1
957,32.25,0.3213249647833964,16,19,170.31944444444446,1,1
958,60.0,1.9431664552515657,1,1,473.34,2,0
959,26.95,0.011567851288574838,17,1,473.34,1,0
960,26.95,0.011567851288574838,17,9,3.35,1,0
961,27.3,0.03202350972691219,17,5,473.34,1,0
962,31.0,0.24826904178933473,5,1,1124.0936111111112,1,0
963,4.836,-0.26235444016395254,8,4,473.34,1,1
964,4.503135,-0.2929353008394433,1,1,473.34,1,1
965,26.95,0.011567851288574838,6,9,473.34,1,0
966,5.195,-0.22937251360964023,1,1,473.34,1,0
967,4.710225,-0.2739095984156758,1,1,473.34,1,1
968,27.49,0.04312801002200944,1,10,473.34,1,0
969,44.0,1.0080506409275762,1,2,473.34,1,0
970,5.349,-0.21522427770611904,5,2,473.34,2,0
971,27.3,0.03202350972691219,11,2,1663.7172222222223,1,0
972,27.9,0.06709035276406168,3,6,473.34,1,0
973,5.4,-0.21053882295884904,3,8,2.6108333333333333,2,0
974,26.79,0.002216693145334935,2,9,473.34,1,0
975,26.9,0.008645614368812329,5,1,473.34,1,0
976,28.9,0.12553509115931102,1,1,473.34,1,0
977,4.5942,-0.28456900796571505,1,1,473.34,1,1
978,47.042069,1.1858435678128738,13,1,473.34,1,0
979,26.47125,-0.01641256721815067,2,1,473.34,1,1
980,30.0,0.18982430339408538,2,1,473.34,1,0
981,27.4,0.037867983566437,3,8,473.34,1,0
982,4.998,-0.24747123096674198,1,6,473.34,1,0
983,0.3,-0.679084297685849,5,1,473.34,1,0
984,48.0,1.2418295945085736,2,12,6.152222222222222,2,0
985,27.99,0.07235037921963411,2,3,1661.1505555555555,1,0
986,27.99,0.07235037921963411,9,2,473.34,1,0
987,29.69,0.17170643449155815,1,19,154.26361111111112,1,0
988,28.5,0.10215719580121137,1,1,473.34,1,0
989,28.0,0.07293482660358669,17,1,1561.1922222222222,1,0
990,28.49,0.10157274841725877,17,9,473.34,1,0
991,28.75,0.1167683804000237,1,9,190.87444444444444,2,0
992,29.9,0.18397982955456035,1,5,1798.0013888888889,1,0
993,28.15,0.08170153736287401,2,3,2697.8480555555557,2,0
994,29.69,0.17170643449155815,2,1,473.34,1,0
995,35.5,0.5112703645679568,2,1,473.34,2,0
996,5.3,-0.21972598912996674,1,1,473.34,1,0
997,39.7,0.7567382658280042,9,19,473.34,2,0
998,60.69,1.9834933247442876,1,2,473.34,2,0
999,5.4,-0.21053882295884904,1,1,473.34,1,0
1000,38.0,0.6573822105560801,16,5,473.34,1,0
1001,32.99,0.36457407119588103,1,14,446.215,1,0
1002,29.09,0.13663959145440846,1,9,1654.315,1,0
1003,27.975285,0.07149036489414808,2,1,784.5227777777778,1,1
1004,30.88,0.24125567318190475,1,27,473.34,1,0
1005,28.95,0.12845732807907354,4,2,1659.726111111111,2,0
1006,7.0,-1.1544046796966496,1,19,473.34,1,0
1007,5.046308,-0.24303309473279852,5,8,187.1775,1,1
1008,5.45,-0.20594523987329022,1,1,473.34,1,0
1009,45.0,1.0664953793228256,13,2,473.34,1,0
1010,29.9,0.18397982955456035,1,6,473.34,1,0
1011,29.95,0.18690206647432286,4,33,473.34,1,0
1012,5.0,-1.2712941564871483,16,1,234.59972222222223,1,0
1013,29.99,0.1892398560101328,3,1,2754.6775,1,0
1014,30.97,0.2465156996374772,2,1,473.34,1,0
1015,34.8,0.47035904769128206,13,9,142.17638888888888,1,0
1016,32.5,0.3359361493822087,1,12,473.34,2,0
1017,32.0,0.30671378018458406,1,5,473.34,1,0
1018,5.6,-0.1921644906166138,1,21,473.34,2,0
1019,31.2,0.25995798946838455,6,1,473.34,1,0
1020,40.0,0.7742716873465788,4,3,473.34,2,0
1021,30.99,0.24768459440538215,1,9,1729.8547222222223,1,0
1022,35.0,0.4820479953703321,2,12,473.34,2,0
1023,33.5,0.3943808877774581,2,1,473.34,1,0
1024,5.24,-0.22523828883263727,4,1,1825.2122222222222,1,0
1025,5.395,-0.210998181267405,18,10,473.34,1,0
1026,33.95,0.4206810200553205,3,5,259.79833333333335,1,0
1027,5.4,-0.21053882295884904,8,1,473.34,2,0
1028,31.3,0.2658024633079096,2,19,473.34,2,0
1029,31.15,0.25703575254862204,3,1,1467.9325,1,0
1030,31.75,0.29210259558577173,1,9,118.10972222222222,1,0
1031,30.7125,0.23146617950070045,2,2,473.34,1,1
1032,33.25,0.3797697031786458,1,9,473.34,1,0
1033,30.070268,0.19393109827164268,1,1,473.34,1,1
1034,33.0,0.3651585185798334,2,6,473.34,1,0
1035,36.36,0.5615328395878711,10,1,473.34,1,0
1036,31.99,0.3061293328006315,17,7,473.34,1,0
1037,32.0,0.30671378018458406,17,1,1180.1247222222223,1,0
1038,31.689955,0.28859328126882905,17,56,473.34,1,0
1039,31.5,0.2774914109869594,17,33,2418.7991666666667,1,1
1040,32.00799,0.3071807536443621,4,1,473.34,1,0
1041,5.399,-0.21063069462056025,11,37,314.2813888888889,1,0
1042,9.0,0.12019915920138617,1,1,473.34,1,0
1043,5.85,-0.1691965751888197,1,1,2137.37,1,0
1044,32.0,0.30671378018458406,10,1,473.34,1,0
1045,0.85,-0.628554883744702,2,1,473.34,1,0
1046,32.175,0.31694160940375254,1,1,473.34,1,1
1047,30.55,0.22196890951147255,17,7,473.34,1,0
1048,30.69689,0.2305538571343507,17,33,20.63388888888889,1,1
1049,31.39,0.271062489763482,17,8,1741.29,1,0
1050,31.4,0.2716469371474344,17,2,473.34,1,0
1051,29.5515,0.1636118382238161,1,1,30.26527777777778,1,1
1052,30.2389,0.2037867513967105,1,14,473.34,1,0
1053,33.345,0.3853219533261944,1,1,473.34,1,1
1054,4.90113,-0.25637083883670364,1,1,473.34,1,1
1055,31.87275,0.2992766872237886,1,1,473.34,1,1
1056,5.45,-0.20594523987329022,1,37,473.34,2,0
1057,38.69,0.697709080048802,1,4,473.34,1,0
1058,26.94238,0.01112250238200308,3,1,473.34,1,1
1059,40.0,0.7742716873465788,3,5,169.8411111111111,1,0
1060,5.2,-0.22891315530108433,1,2,473.34,2,0
1061,4.6176,-0.2824192110816735,1,1,473.34,1,1
1062,27.675765,0.05398499685000293,1,1,473.34,1,1
1063,29.949951,0.18689920268214147,2,1,473.34,1,0
1064,33.85,0.41483654621579547,1,3,473.34,1,0
1065,32.49,0.33535170199825637,1,9,2938.33,1,0
1066,29.94,0.1863176190903705,2,9,791.4619444444445,1,0
1067,36.0,0.5404927337655815,1,1,473.34,1,0
1068,4.877535,-0.2585385506947789,1,1,2210.608333333333,1,1
1069,7.0,-0.06354416422096673,1,1,473.34,2,0
1070,5.198,-0.2290968986245067,1,4,1264.5991666666666,1,0
1071,4.867297,-0.25947913276737794,1,1,1764.431388888889,1,1
1072,30.0,0.18982430339408538,2,1,473.34,2,0
1073,5.3,-0.21972598912996674,2,1,473.34,1,0
1074,4.909905,-0.2555646650051881,1,1,473.34,1,1
1075,30.99,0.24768459440538215,2,14,473.34,1,0
1076,26.93457,0.010666048975136228,6,3,977.2077777777778,1,1
1077,4.92492,-0.25418521200459476,3,2,1934.2244444444445,1,1
1078,28.89,0.12495064377535864,2,1,567.115,1,0
1079,30.0,0.18982430339408538,33,1,473.34,1,0
1080,31.2,0.25995798946838455,2,7,1488.4427777777778,2,0
1081,37.99,0.6567977631721278,3,1,173.67833333333334,1,0
1082,5.41,-0.20962010634173728,1,1,644.1119444444445,1,0
1083,5.148,-0.23369048171006557,3,4,473.34,1,0
1084,5.197,-0.2291887702862179,3,1,473.34,1,0
1085,29.69,0.17170643449155815,1,9,526.7055555555555,1,0
1086,5.42,-0.20870138972462554,8,1,473.34,1,0
1087,5.59,-0.19308320723372555,1,4,473.34,1,0
1088,35.0,0.4820479953703321,9,8,90.53722222222223,2,0
1089,6.6,-0.10029282890543735,2,4,2013.2797222222223,2,0
1090,6.3,-0.12785432741879027,24,4,1938.6783333333333,2,0
1091,39.0,0.7158269489513295,13,12,473.34,2,0
1092,14.69,0.6429489143379802,1,1,473.34,1,0
1093,31.73,0.2909337008178668,1,5,473.34,1,0
1094,32.99,0.36457407119588103,1,19,473.34,1,0
1095,5.699,-0.18306919610720732,1,37,1352.0113888888889,1,0
1096,5.9,-0.16460299210326082,3,4,473.34,2,0
1097,5.508847,-0.20053886819657263,2,1,473.34,1,1
1098,5.898,-0.16478673542668323,2,4,473.34,1,0
1099,7.499,-0.017700205027089716,2,37,9.779166666666667,1,0
1100,38.0,0.6573822105560801,1,5,473.34,1,0
1101,5.85,-0.1691965751888197,1,17,473.34,2,0
1102,5.79,-0.17470887489149026,1,10,473.34,2,0
1103,5.898,-0.16478673542668323,1,4,473.34,1,0
1104,6.35,-0.12326074433323146,1,1,2111.759722222222,1,0
1105,29.34945,0.15180307883105598,2,1,473.34,1,1
1106,6.9,-0.07273133039208435,1,1,473.34,1,0
1107,0.35,-0.6744907146002902,1,2,473.34,1,0
1108,32.59,0.3411961758377814,2,9,460.2916666666667,1,0
1109,6.25,-0.1324479105043491,1,1,473.34,1,0
1110,31.0,0.24826904178933473,2,2,1780.066388888889,1,0
1111,31.0,0.24826904178933473,5,1,473.34,1,0
1112,31.99,0.3061293328006315,11,1,473.34,1,0
1113,3.1,-0.42184364489455495,2,1,473.34,1,0
1114,31.777,0.2936806035224435,1,3,1941.223888888889,1,0
1115,33.75,0.40899207237627044,3,27,473.34,2,0
1116,32.0,0.30671378018458406,2,1,473.34,1,0
1117,32.0,0.30671378018458406,5,3,473.34,1,0
1118,32.25,0.3213249647833964,1,17,473.34,1,0
1119,32.5,0.3359361493822087,2,1,473.34,1,0
1120,6.5,-0.10947999507655497,1,5,473.34,1,0
1121,6.5,-0.10947999507655497,1,2,473.34,1,0
1122,2.5,-1.4174060024752717,1,19,279.3208333333333,1,0
1123,6.95,-0.06813774730652554,1,37,398.47027777777777,2,0
1124,34.0,0.4236032569750828,5,3,473.34,2,0
1125,0.69,-1.5231909789706728,1,33,139.16972222222222,1,0
1126,32.724,0.3490277707827444,9,7,473.34,2,0
1127,35.99,0.539908286381629,1,10,1263.8736111111111,1,0
1128,5.7525,-0.17815406220565932,1,1,473.34,1,1
1129,29.35994,0.15241616413682219,1,1,473.34,1,1
1130,32.6,0.34178062322173375,9,27,356.9013888888889,1,0
1131,37.99,0.6567977631721278,1,1,2531.9569444444446,1,0
1132,6.8,-0.08191849656320205,5,17,473.34,2,0
1133,33.74,0.40840762499231803,1,33,473.34,1,0
1134,6.3,-0.12785432741879027,24,10,473.34,2,0
1135,9.75,0.18910290548476852,1,3,473.34,1,1
1136,0.35,-0.6744907146002902,1,1,2698.5380555555557,1,0
1137,32.33,0.32600054385501626,1,1,3080.2463888888888,1,0
1138,37.0,0.5989374721608308,1,24,2039.9883333333332,1,0
1139,35.0,0.4820479953703321,8,1,473.34,1,0
1140,55.0,1.650942763275319,1,1,473.34,2,0
1141,42.0,0.8911611641370775,3,9,473.34,2,0
1142,41.77,0.8777188743061703,3,14,560.4669444444445,1,0
1143,30.56,0.22255335689542494,1,9,473.34,1,0
1144,6.3,-0.12785432741879027,6,21,10.339166666666667,2,0
1145,31.8,0.29502483250553424,2,3,473.34,2,0
1146,31.5,0.2774914109869594,16,2,473.34,2,0
1147,38.69,0.697709080048802,1,3,473.34,1,0
1148,33.0,0.3651585185798334,33,3,473.34,2,0
1149,1.369,-1.4835070016002987,9,1,473.34,1,0
1150,32.69,0.34704064967730597,4,19,1424.0977777777778,2,0
1151,6.25,-0.1324479105043491,11,1,473.34,1,0
1152,6.095,-0.14668801806958146,1,1,473.34,1,0
1153,55.0,1.650942763275319,1,1,473.34,2,0
1154,40.0,0.7742716873465788,3,8,426.9533333333333,1,0
1155,56.0,1.7093875016705684,3,1,473.34,1,0
1156,31.75,0.29210259558577173,3,27,473.34,1,0
1157,31.788,0.2943234956447912,1,2,473.34,1,0
1158,32.0,0.30671378018458406,1,3,473.34,1,0
1159,37.0,0.5989374721608308,1,1,473.34,1,0
1160,37.5,0.6281598413584555,1,7,287.3383333333333,2,0
1161,2.7,-1.4057170547962219,1,6,55.76222222222222,1,0
1162,8.5,0.07426332834579795,6,3,473.34,2,0
1163,6.4459,-0.11445025197512962,1,37,37.645833333333336,1,0
1164,32.48,0.33476725461430357,4,7,473.34,1,0
1165,0.65,-1.525528768506483,4,6,473.34,1,0
1166,8.4,0.06507616217468033,6,3,2673.633888888889,2,0
1167,6.5,-0.10947999507655497,1,1,473.34,1,0
1168,8.8,0.10182482685915095,2,1,473.34,1,0
1169,43.0,0.9496059025323269,16,12,473.34,1,1
1170,31.9,0.30086930634505904,2,1,473.34,1,0
1171,6.4298,-0.11592938572867954,2,56,473.34,1,0
1172,6.2,-0.1370414935899079,1,1,473.34,2,0
1173,33.69,0.40548538807255535,1,9,473.34,1,0
1174,30.14,0.19800656676942033,1,14,723.0805555555555,1,0
1175,33.76,0.4095765197602228,1,14,971.9588888888889,1,0
1176,5.859847,-0.1682919149359497,1,1,3145.4313888888887,1,1
1177,32.3,0.3242472017031587,5,7,595.0602777777777,2,0
1178,33.5,0.3943808877774581,5,9,338.9763888888889,2,0
1179,5.879055,-0.16652724405780142,1,1,473.34,1,1
1180,9.8,0.1936964885703274,2,1,473.34,1,0
1181,30.098,0.19555188775681975,1,33,2115.9319444444445,1,0
1182,5.2487,-0.22443900537575004,1,56,473.34,1,0
1183,6.25,-0.1324479105043491,1,1,3103.7205555555556,1,0
1184,69.0,2.4691691008088097,3,2,473.34,2,0
1185,34.125,0.4309088492744889,1,1,473.34,1,1
1186,30.0,2.049504055136092,5,9,473.34,2,0
1187,34.0,0.4236032569750828,1,1,473.34,1,0
1188,28.28826,0.08978210689340133,1,1,473.34,1,1
1189,31.7,0.2891803586660092,1,3,473.34,1,0
1190,32.8,0.3534695709007834,2,2,473.34,1,0
1191,29.8984,0.183886317973128,17,33,473.34,1,1
1192,29.8985,0.1838921624469675,17,9,473.34,1,0
1193,31.98,0.3055448854166791,1,14,473.34,1,0
1194,29.989,0.18918141127173768,1,56,473.34,1,0
1195,30.694,0.23038495184038837,8,2,553.8436111111112,1,0
1196,28.665,0.11180057763642745,1,2,473.34,1,1
1197,6.0,-0.1554158259321432,2,1,473.34,1,0
1198,31.0,0.24826904178933473,3,9,473.34,2,0
1199,5.98,-0.15725325916636668,1,1,473.34,2,0
1200,6.15,-0.14163507667546668,5,1,473.34,2,0
1201,40.69,0.8145985568393007,4,1,473.34,1,0
1202,6.0789,-0.14816715182313137,1,14,473.34,1,0
1203,33.2,0.37684746625888343,1,24,134.1327777777778,1,0
1204,6.0188,-0.1536886386919731,1,1,786.5,1,0
1205,6.5,-0.10947999507655497,1,1,2069.926388888889,1,0
1206,5.88,-0.16644042533748438,1,1,473.34,1,0
1207,35.5,0.5112703645679568,1,1,473.34,2,0
1208,42.0,0.8911611641370775,16,12,473.34,1,1
1209,0.9,-1.5109175839076707,4,27,1544.0605555555555,1,0
1210,5.98,-0.15725325916636668,1,1,1395.7975,1,0
1211,33.0,0.3651585185798334,1,8,473.34,1,0
1212,37.69,0.6392643416535527,1,5,106.35916666666667,1,0
1213,29.0,0.13137956499883605,5,1,473.34,2,0
1214,1.85,-1.4553950824321835,2,6,473.34,1,0
1215,41.0,0.8327164257418281,33,1,682.4022222222222,2,0
1216,33.0,0.3651585185798334,1,1,473.34,1,0
1217,5.578267,-0.19416113744058275,1,1,473.34,1,1
1218,8.0,0.02832749749020972,1,7,277.3644444444444,1,0
1219,5.579632,-0.194035732622347,1,1,473.34,1,1
1220,46.0,1.124940117718075,8,1,2053.0108333333333,2,0
1221,0.25,-1.5489066638645825,3,27,473.34,1,0
1222,6.0956,-0.14663289507255473,2,2,473.34,1,0
1223,38.5,0.6866045797537048,1,3,473.34,1,0
1224,27.495,0.04342023371398583,1,1,473.34,1,1
1225,0.1,-0.6974586300280843,2,1,473.34,1,0
1226,27.999956,0.07293225503509736,1,56,819.7475,2,0
1227,29.338,0.15113388657643037,7,7,473.34,1,0
1228,7.99,0.027408780873097973,2,1,1599.2688888888888,1,0
1229,32.75,0.35054733398102106,3,4,1368.9225,2,0
1230,28.5,0.10215719580121137,4,2,473.34,1,0
1231,5.322038,-0.2177013214491758,1,1,473.34,1,1
1232,5.7914,-0.17458025456509457,1,14,38.68416666666667,1,0
1233,25.223835,-0.08931741056346064,1,1,473.34,1,1
1234,26.5,-0.014732280989287326,2,2,473.34,1,0
1235,6.15,-0.14163507667546668,1,2,473.34,1,0
1236,5.45,-0.20594523987329022,1,1,473.34,1,0
1237,44.0,1.0080506409275762,3,7,351.9538888888889,2,0
1238,4.959295,-0.25102712363327306,1,1,473.34,1,1
1239,26.89,0.008061166984859952,1,9,473.34,1,0
1240,55.55,1.683087369392706,2,1,473.34,1,0
1241,28.0,0.07293482660358669,8,2,473.34,1,0
1242,5.13435,-0.23494452989242307,1,2,1227.1719444444445,1,1
1243,5.5,-0.20135165678773143,8,5,473.34,2,0
1244,27.5,0.04371245740596202,3,2,473.34,1,0
1245,5.575,-0.19446128215939318,2,1,473.34,1,0
1246,30.69,0.2301511728868075,1,3,473.34,2,0
1247,30.0,0.18982430339408538,1,6,473.34,1,0
1248,30.33,0.20911106706451757,1,1,473.34,2,0
1249,32.0,0.30671378018458406,13,27,473.34,1,0
1250,5.699,-0.18306919610720732,1,2,773.4691666666666,1,0
1251,45.0,1.0664953793228256,1,2,473.34,2,0
1252,29.29,0.1483285391334583,3,1,473.34,1,0
1253,5.54814,-0.19692895499295537,6,5,473.34,1,1
1254,6.25092,-0.1323633885755748,6,5,473.34,1,1
1255,5.54814,-0.19692895499295537,6,5,473.34,1,1
1256,5.50875,-0.20054777974775861,6,5,473.34,1,1
1257,5.699,-0.18306919610720732,2,1,473.34,1,0
1258,5.699,-0.18306919610720732,2,2,473.34,1,0
1259,5.0,-1.2712941564871483,6,2,1187.8466666666666,1,0
1260,6.0,-0.1554158259321432,2,1,473.34,1,0
1261,30.69,0.2301511728868075,2,1,473.34,1,0
1262,30.0,0.18982430339408538,1,1,473.34,1,0
1263,29.36,0.15241967082112576,17,9,473.34,1,0
1264,28.32219,0.09176513686715203,6,5,7.751944444444445,1,1
1265,5.849708,-0.16922340171403935,1,1,473.34,1,1
1266,29.5,0.1606019341964607,1,1,473.34,1,0
1267,7.1,-0.05435699804984913,1,4,473.34,2,0
1268,8.0,0.02832749749020972,8,2,314.3588888888889,2,0
1269,35.0,0.4820479953703321,33,1,445.93638888888887,2,0
1270,6.5,-0.10947999507655497,1,1,473.34,1,0
1271,6.42,-0.11682972801344908,2,1,473.34,1,0
1272,6.6666,-0.09417417623547299,2,2,473.34,1,0
1273,6.6666,-0.09417417623547299,1,1,473.34,1,0
1274,6.7,-0.09110566273431966,5,1,473.34,1,0
1275,37.0,0.5989374721608308,13,1,473.34,2,0
1276,32.25,0.3213249647833964,2,5,473.34,2,0
1277,23.1,-0.21344439153313502,16,5,616.245,1,0
1278,23.0,1.4064024231578565,1,5,332.7991666666667,1,0
1279,6.65,-0.09569924581987846,5,10,430.76444444444445,1,0
1280,6.5,-1.1836270488942742,5,24,18.33972222222222,1,0
1281,49.0,1.3002743329038229,1,1,473.34,2,0
1282,30.7,0.2307356202707599,1,24,473.34,2,0
1283,6.08244,-0.1478419261406738,2,2,473.34,1,1
1284,29.39625,0.15453829258795349,3,2,1430.566111111111,1,1
1285,40.0,0.7742716873465788,16,12,14.774722222222222,1,1
1286,3.55,-1.3560390271602598,1,2,473.34,1,0
1287,6.398,-0.118850904571095,1,1,473.34,1,0
1288,29.445,0.15738747358472202,1,1,473.34,1,1
1289,30.5,0.21904667259171007,2,33,473.34,1,0
1290,47.0,1.1833848561133242,13,4,473.34,2,0
1291,7.5,-0.01760833336537851,1,1,473.34,2,0
1292,30.8,0.2365800941102849,3,1,473.34,2,0
1293,30.88,0.24125567318190475,7,24,473.34,1,0
1294,6.3,-0.12785432741879027,1,1,473.34,1,0
1295,7.8,0.00995316514797441,1,1,1603.4919444444445,1,0
1296,32.5,0.3359361493822087,5,17,116.5838888888889,2,0
1297,28.16085,0.08233566277446254,2,1,1098.4194444444445,1,1
1298,6.25,-0.1324479105043491,18,1,473.34,1,0
1299,7.0,-0.06354416422096673,1,3,473.34,2,0
1300,8.2499,0.05128622575183274,2,1,473.34,2,0
1301,29.99,0.1892398560101328,1,9,473.34,1,0
1302,30.25,0.2044354879928977,5,9,473.34,2,0
1303,28.7625,0.11749893962996427,1,1,473.34,1,1
1304,0.5,-1.5342954792657704,4,17,473.34,1,0
1305,30.3,0.20735772491266022,33,1,473.34,2,0
1306,138.0,6.501856050081015,2,2,473.34,2,0
1307,140.0,6.618745526871513,2,5,473.34,2,0
1308,42.0,3.1519639956702092,1,1,473.34,2,0
1309,26.63895,-0.006611384589267357,2,1,519.2816666666666,1,1
1310,27.39282,0.03744835034475922,1,1,473.34,1,1
1311,29.8,0.17813535571503555,1,56,1.1088888888888888,2,0
1312,5.8,-0.1737901582743785,6,1,473.34,2,0
1313,6.4,-0.11866716124767258,24,17,1.7202777777777778,2,1
1314,5.712817,-0.18179980535734397,1,1,473.34,1,1
1315,5.708527,-0.18219393478608492,1,1,473.34,1,1
1316,28.226737,0.08618641125311034,1,1,473.34,1,1
1317,28.08,0.07761040567520654,1,1,473.34,1,1
1318,5.88,-0.16644042533748438,2,5,473.34,1,0
1319,5.88,-0.16644042533748438,2,2,473.34,1,0
1320,5.88,-0.16644042533748438,8,2,473.34,1,0
1321,5.731635,-0.18007096442726309,1,1,473.34,1,1
1322,5.801933,-0.17361257035229077,1,1,473.34,1,1
1323,10.69,0.27546226749327435,1,1,473.34,1,0
1324,0.5,-1.5342954792657704,4,10,2071.66,1,0
1325,30.66,0.22839783073494996,1,27,411.48583333333335,1,0
1326,6.2,-0.1370414935899079,1,6,473.34,1,0
1327,31.5,0.2774914109869594,1,27,138.58833333333334,1,0
1328,35.0,0.4820479953703321,3,1,473.34,1,0
1329,6.7,-0.09110566273431966,1,1,473.34,1,0
1330,6.69,-0.0920243793514314,4,1,542.0358333333334,1,0
1331,6.68,-0.09294309596854324,4,2,473.34,1,0
1332,6.95,-0.06813774730652554,1,10,473.34,2,0
1333,32.41,0.3306761229266361,1,33,473.34,1,0
1334,6.85,-0.07732491347764324,1,1,473.34,1,0
1335,39.0,0.7158269489513295,1,6,2376.7491666666665,1,0
1336,32.5,0.3359361493822087,1,1,473.34,1,0
1337,6.308738,-0.127051552838758,1,1,473.34,1,1
1338,31.42,0.27281583191533954,33,1,473.34,1,0
1339,32.25,0.3213249647833964,13,2,473.34,2,0
1340,40.0,2.968220672247856,13,1,473.34,2,0
1341,30.36,0.21086440921637511,2,9,383.68305555555554,1,0
1342,6.66,-0.09478052920276672,2,1,473.34,1,0
1343,72.0,5.908113847005503,13,5,473.34,2,0
1344,31.189,0.25931509734603686,1,4,784.4825,1,0
1345,6.098235,-0.1463908132439458,1,1,473.34,1,1
1346,7.5,-0.01760833336537851,1,4,473.34,2,0
1347,6.56,-0.10396769537388441,4,2,473.34,1,0
1348,7.25,-0.04057624879317263,3,4,473.34,2,0
1349,6.251408,-0.13231855520465977,2,2,473.34,1,1
1350,6.55,-0.10488641199099616,1,2,473.34,1,0
1351,48.69,3.7665854125179794,13,1,473.34,2,0
1352,6.52,-0.10764256184233148,6,1,473.34,1,0
1353,30.296,0.20712394595907915,1,4,473.34,1,0
1354,30.4399,0.21553414381415567,17,33,473.34,1,1
1355,35.0,0.4820479953703321,3,12,473.34,1,0
1356,7.0,-1.1544046796966496,1,24,2975.7013888888887,1,0
1357,6.969,-0.06639218573401318,1,3,473.34,2,0
1358,30.0,0.18982430339408538,7,4,473.34,1,0
1359,30.1,0.1956687772336104,7,27,473.34,1,0
1360,6.75,-0.08651207964876086,5,1,697.8672222222223,2,0
1361,35.69,0.5223748648630541,4,2,473.34,1,0
1362,0.175,-0.6905682553997461,1,3,473.34,1,0
1363,28.626,0.10952123283901286,1,1,2764.445277777778,1,1
1364,28.7625,0.11749893962996427,1,1,473.34,1,1
1365,28.5675,0.10610221564289064,2,2,858.9858333333333,1,1
1366,5.950717,-0.1599435370362551,1,1,473.34,1,1
1367,7.5,-0.01760833336537851,1,1,473.34,1,0
1368,29.5,0.1606019341964607,33,1,473.34,2,0
1369,30.0,0.18982430339408538,2,24,4.349722222222222,2,0
1370,27.3543,0.035197059021774106,2,2,473.34,1,1
1371,28.073955,0.07725710723160745,2,2,473.34,1,1
1372,3.0,-1.388183633277647,13,10,565.35,1,0
1373,27.982012,0.07188352264933301,1,1,473.34,1,1
1374,0.5,-1.5342954792657704,1,12,10.122777777777777,1,0
1375,6.6648,-0.09433954522655312,1,14,192.10111111111112,1,0
1376,8.5,0.07426332834579795,1,1,749.0602777777777,1,0
1377,0.222,-1.5505431165396495,13,1,473.34,1,0
1378,8.85,0.10641840994470968,1,2,546.5261111111112,2,0
1379,6.76,-0.0855933630316491,1,2,473.34,1,0
1380,26.11835,-0.037037715397834264,6,3,1695.1241666666667,1,1
1381,26.66625,-0.005015843231077031,6,3,1184.8955555555556,1,1
1382,29.0,0.13137956499883605,1,1,473.34,1,0
1383,32.0,0.30671378018458406,1,1,473.34,1,0
1384,26.66586,-0.0050386366790513525,1,1,473.34,1,1
1385,29.05,0.13430180191859856,3,5,473.34,1,0
1386,26.237738,-0.030060114970302195,1,1,473.34,1,1
1387,31.110236,0.2547117559710735,1,5,473.34,1,0
1388,6.435,-0.11545165308778148,5,3,473.34,1,1
1389,5.764297,-0.17707025221245262,1,1,473.34,1,1
1390,35.0,0.4820479953703321,1,1,473.34,2,0
1391,28.4588,0.0997492725793271,1,56,1127.7908333333332,1,0
1392,37.0,0.5989374721608308,1,5,1.9005555555555556,2,0
1393,28.48,0.1009883010333064,1,3,473.34,1,0
1394,25.421565,-0.077761132440568,2,2,473.34,1,1
1395,24.375,-0.13892735007919219,2,2,473.34,1,1
1396,5.97995,-0.1572578527494523,2,1,473.34,1,1
1397,18.525,0.9952767370003418,2,1,473.34,1,1
1398,27.089,0.01969166992551446,8,1,473.34,1,0
1399,29.0,0.13137956499883605,33,1,473.34,1,0
1400,25.251233,-0.08771614162090771,6,3,1780.6097222222222,1,1
1401,27.0,0.014490088208337347,1,1,473.34,1,0
1402,27.99,0.07235037921963411,1,17,473.34,1,0
1403,25.35,-0.08194373014382399,1,1,473.34,1,1
1404,29.99,0.1892398560101328,1,1,473.34,1,0
1405,27.4979,0.043589723455332074,2,1,473.34,1,0
1406,5.0,-1.2712941564871483,3,24,33.63444444444445,1,0
1407,27.88,0.06592145799615672,1,24,2839.1180555555557,1,0
1408,5.427532,-0.20800941236861695,1,1,473.34,1,1
1409,25.229392,-0.08899263315219827,1,1,473.34,1,1
1410,27.888,0.06638901590331886,1,2,170.4361111111111,1,0
1411,5.0,-0.24728748764331965,1,7,473.34,1,0
1412,28.0,0.07293482660358669,1,17,497.66833333333335,1,0
1413,28.85,0.12261285423954872,2,1,473.34,1,0
1414,25.7,-0.06148807170548684,15,17,473.34,2,0
1415,30.0,0.18982430339408538,1,1,473.34,2,0
1416,30.0,0.18982430339408538,1,1,0.0875,2,0
1417,11.5,0.3498783134793273,4,1,473.34,2,0
1418,9.69,0.18359060578209788,7,4,601.1722222222222,2,0
1419,6.31825,-0.1261776695925613,6,21,473.34,1,1
1420,30.0,0.18982430339408538,2,1,473.34,2,0
1421,27.33,0.03377685187876953,3,1,473.34,1,0
1422,5.8,-0.1737901582743785,2,1,473.34,1,0
1423,5.898,-0.16478673542668323,1,6,473.34,1,0
1424,25.686375,-0.06228438126612197,1,1,473.34,1,1
1425,25.643475,-0.06479166054327835,1,1,473.34,1,1
1426,5.878665,-0.1665630740058688,2,1,3602.6369444444445,1,1
1427,27.3,0.03202350972691219,1,3,1509.2483333333332,1,0
1428,25.098352,-0.09665123167151186,1,1,472.4888888888889,1,1
1429,6.5,-0.10947999507655497,3,1,473.34,1,0
1430,12.88,0.4766612066407509,3,3,473.34,1,0
1431,30.0,0.18982430339408538,1,1,473.34,1,0
1432,5.179395,-0.23080617089064312,1,1,473.34,1,1
1433,6.825,-0.0796217050204226,1,2,473.34,1,1
1434,7.0,-0.06354416422096673,7,1,473.34,2,0
1435,8.04,0.0320023639586567,3,1,0.27944444444444444,1,0
1436,28.39,0.09572827457773397,1,9,473.34,1,0
1437,5.21781,-0.2272769210060083,2,2,473.34,1,1
1438,5.213715,-0.2276531354607156,2,2,473.34,1,1
1439,34.69,0.4639301264678047,3,2,4141.355555555556,1,0
1440,11.282,0.32985029122629084,3,2,473.34,1,0
1441,26.05,-0.04103241326714949,1,7,473.34,2,0
1442,26.5,-0.014732280989287326,13,14,473.34,1,0
1443,5.368642,-0.2134197345267881,1,1,473.34,1,1
1444,25.6425,-0.06484864416321375,1,1,473.34,1,1
1445,5.316382,-0.21822094756781424,1,1,3417.9972222222223,1,1
1446,29.98125,0.1887284645491744,4,3,2379.795833333333,1,1
1447,26.79,0.002216693145334935,1,3,473.34,1,0
1448,5.682105,-0.18462136783181765,2,2,473.34,1,1
1449,27.11375,0.021138177200796936,2,2,473.34,1,1
1450,25.847738,-0.05285356294444948,1,2,473.34,1,1
1451,7.75,0.005359582062415605,3,1,4.073888888888889,1,0
1452,27.37,0.036114641414579665,1,1,473.34,1,0
1453,5.536732,-0.19797702690975652,1,1,2764.5988888888887,1,1
1454,6.599,-0.10038470056714847,3,56,86.72305555555556,1,0
1455,34.125,0.4309088492744889,1,1,473.34,1,1
1456,28.0,0.07293482660358669,1,1,473.34,1,0
1457,26.324707,-0.024977234516805766,2,2,473.34,1,1
1458,5.84,-0.17011529180593143,8,1,473.34,1,0
1459,6.9,-0.07273133039208435,2,21,473.34,2,0
1460,6.0,-0.1554158259321432,1,1,473.34,1,0
1461,40.0,0.7742716873465788,1,1,473.34,1,0
1462,5.418075,-0.20887824267341956,1,1,473.34,1,1
1463,8.69,0.09171894407092143,1,3,473.34,2,0
1464,5.6999,-0.1829865116116672,5,1,473.34,1,0
1465,5.712232,-0.181853550279445,1,1,473.34,1,1
1466,25.540418,-0.07081479994807754,3,3,473.34,1,1
1467,5.516355,-0.19984909576044513,1,1,473.34,1,1
1468,6.249,-0.1325397821660603,1,56,115.50583333333333,1,0
1469,2.5,-1.4174060024752717,1,1,1906.6486111111112,1,0
1470,3.0,-1.388183633277647,8,1,473.34,1,0
1471,28.0,0.07293482660358669,1,1,473.34,1,0
1472,40.0,0.7742716873465788,33,4,876.4269444444444,2,0
1473,5.6316,-0.18926134610654063,1,1,473.34,1,1
1474,8.0,0.02832749749020972,2,1,473.34,1,0
1475,29.48,0.15943303942855575,1,24,600.0369444444444,1,0
1476,25.361798,-0.0812541991202369,2,1,3351.4483333333333,1,1
1477,25.372425,-0.08063310688531061,2,2,473.34,1,1
1478,6.5,-0.10947999507655497,1,17,473.34,2,0
1479,25.370378,-0.08075274326480575,2,2,473.34,1,1
1480,27.0,0.014490088208337347,2,3,3056.130277777778,2,1
1481,30.5,0.21904667259171007,2,3,473.34,2,1
1482,30.5,0.21904667259171007,2,3,0.09444444444444444,2,1
1483,27.0,0.014490088208337347,2,3,0.17527777777777778,2,1
1484,28.5,0.10215719580121137,33,3,6.51,2,0
1485,29.2,0.14306851267788587,1,1,3217.0730555555556,1,0
1486,0.1,-0.6974586300280843,1,17,473.34,1,0
1487,27.6688,0.053577929247080165,2,56,473.34,1,0
1488,30.0,0.18982430339408538,1,24,10.60388888888889,2,0
1489,7.026608,-0.06109964304615572,1,5,473.34,1,0
1490,5.699655,-0.1830090201687865,1,1,473.34,1,1
1491,25.325625,-0.08336832064220835,1,1,473.34,1,1
1492,25.75,1.6590494928635917,1,1,473.34,1,0
1493,26.95,0.011567851288574838,4,1,473.34,2,0
1494,6.149,-0.1417269483371779,1,14,260.765,1,0
1495,25.49625,-0.07339618715351887,3,3,1162.1244444444444,1,1
1496,25.47675,-0.07453585955222627,1,1,473.34,1,1
1497,1.0,-1.5050731100681456,2,1,852.2344444444444,2,0
1498,0.1,-0.6974586300280843,6,2,36.010555555555555,1,0
1499,6.19,-0.13796021020701962,8,4,473.34,1,0
1500,27.25,0.029101272807149685,1,1,8.41388888888889,1,0
1501,32.0,0.30671378018458406,6,1,473.34,1,0
1502,6.00717,-0.15475710611767401,1,1,473.34,1,1
1503,25.701,-0.06142962696709152,2,1,653.9791666666666,1,1
1504,25.701,-0.06142962696709152,1,1,473.34,1,1
1505,6.459,-0.11324673320671323,1,37,473.34,1,0
1506,25.791675,-0.056130150313102235,3,3,2930.5061111111113,1,1
1507,25.79265,-0.05607316669316705,1,1,473.34,1,1
1508,6.063233,-0.14960650514716034,1,1,473.34,1,1
1509,8.25,0.05129541291800383,3,5,2112.863611111111,2,0
1510,25.987163,-0.04470490529369188,1,1,473.34,1,1
1511,7.0,-0.06354416422096673,1,5,473.34,2,0
1512,25.783875,-0.05658601927258536,1,1,473.34,1,1
1513,25.84725,-0.0528820839767864,1,1,473.34,1,1
1514,8.6,0.08345049451691557,5,1,3998.1841666666664,2,0
1515,8.25,0.05129541291800383,3,5,473.34,2,0
1516,1.0,-1.5050731100681456,2,2,65.98333333333333,2,0
1517,26.030648,-0.04216343584457444,4,3,218.42583333333334,1,1
1518,25.89015,-0.05037480469963023,2,1,473.34,1,1
1519,9.7448,0.18862517284387037,2,5,278.02805555555557,1,0
1520,25.945238,-0.047155200950912655,1,1,473.34,1,1
1521,6.7,-0.09110566273431966,2,4,473.34,1,0
1522,5.984258,-0.15686206963080057,1,1,473.34,1,1
1523,25.872893,-0.051383385550116886,1,1,473.34,1,1
1524,55.575,1.6845484878525876,2,3,1905.2227777777778,1,1
1525,10.0,0.21207082091256263,2,1,473.34,2,0
1526,25.47675,-0.07453585955222627,1,1,473.34,1,1
1527,6.069,-0.14907668127407203,1,1,473.34,1,0
1528,6.38,-0.12050459448189615,1,1,473.34,1,0
1529,6.4,-0.11866716124767258,1,3,473.34,1,0
1530,6.45,-0.11407357816211378,1,2,433.4822222222222,1,0
1531,6.68,-0.09294309596854324,2,2,3969.59,1,0
1532,6.66,-0.09478052920276672,1,1,473.34,1,0
1533,7.2,-0.04516983187873143,1,1,2123.1652777777776,2,0
1534,6.77,-0.08467464641453737,1,1,473.34,1,0
1535,6.77,-0.08467464641453737,1,1,473.34,1,0
1536,6.9696,-0.06633706273698652,4,2,473.34,1,0
1537,6.955,-0.06767838899796967,4,1,473.34,1,0
1538,6.98,-0.06538159745519023,4,1,473.34,1,0
1539,6.9,-0.07273133039208435,4,2,1473.1372222222221,1,0
1540,7.0,-0.06354416422096673,1,2,473.34,1,0
1541,7.0,-0.06354416422096673,1,1,473.34,1,0
1542,8.555,0.07931626973991263,2,1,473.34,1,0
1543,7.25,-0.04057624879317263,1,1,473.34,1,0
1544,26.99,1.7729703533854504,3,1,484.1111111111111,1,0
1545,7.7,0.000765998976856798,2,1,473.34,1,0
1546,7.75,0.005359582062415605,2,1,473.34,1,0
1547,7.75,0.005359582062415605,1,1,473.34,1,0
1548,7.6289,-0.005766076170807884,1,2,473.34,1,0
1549,7.9,0.019140331319092107,2,1,518.1605555555556,1,0
1550,7.95,0.023733914404650912,2,1,473.34,1,0
1551,10.0,0.21207082091256263,6,2,473.34,2,0
1552,10.55,0.26260023485370976,6,1,473.34,1,0
1553,10.0,0.21207082091256263,6,1,473.34,1,0
1554,8.25,0.05129541291800383,6,1,473.34,2,0
1555,8.0,0.02832749749020972,1,1,473.34,1,0
1556,8.88,0.10917455979604507,1,4,473.34,1,0
1557,8.4,0.06507616217468033,1,2,473.34,1,0
1558,26.3,-0.026421228668337154,13,3,473.34,1,0
1559,8.2498,0.05127703858566164,3,56,473.34,1,0
1560,8.33,0.058645145854897954,3,1,473.34,1,0
1561,8.59,0.08253177789980382,3,4,473.34,1,0
1562,0.1,-0.6974586300280843,2,1,473.34,2,0
1563,0.1,-0.6974586300280843,2,2,0.07083333333333333,2,0
1564,16.0,0.7633007911796214,3,2,473.34,2,0
1565,27.5,0.04371245740596202,1,23,148.30138888888888,2,0
1566,7.5,-0.01760833336537851,1,10,473.34,2,0
1567,27.2299,0.02792653356540521,7,33,473.34,1,0
1568,27.23,0.027932378039244723,7,9,54.96888888888889,1,0
1569,27.25,0.029101272807149685,7,3,88.94777777777777,1,0
1570,26.25,-0.029343465588099662,2,1,141.81333333333333,1,0
1571,26.249999,-0.029343524032838117,2,14,81.85444444444444,1,0
1572,9.25,0.1431670746291803,1,2,473.34,1,0
1573,6.936637,-0.069365428321972,1,1,473.34,1,1
1574,19.0,1.0389157763131507,1,5,473.34,2,0
1575,42.69,0.9314880336297995,2,1,473.34,1,0
1576,8.08,0.03567723042710384,1,1,71.03055555555555,1,0
1577,25.8,-0.055643597865961826,1,27,121.19305555555556,1,0
1578,7.898999,0.019048367785719174,1,14,473.34,1,0
1579,18.0,0.9470441146019742,6,7,473.34,2,0
1580,24.98,-0.1035682833500663,1,14,1058.0869444444445,1,0
1581,0.15,-1.5547511377041077,1,2,473.34,1,0
1582,23.98999,-0.1614291588087472,1,33,473.34,1,0
1583,20.90988,-0.34144538198733854,2,2,473.34,1,1
1584,21.479835,-0.3081345111152742,2,2,473.34,1,1
1585,22.59,-0.24325120811471226,1,1,473.34,1,0
1586,25.1,-0.09655491474263632,10,7,473.34,1,0
1587,23.99,-0.16142857436136326,10,9,473.34,1,0
1588,6.428175,-0.11607867717896017,1,1,473.34,1,1
1589,21.655725,-0.29785466607893385,2,2,1625.3952777777777,1,1
1590,8.29,0.05497027938645081,1,2,473.34,1,0
1591,10.5,0.25800665176815085,1,5,443.12305555555554,2,0
1592,24.42,-0.13629733685140585,14,2,3422.756388888889,1,0
1593,6.75,-0.08651207964876086,2,2,2034.2425,1,0
1594,24.4,-0.13746623161931104,1,3,473.34,1,0
1595,23.4,-0.19591097001456037,1,1,473.34,1,1
1596,6.220013,-0.13520286602408216,1,1,473.34,1,1
1597,26.0,-0.043954650186912,2,1,1.781111111111111,2,0
1598,2.1,-0.5137153066057314,5,1,473.34,1,0
1599,48.0,1.2418295945085736,4,1,1410.2677777777778,1,0
1600,40.0,0.7742716873465788,4,3,473.34,1,0
1601,35.68,0.5217904174791016,4,1,473.34,1,0
1602,25.0,-0.10239938858216134,14,1,473.34,1,0
1603,0.5,-1.5342954792657704,5,27,473.34,1,0
1604,22.3,-0.26020018224933456,1,1,3164.0505555555555,1,0
1605,21.333,-0.3167162442775408,1,1,473.34,1,1
1606,40.0,0.7742716873465788,1,3,473.34,1,0
1607,24.0,-0.16084412697741068,33,2,473.34,2,0
1608,6.5,-0.10947999507655497,1,17,1930.0752777777777,2,0
1609,28.5,1.9116965625693272,2,2,473.34,2,0
1610,21.5,1.268594930591092,1,1,386.55,1,0
1611,10.5,0.25800665176815085,2,10,473.34,2,0
1612,23.6,-0.18422202233551035,11,1,473.34,1,0
1613,6.7275,-0.08857919203726232,1,1,473.34,1,1
1614,23.3,-0.2017554438540852,4,1,473.34,1,0
1615,6.290407,-0.12873565226958555,1,1,3467.853888888889,1,1
1616,11.9,0.38662697816379793,1,2,473.34,1,0
1617,27.0,0.014490088208337347,2,1,473.34,1,0
1618,24.399,-0.13752467635770615,14,1,383.2502777777778,1,0
1619,7.0,-0.06354416422096673,2,14,473.34,1,0
1620,7.24995,-0.04058084237625817,1,21,4587.514166666667,1,0
1621,6.99,-0.06446288083807848,1,1,473.34,1,0
1622,26.0,-0.043954650186912,1,1,473.34,1,0
1623,12.0,0.3958141443349155,6,5,473.34,2,0
1624,27.3,0.03202350972691219,1,33,473.34,1,0
1625,95.0,8.021162066362562,4,5,473.34,2,0
1626,90.0,7.56180375780668,7,2,473.34,2,0
1627,7.45,-0.022201916450937317,3,21,473.34,1,0
1628,26.3,-0.026421228668337154,14,1,473.34,1,0
1629,35.0,0.4820479953703321,1,1,2934.373611111111,1,0
1630,6.97,-0.06630031407230205,1,24,473.34,1,0
1631,6.497,-0.1097556100616885,1,3,473.34,1,0
1632,7.77,0.0071970152966390945,4,37,473.34,2,0
1633,23.9,-0.1666886008169357,3,5,473.34,1,0
1634,30.0,0.18982430339408538,2,1,473.34,1,0
1635,25.9,-0.04979912402643701,2,1,473.34,1,0
1636,2.0,-1.4466283716728963,2,1,1516.2269444444444,1,0
1637,27.3,0.03202350972691219,1,1,473.34,1,1
1638,7.0,-0.06354416422096673,2,1,473.34,1,0
1639,26.5,-0.014732280989287326,13,7,632.0336111111111,2,0
1640,4.5,-0.29322331849890787,2,5,473.34,1,0
1641,6.9,-0.07273133039208435,1,17,473.34,2,0
1642,0.1,-0.6974586300280843,2,17,473.34,1,0
1643,23.765625,-0.17454211253879726,3,2,473.34,1,1
1644,28.88,0.12436619639140606,1,1,1684.1191666666666,1,0
1645,28.5675,0.10610221564289064,1,4,473.34,1,1
1646,7.75,0.005359582062415605,3,4,473.34,2,0
1647,7.99,0.027408780873097973,1,1,259.43083333333334,1,0
1648,24.0825,-0.15602243605980265,1,1,473.34,1,1
1649,7.1,-0.05435699804984913,2,1,2077.3030555555556,2,0
1650,25.0,-0.10239938858216134,2,1,473.34,2,0
1651,8.888,0.1099095330897344,2,1,473.34,1,0
1652,24.4881,-0.13231725016668952,2,1,473.34,1,1
1653,7.689,-0.0002445893019661542,11,2,473.34,1,0
1654,7.85,0.014546748233533217,1,2,473.34,1,0
1655,25.99,-0.044539097570864584,1,17,473.34,1,0
1656,7.99,0.027408780873097973,1,2,4401.465277777777,1,0
1657,7.15,-0.04976341496429024,2,1,473.34,1,0
1658,0.25,-0.6836778807714078,6,3,473.34,1,0
1659,22.71488,-0.23595262918391346,1,1,473.34,1,1
1660,27.0,0.014490088208337347,2,1,3511.286111111111,1,0
1661,7.27,-0.03873881555894913,24,17,316.4261111111111,2,1
1662,22.476335,-0.24989432930440836,1,1,473.34,1,1
1663,7.1,-0.05435699804984913,1,4,473.34,2,0
1664,6.702052,-0.09091714208448833,1,1,473.34,1,1
1665,9.5,0.1661349900569744,2,1,473.34,2,0
1666,25.98,-0.04512354495481696,1,9,473.34,1,0
1667,29.0,0.13137956499883605,13,1,1315.8275,2,0
1668,6.911385,-0.07168537152350263,1,1,473.34,1,1
1669,8.8,0.10182482685915095,6,1,473.34,1,0
1670,7.799,0.009861293486263285,1,4,473.34,1,0
1671,16.75,0.8322045374630037,1,1,473.34,1,0
1672,7.21,-0.044251115261619685,2,4,473.34,2,0
1673,7.85,0.014546748233533217,2,1,473.34,2,0
1674,7.06,-0.058031864518296186,2,1,473.34,1,0
1675,2.75,-1.4027948178764593,2,10,1143.0708333333334,1,0
1676,23.7462,-0.17567740158212486,1,1,473.34,1,1
1677,25.25,-0.08778820398334901,1,4,540.57,1,0
1678,7.2,-0.04516983187873143,8,3,473.34,1,0
1679,0.5,-0.6607099653436137,1,4,473.34,1,0
1680,7.7,0.000765998976856798,5,4,473.34,2,0
1681,28.5,0.10215719580121137,1,1,2501.4483333333333,2,0
1682,7.3125,-0.03483426993622409,1,1,473.34,1,1
1683,25.8,-0.055643597865961826,1,1,473.34,1,0
1684,25.5,-0.07317701938453668,1,1,473.34,1,0
1685,29.99,0.1892398560101328,1,2,473.34,1,0
1686,7.264923,-0.03920524798545678,1,5,473.34,1,0
1687,25.55,-0.07025478246477417,6,2,3532.5625,2,0
1688,7.6,-0.008421167194260898,1,1,473.34,2,0
1689,1.2,-1.4933841623890958,5,1,1720.3747222222223,1,0
1690,2.0,-0.522902472776849,1,2,107.50333333333333,1,0
1691,12.16,0.4105136102087038,3,4,473.34,2,0
1692,25.5,-0.07317701938453668,1,1,473.34,1,0
1693,25.75,1.6590494928635917,1,2,2446.6633333333334,1,0
1694,7.4998,-0.017626707697720782,1,56,473.34,1,0
1695,24.35895,-0.13986538813043592,2,1,473.34,1,1
1696,8.3,0.05588899600356272,24,17,473.34,2,1
1697,26.0,-0.043954650186912,1,1,473.34,1,0
1698,6.989775,-0.06448355196196354,1,1,606.7119444444445,1,1
1699,7.4,-0.026795499536496122,1,5,473.34,2,0
1700,0.5,-0.6607099653436137,2,2,4883.002222222222,1,0
1701,16.065,0.7692724491908479,4,1,473.34,2,0
1702,25.7,-0.06148807170548684,2,2,1516.3366666666666,1,0
1703,24.28686,-0.1440786693213494,1,1,473.34,1,1
1704,26.325,-0.024960110208456003,1,1,473.34,1,1
1705,7.3,-0.03598266570761382,1,1,1756.6719444444445,1,0
1706,24.375,-0.13892735007919219,1,1,473.34,1,1
1707,29.0,0.13137956499883605,3,1,473.34,2,0
1708,24.6,-0.125777283940261,33,1,473.34,2,0
1709,0.69,-0.6432543496184903,2,1,473.34,1,0
1710,6.921632,-0.07074396260594823,1,5,473.34,1,0
1711,27.0,0.014490088208337347,3,1,473.34,1,0
1712,7.1,-0.05435699804984913,2,5,83.53333333333333,2,0
1713,26.325,-0.024960110208456003,1,1,473.34,1,1
1714,7.2,-0.04516983187873143,1,1,473.34,1,0
1715,0.22,-0.6864340306227431,1,4,123.06388888888888,1,0
1716,9.9,0.202883654741445,8,1,473.34,2,0
1717,6.28758,-0.12899537345724305,1,2,3735.1388888888887,1,1
1718,6.291577,-0.12862816242538347,1,1,22.166666666666668,1,1
1719,25.3,-0.0848659670635865,1,24,48.077777777777776,2,0
1720,6.89,-0.07365004700919618,2,4,473.34,1,0
1721,23.291775,-0.20223615182738608,1,1,2671.5802777777776,1,1
1722,6.994165,-0.06408023536705147,15,1,473.34,1,0
1723,6.75,-0.08651207964876086,1,17,473.34,1,0
1724,24.3775,-0.13878123823320399,1,1,473.34,1,1
1725,29.88,0.18281093478665542,1,2,3817.360833333333,1,0
1726,24.989999,-0.10298389441085218,1,33,473.34,1,0
1727,24.9,-0.10824386242168636,1,1,127.93305555555555,1,0
1728,7.0,-0.06354416422096673,1,4,1666.2441666666666,2,0
1729,6.23844,-0.1335099469137303,2,2,473.34,1,1
1730,0.15,-0.6928650469425255,5,5,473.34,1,0
1731,6.6,-0.10029282890543735,3,37,473.34,2,0
1732,9.6,0.17532215622809202,8,1,473.34,2,0
1733,3.3,-0.40346931255231966,8,5,473.34,1,0
1734,6.316245,-0.12636187227429216,2,1,3575.5794444444446,1,1
1735,22.8874,-0.22586974291596515,1,1,473.34,1,1
1736,16.7,0.8276109543774448,1,2,3802.4866666666667,1,0
1737,7.0,-0.06354416422096673,4,4,473.34,2,0
1738,95.0,8.021162066362562,4,4,473.34,2,0
1739,25.5,-0.07317701938453668,13,33,30.156388888888888,1,0
1740,25.0,-0.10239938858216134,1,27,473.34,1,0
1741,88.0,3.579619130318547,13,10,473.34,2,0
1742,0.5,-0.6607099653436137,1,4,473.34,1,0
1743,8.25,0.05129541291800383,4,4,473.34,2,0
1744,24.4,-0.13746623161931104,8,4,89.17555555555556,2,0
1745,22.73198,-0.23495322415735476,2,2,473.34,1,1
1746,6.78879,-0.08294837789098435,1,56,111.29555555555555,1,0
1747,23.420475,-0.19471431399591757,2,1,1183.8866666666668,1,1
1748,23.4195,-0.19477129761585296,3,1,473.5097222222222,1,1
1749,27.5,0.04371245740596202,3,1,473.34,1,0
1750,6.457912,-0.11334668957465494,2,1,118.06583333333333,1,1
1751,6.3375,-0.1244091401046211,1,1,473.34,1,1
1752,6.338963,-0.12427473186353771,1,1,2363.8277777777776,1,1
1753,26.75,-0.00012109639047498906,1,5,473.34,1,0
1754,6.433928,-0.11555013950913583,1,2,1654.5727777777777,1,1
1755,35.0,0.4820479953703321,1,1,473.34,1,0
1756,22.69797,-0.2369409297101771,2,1,3265.1916666666666,1,1
1757,0.6,-0.6515227991724961,24,5,473.34,1,0
1758,4.0,-1.3297388948823976,1,1,473.34,1,0
1759,23.149425,-0.21055576033794984,1,1,473.34,1,1
1760,22.694265,-0.2371574674659315,1,1,473.34,1,1
1761,275.0,14.508785210230174,1,3,473.34,2,0
1762,24.45,-0.13454399469954853,3,27,75.57138888888889,2,0
1763,23.9,-0.1666886008169357,8,33,473.34,1,0
1764,6.57,-0.10304897875677259,1,2,473.34,1,0
1765,6.334672,-0.12466895316394032,1,3,1665.4941666666666,1,1
1766,22.649995,-0.23974481603468925,1,1,473.34,1,1
1767,24.7406,-0.11755995372188899,8,1,2785.2072222222223,1,0
1768,25.5,-0.07317701938453668,2,1,473.34,2,0
1769,6.3336,-0.12476743958529476,2,2,4842.37,1,1
1770,23.99,-0.16142857436136326,3,1,473.34,1,0
1771,22.613955,-0.24185116440645402,1,1,473.34,1,1
1772,9.559095,0.1715641459057963,2,1,2256.889722222222,1,1
1773,29.3525,0.15198133528316138,1,3,473.34,1,1
1774,23.0,-0.21928886537266004,6,1,216.10666666666665,2,0
1775,22.41525,-0.25346442614928205,1,1,473.34,1,1
1776,24.0,-0.16084412697741068,1,1,473.34,1,0
1777,22.35675,-0.2568834433454041,2,1,3189.5733333333333,1,1
1778,24.0,-0.16084412697741068,1,1,473.34,1,0
1779,22.3275,-0.2585929519434652,1,1,878.9175,1,1
1780,6.59,-0.1012115455225491,6,1,473.34,2,0
1781,6.9,-0.07273133039208435,1,1,473.34,1,0
1782,23.93,-0.16493525866507816,1,27,81.74527777777777,1,0
1783,23.05,-0.21636662845289753,1,1,473.34,1,0
1784,35.1,0.4878924692098571,1,2,1193.3205555555555,1,1
1785,22.7,-0.23682228689123488,6,5,473.34,2,0
1786,23.1,-0.21344439153313502,1,4,0.5355555555555556,2,0
1787,22.885,-0.22601001028811363,1,1,473.34,1,1
1788,22.09662,-0.2720866731441603,1,1,473.34,1,1
1789,0.03,-0.7038896463478667,5,10,3373.8419444444444,1,0
1790,22.066785,-0.2738303719141827,1,1,473.34,1,1
1791,33.0,0.3651585185798334,2,2,1966.3038888888889,2,0
1792,0.26,-1.54832221648063,4,56,1.556111111111111,1,0
1793,23.35,-0.1988332069343227,2,1,473.34,1,0
1794,7.435995,-0.023488579073202346,1,37,160.2536111111111,1,0
1795,23.59,-0.18480646971946293,1,1,473.34,1,0
1796,9.35,0.1523542408002979,24,1,473.34,2,0
1797,22.08375,-0.27283885692730736,2,2,473.34,1,1
1798,22.62,-0.24149786596285472,2,2,473.34,1,1
1799,24.0,-0.16084412697741068,3,10,47.18,2,0
1800,6.244875,-0.13291875277061882,1,1,473.34,1,1
1801,21.0,1.2226590997355036,1,6,473.34,2,0
1802,21.908445,-0.2830845117916864,1,1,473.34,1,1
1803,9.0,0.12019915920138617,3,6,473.34,2,0
1804,0.75,-1.519684294666958,8,4,63.37111111111111,1,0
1805,24.3,-0.14331070545883584,4,1,5369.896944444445,2,0
1806,6.152153,-0.14143727698780253,1,1,473.34,1,1
1807,20.76833,-0.3497182347071862,5,5,473.34,1,1
1808,21.344505,-0.31604383756230325,5,5,1697.5197222222223,1,1
1809,21.1575,-0.326973295865907,2,2,473.34,1,1
1810,21.7905,-0.289977776461714,2,2,473.34,1,1
1811,22.0,-0.2777336037679094,6,24,473.34,2,0
1812,120.0,5.449850758966527,2,1,473.34,1,0
1813,25.4,-0.07902149322406168,3,4,15.126388888888888,2,0
1814,21.0862,-0.33114040571348813,1,1,473.34,1,1
1815,24.0,-0.16084412697741068,3,2,4203.281944444445,1,0
1816,27.5,0.04371245740596202,1,1,473.34,2,0
1817,6.101452,-0.1460952621082209,1,1,807.6272222222223,1,1
1818,6.5,-0.10947999507655497,3,56,2.7397222222222224,1,0
1819,23.0,-0.21928886537266004,3,1,473.34,1,0
1820,21.199425,-0.324523000208686,4,2,2370.6966666666667,1,1
1821,6.66,-0.09478052920276672,3,1,473.34,1,0
1822,22.5,-0.2485112345702847,2,2,473.34,2,0
1823,20.52019,-0.36422071209258333,1,1,473.34,1,1
1824,22.3,-0.26020018224933456,1,1,473.34,1,0
1825,23.19,-0.20818436507756258,1,10,49.81777777777778,1,0
1826,29.9,0.18397982955456035,1,4,473.34,2,0
1827,20.456865,-0.36792172515146243,1,1,473.34,1,1
1828,6.040612,-0.15168473400672886,1,1,473.34,1,1
1829,7.3,-0.03598266570761382,1,1,4877.826388888889,1,0
1830,22.4,-0.2543557084098097,1,1,473.34,1,0
1831,22.96,-0.22162665490846994,2,1,473.34,1,0
1832,23.5,-0.19006649617503535,1,10,473.34,1,0
1833,20.722455,-0.3523993870810682,1,1,473.34,1,1
1834,1.8,-1.458317319351946,1,2,473.34,1,0
1835,21.0,-0.3361783421631587,10,1,473.34,1,0
1836,21.3,-0.3186449206445839,6,17,473.34,2,0
1837,7.249,-0.040668120454883834,1,56,473.34,1,0
1838,5.954813,-0.15956723070988615,1,1,473.34,1,1
1839,50.0,3.886937289359621,13,2,473.34,2,0
1840,15.0,0.6714291294684449,2,2,473.34,2,0
1841,22.28,-0.2613690770172395,2,1,2185.883333333333,1,0
1842,23.0,-0.21928886537266004,1,1,2025.1725,1,0
1843,23.5,-0.19006649617503535,1,2,5547.0925,1,0
1844,26.0,-0.043954650186912,1,1,473.34,2,0
1845,23.69,-0.1789619958799379,1,1,473.34,1,0
1846,22.5225,-0.24719622795639154,1,1,473.34,1,1
1847,26.0,-0.043954650186912,2,24,473.34,2,0
1848,24.27,-0.1450640476106934,4,1,473.34,1,0
1849,6.399999,-0.1186672531193343,1,1,22.69527777777778,1,0
1850,39.0,0.7158269489513295,13,2,473.34,1,0
1851,6.013898,-0.15413899357768124,1,1,473.34,1,1
1852,22.08769,-0.27260858465803006,2,2,473.34,1,1
1853,22.6785,-0.23807884876673271,2,2,473.34,1,1
1854,6.00288,-0.155151235546415,1,1,473.34,1,1
1855,22.7,-0.23682228689123488,33,7,189.00972222222222,2,0
1856,23.23,-0.20584657554175265,1,3,473.34,1,0
1857,24.375,-0.13892735007919219,4,4,187.16166666666666,1,1
1858,5.886172,-0.16587339344140298,3,1,473.34,1,1
1859,30.5,0.21904667259171007,2,24,473.34,2,0
1860,28.0,0.07293482660358669,1,1,894.4938888888889,1,0
1861,2.85,-1.3969503440369342,13,3,473.34,1,0
1862,23.5,-0.19006649617503535,1,27,473.34,1,0
1863,36.5,0.5697151029632062,1,1,473.34,1,0
1864,21.801,-0.2893641067085641,1,1,473.34,1,1
1865,21.718125,-0.29420771440307025,1,1,473.34,1,1
1866,21.688095,-0.29596280989707957,1,1,473.34,1,1
1867,25.0,-0.10239938858216134,13,2,473.34,1,0
1868,23.0,-0.21928886537266004,1,2,473.34,1,0
1869,0.2,-1.551828900784345,1,1,473.34,2,0
1870,42.0,0.8911611641370775,13,5,473.34,2,0
1871,22.95,-0.22221110229242255,1,10,473.34,1,0
1872,21.98625,-0.27853721892084415,1,1,473.34,1,1
1873,24.0,-0.16084412697741068,2,1,473.34,1,0
1874,24.0,-0.16084412697741068,1,1,473.34,1,0
1875,21.45,-0.3098782098852966,1,1,473.34,1,1
1876,5.706675,-0.18236408110357405,1,1,473.34,1,1
1877,6.18,-0.13887892682413147,1,2,473.34,2,0
1878,6.978592,-0.06551095275487961,1,5,473.34,1,0
1879,23.6,-0.18422202233551035,3,1,473.34,1,0
1880,6.19,-0.13796021020701962,1,1,1295.0597222222223,1,0
1881,23.46,-0.19240428571084528,1,1,1856.1905555555556,1,0
1882,23.9,-0.1666886008169357,3,1,473.34,1,0
1883,0.35,-0.6744907146002902,1,2,473.34,1,0
1884,26.49,-0.01531672837323991,2,3,2751.295833333333,1,0
1885,6.6,-0.10029282890543735,1,1,2319.3586111111113,2,0
1886,7.725,0.00306279051963616,1,2,473.34,1,0
1887,11.0,0.3039424826237391,2,2,473.34,1,0
1888,7.0,-0.06354416422096673,1,1,473.34,2,0
1889,5.45,-0.20594523987329022,6,1,473.34,2,0
1890,5.16984,-0.23168400461829347,1,1,473.34,1,1
1891,6.0,-1.212849418091899,13,5,1072.6788888888889,1,0
1892,24.13125,-0.15317325506303414,2,2,473.34,1,1
1893,21.14574,-0.3276606059894351,1,1,473.34,1,1
1894,0.565597,-0.6546834599503456,2,1,3700.947222222222,1,1
1895,20.9,-0.34202281600268375,1,1,3709.116111111111,1,0
1896,4.735575,-0.2715806517912975,1,1,473.34,1,1
1897,4.875975,-0.25868187048704827,2,2,473.34,1,1
1898,19.074962,-0.4486866844740728,1,1,473.34,1,1
1899,30.591,0.22436514378567782,8,1,473.34,1,0
1900,5.7,-0.1829773244454961,1,1,473.34,2,0
1901,28.0,0.07293482660358669,1,14,0.38666666666666666,1,0
1902,5.54,-0.19767679031928437,1,1,343.09944444444443,1,0
1903,4.58,-0.28587358556201375,2,2,571.5783333333334,1,0
1904,19.269315,-0.4373277742327409,1,1,473.34,1,1
1905,19.11975,-0.4460690615308263,1,1,473.34,1,1
1906,18.2325,-0.4979241556720112,2,2,473.34,1,1
1907,18.154695,-0.5024714485428536,2,2,473.34,1,1
1908,18.2325,-0.4979241556720112,1,1,473.34,1,1
1909,18.1896,-0.5004314349491675,1,1,473.34,1,1
1910,18.1545,-0.5024828452668408,4,2,286.01222222222225,1,1
1911,17.94,-0.5150192416526217,1,1,473.34,1,1
1912,17.669343,-0.5308377192124646,2,1,3709.8969444444447,1,1
1913,0.25,-0.6836778807714078,2,2,473.34,1,0
1914,20.0,-0.39462308055840806,2,1,1940.3561111111112,1,0
1915,17.667,-0.5309746552345247,2,2,473.34,1,1
1916,17.067375,-0.5660195814947763,2,2,473.34,1,1
1917,4.31652,-0.31007993098967457,2,2,473.34,1,1
1918,17.098575,-0.5641961056568444,1,1,473.34,1,1
1919,18.75,-0.4676790035524698,1,1,473.34,1,0
1920,4.8175,-0.26405406590560937,1,2,473.34,1,0
1921,23.1,-0.21344439153313502,10,1,473.34,2,0
1922,7.0,-0.06354416422096673,1,5,473.34,2,0
1923,18.48,-0.48345908291918704,1,7,473.34,1,0
1924,16.965279,-0.5719865555059777,1,1,473.34,1,1
1925,17.52075,-0.53952219822483,1,1,473.34,1,1
1926,17.99,-0.5120970047328594,2,1,473.34,1,0
1927,18.7,-0.4706012404722323,2,1,473.34,1,0
1928,16.887693,-0.5765210489791115,1,1,473.34,1,1
1929,4.21941,-0.3190015880584469,1,1,473.34,1,1
1930,16.91625,-0.5748520425847582,1,1,473.34,1,1
1931,4.00374,-0.3388155493396963,1,1,473.34,1,1
1932,20.0,-0.39462308055840806,2,1,473.34,1,0
1933,24.0,-0.16084412697741068,2,1,473.34,1,0
1934,6.572121,-0.1028541189622832,15,1,473.34,1,0
1935,5.0,-0.24728748764331965,3,1,473.34,1,0
1936,3.977805,-0.3411982408861757,1,1,473.34,1,1
1937,17.0625,-0.5663044995944531,10,8,473.34,1,1
1938,17.01375,-0.5691536805912213,10,8,473.34,1,1
1939,16.575,-0.5947963095621371,10,8,473.34,1,1
1940,17.01375,-0.5691536805912213,10,8,473.34,1,1
1941,16.91625,-0.5748520425847582,10,8,473.34,1,1
1942,16.937115,-0.5736325931181414,10,8,1341.6652777777779,1,1
1943,3.872018,-0.35091706836361586,2,1,1323.381111111111,1,1
1944,18.0,-0.5115125573489068,11,1,473.34,1,0
1945,20.0,-0.39462308055840806,11,1,473.34,1,0
1946,18.99,-0.45365226633761,1,17,473.34,1,0
1947,246.942,12.86894274033627,1,1,473.34,2,0
1948,20.0,-0.39462308055840806,11,1,473.34,1,0
1949,21.0,-0.3361783421631587,11,3,473.34,1,0
1950,3.703927,-0.36635986785230923,1,1,473.34,1,1
1951,19.926,-0.3989479911996566,6,6,2443.5825,1,0
1952,18.88,-0.4600811875610874,1,1,1673.1055555555556,1,0
1953,4.35,-0.30700406775558436,1,5,148.11138888888888,2,0
1954,16.965,-0.5720028615879899,1,1,473.34,1,1
1955,4.25,-0.316191233926702,2,1,4667.924722222222,1,0
1956,17.85,-0.520279268108194,2,23,473.34,1,0
1957,17.0625,-0.5663044995944531,1,1,473.34,1,1
1958,18.0,-0.5115125573489068,11,1,473.34,1,0
1959,17.8,-0.5232015050279566,4,1,3791.4155555555553,2,0
1960,20.0,-0.39462308055840806,1,1,473.34,1,0
1961,3.856125,-0.3523771846831916,2,1,5569.120277777778,1,1
1962,24.395,-0.13775845531128722,1,1,473.34,1,0
1963,17.988,-0.5122138942096498,2,4,473.34,1,0
1964,17.99,-0.5120970047328594,1,23,1505.7333333333333,1,0
1965,16.636889,-0.5911792231475935,2,1,2890.656388888889,1,1
1966,2.5,-1.4174060024752717,13,1,473.34,1,0
1967,5.0,-0.24728748764331965,3,4,473.34,2,0
1968,5.1,-0.23810032147220203,5,37,1036.2416666666666,2,0
1969,4.55,-0.2886297354133491,24,4,473.34,2,0
1970,18.25,-0.49690137275009444,13,2,4790.636111111111,1,0
1971,16.43038,-0.603248587628858,2,2,473.34,1,1
1972,16.6725,-0.5890979475686003,1,1,473.34,1,1
1973,17.777,-0.5245457340110473,1,1,473.34,1,0
1974,16.5165,-0.5982153267582592,1,1,473.34,1,1
1975,16.263,-0.6130310679414548,1,1,473.34,1,1
1976,4.049272,-0.334632448838663,1,1,473.34,1,1
1977,23.5,-0.19006649617503535,1,1,473.34,1,0
1978,17.55,-0.5378126896267689,1,23,3.7969444444444442,1,0
1979,15.84375,-0.6375340245136631,1,2,473.34,1,1
1980,17.3,-0.5524238742255813,10,2,473.34,1,0
1981,19.9,-0.4004675543979331,10,1,473.34,1,0
1982,32.69,0.34704064967730597,1,3,473.34,1,0
1983,3.95577,-0.34322263295198147,1,1,473.34,1,1
1984,0.35,-0.6744907146002902,15,37,46.409444444444446,1,0
1985,16.21425,-0.6158802489382232,2,1,473.34,1,1
1986,15.88,-0.6354154027468353,1,1,473.34,1,0
1987,20.0,-0.39462308055840806,2,2,473.34,1,0
1988,21.0,-0.3361783421631587,2,5,473.34,1,0
1989,24.0,-0.16084412697741068,2,2,473.34,1,0
1990,15.748993,-0.6430720725897817,1,1,473.34,1,1
1991,16.95,-0.5728795326639186,2,23,3.0213888888888887,1,0
1992,15.795,-0.6403832055104316,1,1,473.34,1,1
1993,20.0,-0.39462308055840806,13,1,5414.7172222222225,1,0
1994,15.64875,-0.6489307485007368,1,1,473.34,1,1
1995,14.82975,-0.696796989246446,1,1,473.34,1,1
1996,14.77125,-0.7002160064425681,1,1,473.34,1,1
1997,16.99,-0.5705417431281087,1,23,81.30361111111111,1,0
1998,14.196,-0.7338363422044353,1,1,1729.0569444444445,1,1
1999,14.235,-0.7315569974070206,1,1,473.34,1,1
2000,15.75,-0.6430132187382178,3,1,473.34,2,0
2001,15.75,-0.6430132187382178,1,23,6.335,1,0
2002,14.228272,-0.7319502136069438,1,1,473.34,1,1
2003,15.75,-0.6430132187382178,6,27,473.34,1,0
2004,15.3,-0.6693133510160799,6,12,75.58638888888889,2,0
2005,15.45,-0.6605466402567927,8,4,0.12416666666666666,2,0
2006,18.3,-0.49397913583033193,6,2,3883.4905555555556,2,0
2007,10.0,0.21207082091256263,5,4,473.34,2,0
2008,18.905,-0.458620069101206,1,1,473.34,1,1
2009,16.85,-0.5787240065034435,1,1,473.34,1,0
2010,3.656835,-0.370686288145612,1,1,473.34,1,1
2011,9.3,0.14776065771473917,3,4,473.34,2,0
2012,14.84145,-0.6961131858072216,6,23,17.12388888888889,1,1
2013,14.22525,-0.7321268336063742,1,1,473.34,1,1
2014,14.03025,-0.7435235575934478,1,1,473.34,1,1
2015,4.1,-0.3299719831833785,1,21,473.34,2,0
2016,13.97175,-0.7469425747895699,1,1,473.34,1,1
2017,4.2,-0.3207848170122608,1,2,473.34,1,0
2018,3.61725,-0.3743230278744489,2,3,473.34,1,1
2019,3.635483,-0.37264793186646905,1,1,473.34,1,1
2020,3.623295,-0.3737676636794048,2,1,2733.4805555555554,1,1
2021,13.660628,-0.7651260186885767,1,1,473.34,1,1
2022,13.6489,-0.7658114585804762,1,33,473.34,1,0
2023,13.885,-0.7520126558453578,1,4,39.87305555555555,1,0
2024,12.184572,-0.8513937254653149,1,1,473.34,1,1
2025,11.723785,-0.8783243011362467,1,1,473.34,1,1
2026,14.65,-0.7073024309729921,2,1,1217.6575,1,0
2027,13.0,-0.8037362493251535,1,3,473.34,1,0
2028,13.99,-0.7458759583138567,1,17,473.34,1,0
2029,13.2999,-0.7862086722804182,3,33,473.34,1,0
2030,12.01512,-0.8612973032758667,1,1,473.34,1,1
2031,16.25,-0.6137908495405932,1,3,23.227222222222224,1,0
2032,13.39,-0.7809428013510062,1,1,473.34,1,0
2033,14.95,-0.6897690094544173,6,33,83.91222222222223,1,0
2034,13.649,-0.7658056141066367,2,3,473.34,1,0
2035,12.593057,-0.8275199265019314,10,8,473.34,1,1
2036,12.735352,-0.8192035324519794,10,8,473.34,1,1
2037,14.391,-0.7224396182173617,1,1,473.34,1,0
2038,12.87,-0.811334065316536,3,3,473.34,1,1
2039,13.358475,-0.7827852717289164,3,3,473.34,1,1
2040,12.671783,-0.822918806027027,3,3,473.34,1,1
2041,3.96,-0.34283401582294315,1,1,5399.457777777778,1,0
2042,3.95,-0.3437527324400549,1,2,473.34,1,0
2043,12.358369,-0.8412362052664357,1,1,473.34,1,1
2044,14.392,-0.7223811734789665,1,1,473.34,1,0
2045,4.0,-0.3391591493544961,1,2,473.34,1,0
2046,4.0,-0.3391591493544961,5,1,473.34,1,0
2047,4.0,-0.3391591493544961,5,5,473.34,1,0
2048,4.0,-0.3391591493544961,5,1,473.34,1,0
2049,15.0,-0.6868467725346548,4,1,63.38944444444444,1,0
2050,3.929835,-0.34560532449846076,8,4,4855.023888888889,1,1
2051,14.98,-0.6880156673025598,1,1,473.34,1,0
2052,15.39,-0.6640533245605075,2,1,473.34,1,0
2053,14.256547,-0.7302976886288182,1,1,473.34,1,1
2054,3.616665,-0.37437677279655,1,1,473.34,1,1
2055,14.625,-0.7087635494328733,3,3,473.34,1,1
2056,13.8305,-0.7551978940878988,6,23,473.34,1,1
2057,15.4,-0.663468877176555,1,1,473.34,1,0
2058,14.99,-0.6874312199186072,1,17,32.030833333333334,1,0
2059,13.60125,-0.7685963503650098,6,5,473.34,1,1
2060,13.9,-0.751135984769429,6,23,473.34,2,0
2061,3.659175,-0.3704713084572079,1,1,473.34,1,1
2062,12.792426,-0.8158678574528089,1,1,473.34,1,1
2063,13.109362,-0.7973446158447721,1,1,473.34,1,1
2064,16.1,-0.6225575602998804,11,1,473.34,1,0
2065,12.57828,-0.8283835644011981,1,1,473.34,1,1
2066,18.0,-0.5115125573489068,1,2,473.34,1,0
2067,3.9,-0.34834631552561374,5,3,473.34,1,0
2068,13.95,-0.7482137478496667,1,2,473.34,1,0
2069,3.44994,-0.38969407559534586,1,1,473.34,1,1
2070,13.84,-0.754642669073144,2,23,473.34,1,0
2071,4.8,-0.26566181998555494,3,1,4995.3975,1,0
2072,14.9989,-0.6869110617468895,1,3,473.34,1,0
2073,4.0,-0.3391591493544961,1,37,473.34,2,0
2074,4.1,-0.3299719831833785,24,21,700.5519444444444,2,0
2075,3.687743,-0.3678467188254429,1,1,473.34,1,1
2076,3.607597,-0.37520986502494685,1,1,473.34,1,1
2077,13.718054,-0.7617697711414911,1,1,473.34,1,1
2078,14.98,-0.6880156673025598,1,27,1446.1519444444446,1,0
2079,3.7089,-0.3659029900786196,2,2,473.34,1,1
2080,4.0,-0.3391591493544961,1,1,473.34,1,0
2081,14.5,-0.7160691417322794,11,23,473.34,1,0
2082,13.11375,-0.7970881603326939,1,1,473.34,1,1
2083,16.5,-0.5991796649417808,1,7,541.2602777777778,2,0
2084,12.791075,-0.815946816294381,1,1,473.34,1,1
2085,14.49,-0.7166535891162319,1,27,794.235,1,0
2086,23.4,-0.19591097001456037,1,1,473.34,1,1
2087,4.44,-0.29873561820157846,1,56,312.03222222222223,1,0
2088,12.72375,-0.8198816083068411,1,1,473.34,1,1
2089,16.0,-0.6284020341394054,1,1,473.34,1,0
2090,3.602918,-0.3756397325300935,1,1,1714.9355555555555,1,1
2091,12.7725,-0.8170324273100726,1,1,473.34,1,1
2092,12.70425,-0.8210212807055485,3,2,473.34,1,1
2093,19.5,-0.4238454497560327,1,3,473.34,2,0
2094,12.352386,-0.8415858801362546,1,2,473.34,1,1
2095,13.2,-0.7920473016461037,6,5,143.63444444444445,1,0
2096,13.248,-0.7892419542031317,1,2,473.34,1,0
2097,3.9,-0.34834631552561374,13,23,174.1375,1,0
2098,14.88,-0.6938601411420847,1,14,473.34,1,0
2099,13.99,-0.7458759583138567,2,23,2570.2702777777777,1,0
2100,13.39899,-0.7804173831528329,2,33,473.34,1,0
2101,25.0,-0.10239938858216134,11,1,473.34,1,0
2102,15.0,-0.6868467725346548,1,27,473.34,2,0
2103,4.1925,-0.32147385447509463,1,1,473.34,1,0
2104,4.0,-0.3391591493544961,5,1,473.34,1,0
2105,4.0,-0.3391591493544961,5,2,473.34,1,0
2106,4.0,-0.3391591493544961,5,1,473.34,1,0
2107,12.594075,-0.8274604297582451,1,1,473.34,1,1
2108,4.7,-0.2748489861566726,1,2,372.03694444444443,1,0
2109,13.122915,-0.7965525143053014,1,1,473.34,1,1
2110,4.6,-0.2840361523277903,3,4,1134.6966666666667,2,0
2111,4.549,-0.28872160707506017,1,56,159.98194444444445,1,0
2112,4.5888,-0.2850651149389554,1,56,241.58527777777778,1,0
2113,7.69,-0.00015271764025494706,4,6,473.34,2,0
2114,13.477035,-0.7758560635447757,1,1,5025.446666666667,1,1
2115,4.8,-0.26566181998555494,1,2,473.34,1,0
2116,14.15,-0.7365248001706167,1,3,473.34,1,0
2117,29.0,0.13137956499883605,1,3,1969.348888888889,1,0
2118,14.495,-0.7163613654242558,1,23,697.8483333333334,1,0
2119,14.95,-0.6897690094544173,1,33,473.34,1,0
2120,16.23,-0.6149597443084981,1,17,473.34,1,0
2121,14.5,-0.7160691417322794,3,3,473.34,1,0
2122,4.64,-0.2803612858593432,1,2,473.34,1,0
2123,14.495,-0.7163613654242558,1,23,473.34,1,0
2124,13.508456,-0.7740196714196586,1,1,473.34,1,1
2125,0.69,-1.5231909789706728,3,1,473.34,1,0
2126,13.43745,-0.7781695985141517,1,1,473.34,1,1
2127,14.2188,-0.7325038021690236,11,2,310.14416666666665,1,0
2128,22.425,-0.25289458994992836,3,2,473.34,1,1
2129,22.425,-0.25289458994992836,3,2,473.34,1,1
2130,4.8888,-0.2575036164256025,1,56,473.34,1,0
2131,4.128247,-0.3273768843550229,1,1,473.34,1,1
2132,13.286423,-0.786996332019771,4,2,473.34,1,1
2133,20.0,-0.39462308055840806,11,3,473.34,1,0
2134,12.569125,-0.8289186259812066,1,1,473.34,1,1
2135,7.0,-0.06354416422096673,2,6,473.34,2,0
2136,7.5,-0.01760833336537851,2,6,473.34,2,0
2137,12.930937,-0.8077726182929446,1,1,473.34,1,1
2138,3.938122,-0.3448439840378603,2,3,473.34,1,1
2139,15.99,-0.6289864815233579,1,1,473.34,1,0
2140,16.0,-0.6284020341394054,1,7,473.34,2,0
2141,6.6,-0.10029282890543735,5,3,473.34,1,0
2142,5.0,-0.24728748764331965,1,1,473.34,1,0
2143,16.575,-0.5947963095621371,1,1,473.34,1,1
2144,22.425,-0.25289458994992836,1,3,329.84694444444443,1,1
2145,5.2,-0.22891315530108433,1,1,473.34,1,0
2146,20.475,-0.36686182982066456,1,1,6355.575555555555,1,1
2147,5.0,-0.24728748764331965,5,1,473.34,1,0
2148,4.99,-0.24820620426043138,1,1,473.34,1,0
2149,4.999,-0.24737935930503085,8,4,473.34,1,0
2150,5.0,-0.24728748764331965,8,1,473.34,1,0
2151,5.1,-0.23810032147220203,1,1,473.34,1,0
2152,5.2,-0.22891315530108433,1,1,473.34,1,0
2153,5.2,-0.22891315530108433,1,1,3490.5355555555557,1,0
2154,5.25,-0.22431957221552554,1,2,473.34,1,0
2155,12.768113,-0.8172888243774127,2,1,367.32194444444445,1,1
2156,4.914878,-0.2551077872314984,2,2,473.34,1,1
2157,5.55,-0.1967580737021726,15,1,1696.44,2,0
2158,13.6,-0.7686694062880038,3,2,2372.1516666666666,2,0
2159,5.6,-0.1921644906166138,2,4,473.34,1,0
2160,5.6,-0.1921644906166138,2,4,473.34,1,0
2161,6.0,-0.1554158259321432,1,1,473.34,1,0
2162,9.9,0.202883654741445,4,1,6057.307222222223,2,0
2163,15.75,-0.6430132187382178,1,1,473.34,1,0
2164,5.25,-0.22431957221552554,1,1,4710.885555555556,1,0
2165,4.684387,-0.27628337841096917,1,1,473.34,1,1
2166,16.171,-0.6184079838738178,15,1,473.34,1,0
2167,15.24091,-0.6727668506078553,1,1,473.34,1,0
2168,11.454936,-0.894037110609071,5,5,473.34,1,1
2169,11.573445,-0.8871108831065885,5,5,473.34,1,1
2170,11.760648,-0.8761698527447825,5,5,473.34,1,1
2171,11.916645,-0.8670526488893388,1,1,473.34,1,1
2172,12.0,-0.8621809877204029,1,1,473.34,1,0
2173,4.9,-0.25647465381443724,1,1,247.7061111111111,2,0
2174,12.989,-0.8043791414475012,2,33,2060.5941666666668,1,0
2175,11.268209,-0.9049503212754008,1,1,473.34,1,1
2176,14.269,-0.7295698763015821,1,3,1948.9033333333334,1,0
2177,72.0,5.908113847005503,5,1,473.34,2,0
2178,70.0,5.72437052358315,1,1,473.34,2,0
2179,8.5,0.07426332834579795,2,1,473.34,2,0
2180,11.244373,-0.9063434100597899,1,1,4701.221666666666,1,1
2181,16.7,-0.5874907172627309,1,56,111.6661111111111,2,0
2182,3.986092,-0.3404369004255751,1,1,241.7386111111111,1,1
2183,4.5,-0.29322331849890787,1,56,473.34,2,0
2184,4.75,-0.2702554030711138,1,21,5438.259166666667,2,0
2185,21.0,-0.3361783421631587,11,1,1049.35,1,0
2186,42.0,0.8911611641370775,5,4,5463.239444444444,2,0
2187,19.99,-0.39520752794236064,1,1,3624.4572222222223,1,0
2188,13.65,-0.7657471693682414,1,2,473.34,2,0
2189,12.948,-0.8067753757217064,1,33,473.34,1,0
2190,12.368,-0.8406733239909511,1,33,473.34,1,0
2191,11.8675,-0.8699249155577734,1,33,473.34,1,0
2192,11.7,-0.8797144092389777,1,33,473.34,2,0
2193,10.5,-0.9498480953132769,2,1,473.34,2,0
2194,12.3,-0.844647566201828,1,1,473.34,2,0
2195,7.2,-0.04516983187873143,5,56,473.34,2,0
2196,11.87999,-0.8691949407752168,1,33,473.34,1,0
2197,4.5,-0.29322331849890787,5,37,473.34,2,0
2198,4.35,-0.30700406775558436,5,37,473.34,2,0
2199,9.0,0.12019915920138617,5,1,473.34,2,0
2200,7.2,-0.04516983187873143,5,1,4415.3075,2,0
2201,12.479,-0.8341859580290785,1,33,473.34,1,0
2202,14.5,-0.7160691417322794,1,17,741.2352777777778,2,0
2203,12.549,-0.830094826341411,1,33,473.34,1,0
2204,12.8,-0.8154251970042034,5,33,473.34,2,0
2205,67.0,5.44875553844962,1,9,5910.403888888889,2,0
2206,4.9,-0.25647465381443724,1,1,473.34,2,0
2207,14.69,-0.7049646414371821,4,2,473.34,2,0
2208,70.0,5.72437052358315,5,1,2552.360833333333,2,0
