collection,contract,tokenId,buyer,seller,price_eth,marketplace,block,timestamp,txhash
BoredApeYachtClub,0xBC4CA0EdA7647A8aB7C2061c2E118A18a936f13D,6218,0xf15c93562bc3944a68e938ef75d2a3360d98ca57,0xcc1cb0fa339eb32e436dce1ba752bda72fc6edfe,14.69,x2y2,19757649,1714353121,0x47908f6d62f3d1e924b7f21f07ad98dc80108be7fc233eefb0e4982d6077ab0b
BoredApeYachtClub,0xBC4CA0EdA7647A8aB7C2061c2E118A18a936f13D,1730,0x9d604a517750eecea2ee5c883d491449808a3498,0xf15c93562bc3944a68e938ef75d2a3360d98ca57,12.8,x2y2,19721684,1713917118,0xcb6e633ff54676a1ef3c7c782cfdbb74618c24351701d5fa5df2951501587ffe
BoredApeYachtClub,0xBC4CA0EdA7647A8aB7C2061c2E118A18a936f13D,7845,0x8319e29b4693b0dbd6c2bc6a881d19c8caefbae1,0xf15c93562bc3944a68e938ef75d2a3360d98ca57,12.549,seaport,19716572,1713855146,0x536bf5e4efad23ad6d55c4c8b2264e5dd2e2751bdfd25c0a6058d7650a5b1646
BoredApeYachtClub,0xBC4CA0EdA7647A8aB7C2061c2E118A18a936f13D,7232,0xed19eaea3bde70e0c9652485406fe961a85f4287,0x1e04bfb945dfa23ed8bdea67947ca0d7b5fff75d,14.5,x2y2,19713923,1713823032,0x306198aab98df7282e48df261907dd8ad7080f33f2fd4aa95c0aff244ac944b7
BoredApeYachtClub,0xBC4CA0EdA7647A8aB7C2061c2E118A18a936f13D,2063,0xc9aa3445ddb743219c930449d5fad7e8dd3f999e,0xf15c93562bc3944a68e938ef75d2a3360d98ca57,12.479,seaport,19690094,1713534154,0xafe5fd581a907192631d029196efa1c02de5e118187605468bac8585052824f7
BoredApeYachtClub,0xBC4CA0EdA7647A8aB7C2061c2E118A18a936f13D,9335,0x1bf22a19a8d0b9cdfdd5c0859b5bd72c05f2d6a2,0xf15c93562bc3944a68e938ef75d2a3360d98ca57,11.87999,seaport,19679143,1713401395,0x15dfd2d6a00721bfc9f35442663659a833ce8b674e9f716a9fa6bc752758d7ba
BoredApeYachtClub,0xBC4CA0EdA7647A8aB7C2061c2E118A18a936f13D,17,0xe0d63848440166c6574d983e478dd14489b67909,0x0bd7b1283902f5f1352fd17d5b4aa03d29484285,0.0,seaport,19670872,1713301126,0xee3776f28320248279447c9869203019bc813be93e3b276698ad2b13e5165bd8
BoredApeYachtClub,0xBC4CA0EdA7647A8aB7C2061c2E118A18a936f13D,4954,0xc2e64d8f06ebe89cfe37389201348724b9744120,0xdf14c55a16b09d185b84889d4034630d9d5c4deb,12.3,x2y2,19669828,1713288470,0xdc53ae0203a3fd5afc4f01fd198a22657e11a5252427db8969fd4b6d8d157e5e
BoredApeYachtClub,0xBC4CA0EdA7647A8aB7C2061c2E118A18a936f13D,5459,0x7c1958ba95ab3170f6069dadf4de304b0c00000c,0x4f83d57d7c4c19b79c83948e74e8c20e3fc541d5,10.5,x2y2,19660780,1713178781,0x3d323bbde5a6aef5a3861ec6c24f00eda2575474ab874442a7db973d903957bc
BoredApeYachtClub,0xBC4CA0EdA7647A8aB7C2061c2E118A18a936f13D,3006,0x84ee124284cfe41b387506e3d6149bee0a9ae652,0xf15c93562bc3944a68e938ef75d2a3360d98ca57,11.7,x2y2,19657493,1713138933,0x74908060d0f923e50ab8d8ff0d83ee3ae6c058220dc55298248a2539748aefad
BoredApeYachtClub,0xBC4CA0EdA7647A8aB7C2061c2E118A18a936f13D,3122,0x81dcd28d1cdb0983fae16056cc76b2535d13cf8c,0xf15c93562bc3944a68e938ef75d2a3360d98ca57,11.8675,seaport,19653551,1713091144,0x81ccceaa60fec86ef5c710c15c232b329679d4350b60ac0b25b14460a1c8dc86
BoredApeYachtClub,0xBC4CA0EdA7647A8aB7C2061c2E118A18a936f13D,7958,0xa8ddc4fa3632dc8544e1f8d84207e59686c79764,0xf15c93562bc3944a68e938ef75d2a3360d98ca57,12.368,seaport,19640414,1712931885,0x190c5918c0838cfe37c945767375a53a3edd25697fa86fe3a42b3be5c6216811
BoredApeYachtClub,0xBC4CA0EdA7647A8aB7C2061c2E118A18a936f13D,5954,0xaa7e647a7a22c66bff2601ba9cdc52366bda1993,0xf15c93562bc3944a68e938ef75d2a3360d98ca57,12.948,seaport,19623560,1712727564,0x3a1d8e89875731b871e2db5f8e61ed1fd914aa99943c2948404918ae3c82669c
BoredApeYachtClub,0xBC4CA0EdA7647A8aB7C2061c2E118A18a936f13D,4192,0x00c6718bb74549e3cb18b708177d8c5a28c2680e,0x3f9343a5b2d1ccad06a07219b7d74e3cbff1b8cb,13.65,x2y2,19618734,1712669059,0x582a16d0eb13f081351c1b304edd51a68d13acca68848e98fd3eafbf68a8b39f
BoredApeYachtClub,0xBC4CA0EdA7647A8aB7C2061c2E118A18a936f13D,7604,0x19fe1cbf96cf38bd0ae84556505cef05e57857e6,0x969fa39f580aa68e72959fa279c8576da34e56d9,19.99,seaport,19615551,1712630471,0x483aeb9586e2ac791743caaaa587d0925f541fbc30e8f8acdf19036d9572c798
BoredApeYachtClub,0xBC4CA0EdA7647A8aB7C2061c2E118A18a936f13D,8295,0x9d604a517750eecea2ee5c883d491449808a3498,0x6cfdad0772edc2ea15076a9706ec7c1f0a791ac1,42.0,x2y2,19613791,1712609135,0x75db7d60b1fcd1d5301d529e73f8e32e232e8f513c48b6ead49828ac29942456
BoredApeYachtClub,0xBC4CA0EdA7647A8aB7C2061c2E118A18a936f13D,6368,0x3820c123ca814d9e05c46f30e3b7bb3bab905af5,0xa8e0681d9e870b457084fb9223f13401b20b4ad0,21.0,seaport,19594362,1712373598,0xd3d5c56ae1eef322102585bfc69cb178477833f50bb4061bf5901f132b81c8cf
BoredApeYachtClub,0xBC4CA0EdA7647A8aB7C2061c2E118A18a936f13D,9619,0xf0e569de368adc35e3c928a2b3da4c0871645e01,0x0097b9cfe64455eed479292671a1121f502bc954,16.7,x2y2,19569011,1712066269,0x65a4c21948d4ad819b93e54a40ee448d74f8eb840bbfaf4e6d26e80d366cdafa
BoredApeYachtClub,0xBC4CA0EdA7647A8aB7C2061c2E118A18a936f13D,9244,0x055e58c54a10fbed282052ae003980a12361c321,0x055e58c54a10fbed282052ae003980a12361c321,11.244373,seaport,19566685,1712038071,0x4eb59dd722d6bec6c08f3eea95a99f67f59c5e96429ff1cf00324398bc82244d
BoredApeYachtClub,0xBC4CA0EdA7647A8aB7C2061c2E118A18a936f13D,9244,0xf15c93562bc3944a68e938ef75d2a3360d98ca57,0x055e58c54a10fbed282052ae003980a12361c321,12.060027,seaport,19566685,1712038071,0x4eb59dd722d6bec6c08f3eea95a99f67f59c5e96429ff1cf00324398bc82244d
BoredApeYachtClub,0xBC4CA0EdA7647A8aB7C2061c2E118A18a936f13D,908,0xe4c2da717d52ad64640d62e292073ee204d13764,0x134a7948e1363a95ee17a23c63b927152c4021ec,14.269,seaport,19560787,1711966569,0x7b5a79e5410774f24d8cc6306f1c6b4588d73e7ed7cfdf40045143729272a04f
BoredApeYachtClub,0xBC4CA0EdA7647A8aB7C2061c2E118A18a936f13D,1411,0xc1809a8ccf6eca8aec70ce2d5004dcb7391a0dd0,0xc1809a8ccf6eca8aec70ce2d5004dcb7391a0dd0,11.268209,seaport,19558145,1711934540,0xff249a0d34b6c7e5016c9e005508651d0b2e44acd69bdeeca4f5f2302cabb370
BoredApeYachtClub,0xBC4CA0EdA7647A8aB7C2061c2E118A18a936f13D,1411,0xf15c93562bc3944a68e938ef75d2a3360d98ca57,0xc1809a8ccf6eca8aec70ce2d5004dcb7391a0dd0,12.085591,seaport,19558145,1711934540,0xff249a0d34b6c7e5016c9e005508651d0b2e44acd69bdeeca4f5f2302cabb370
BoredApeYachtClub,0xBC4CA0EdA7647A8aB7C2061c2E118A18a936f13D,269,0x5a6b8d19c8c789df7f97aad0e47565d245a10907,0xf15c93562bc3944a68e938ef75d2a3360d98ca57,12.989,seaport,19557870,1711931207,0x1301be7c9008fc33c3b07aa4c915c6d3692fbc837c8619940dec243f7d358eec
BoredApeYachtClub,0xBC4CA0EdA7647A8aB7C2061c2E118A18a936f13D,2413,0xb510a8f85a6216b065a6315002b6c75519768ba9,0x089be23d7eaf3cdcd18097f69dd5218389b02908,12.0,seaport,19546711,1711795926,0x15a37561a61e4f9cc0893a92a77eb2c0d5095711f56d5140c5a8465840284ee0
BoredApeYachtClub,0xBC4CA0EdA7647A8aB7C2061c2E118A18a936f13D,5920,0x738b6b43c94928f6accb0c941b9368878f0fd3b5,0x738b6b43c94928f6accb0c941b9368878f0fd3b5,11.916645,seaport,19545381,1711779803,0x3be25260173f0cc36c4d7e642d9d9abcd5823a503163ce0925a58c32450dfeb3
BoredApeYachtClub,0xBC4CA0EdA7647A8aB7C2061c2E118A18a936f13D,5920,0x3e316f6abe52fc5cf70a6c9c0932dcb1fcbf3d62,0x738b6b43c94928f6accb0c941b9368878f0fd3b5,12.527755,seaport,19545381,1711779803,0x3be25260173f0cc36c4d7e642d9d9abcd5823a503163ce0925a58c32450dfeb3
BoredApeYachtClub,0xBC4CA0EdA7647A8aB7C2061c2E118A18a936f13D,2008,0xa21a744957e0a483cfc2cebd312c2aeb24d53397,0xa21a744957e0a483cfc2cebd312c2aeb24d53397,11.760648,seaport,19545137,1711776845,0x272e2f25900ba24d45729d4f33d2b3c92658d89c87868f75255b98475a91a70a
BoredApeYachtClub,0xBC4CA0EdA7647A8aB7C2061c2E118A18a936f13D,2008,0xf15c93562bc3944a68e938ef75d2a3360d98ca57,0xa21a744957e0a483cfc2cebd312c2aeb24d53397,12.613752,seaport,19545137,1711776845,0x272e2f25900ba24d45729d4f33d2b3c92658d89c87868f75255b98475a91a70a
BoredApeYachtClub,0xBC4CA0EdA7647A8aB7C2061c2E118A18a936f13D,7953,0xa21a744957e0a483cfc2cebd312c2aeb24d53397,0xa21a744957e0a483cfc2cebd312c2aeb24d53397,11.573445,seaport,19545080,1711776154,0x6158f7daf3c3444f1fed35965ba36d7c98724c6659f3e4428171884f20d7c25a
BoredApeYachtClub,0xBC4CA0EdA7647A8aB7C2061c2E118A18a936f13D,7953,0x3e316f6abe52fc5cf70a6c9c0932dcb1fcbf3d62,0xa21a744957e0a483cfc2cebd312c2aeb24d53397,12.166955,seaport,19545080,1711776154,0x6158f7daf3c3444f1fed35965ba36d7c98724c6659f3e4428171884f20d7c25a
BoredApeYachtClub,0xBC4CA0EdA7647A8aB7C2061c2E118A18a936f13D,3265,0xa21a744957e0a483cfc2cebd312c2aeb24d53397,0xa21a744957e0a483cfc2cebd312c2aeb24d53397,11.454936,seaport,19545077,1711776117,0xdaaf8426c61c8d179620b21047d85f1fa318bd6b301e066dcd4a1cc6351df440
BoredApeYachtClub,0xBC4CA0EdA7647A8aB7C2061c2E118A18a936f13D,3265,0xf15c93562bc3944a68e938ef75d2a3360d98ca57,0xa21a744957e0a483cfc2cebd312c2aeb24d53397,12.285864,seaport,19545077,1711776117,0xdaaf8426c61c8d179620b21047d85f1fa318bd6b301e066dcd4a1cc6351df440
BoredApeYachtClub,0xBC4CA0EdA7647A8aB7C2061c2E118A18a936f13D,7453,0x3f9343a5b2d1ccad06a07219b7d74e3cbff1b8cb,0x4b25d8ba0910f41ceb3fe2ba48d3082ed12cd8e3,15.24091,seaport,19540255,1711717661,0x9496f920c681ffbb2fc8371a06c2ecb2c64acad001b7192a11e3f6c1d32a6485
BoredApeYachtClub,0xBC4CA0EdA7647A8aB7C2061c2E118A18a936f13D,9619,0x0097b9cfe64455eed479292671a1121f502bc954,0x203e9365406b215c6d52fcf9a59242db952b0aec,16.171,seaport,19535851,1711664271,0x1f23b6aa47a98eb248606541b27e4423a7463ad6e4ff7df5d71c85d571a52186
BoredApeYachtClub,0xBC4CA0EdA7647A8aB7C2061c2E118A18a936f13D,2781,0xc6e91d990d093e7820ab65f3ef2dc8018d0a3c42,0x782de3f99f9c73c125a5e6b494373a3c68a2a914,15.75,seaport,19531662,1711613488,0x54e58656a582dd757c38f244c29bc856ff091dc94255049db6b341b0f000a539
BoredApeYachtClub,0xBC4CA0EdA7647A8aB7C2061c2E118A18a936f13D,9968,0xd8b9c8951dd24019ee4e0d5902ac18530f3f7b21,0x3f9343a5b2d1ccad06a07219b7d74e3cbff1b8cb,13.6,x2y2,19525230,1711535513,0xaa6ecc3f245c4e381eb6c119ae81b9a59f373c4a857a8211c826ec3a8f70c067
BoredApeYachtClub,0xBC4CA0EdA7647A8aB7C2061c2E118A18a936f13D,6523,0x8be74a1fa04f840a94b17d9887363d863d448a77,0x8be74a1fa04f840a94b17d9887363d863d448a77,12.768113,seaport,19519532,1711466436,0xd347553c96a62797052e6a6f947a0518caac66f915bd4fea0ee283ff07fb3555
BoredApeYachtClub,0xBC4CA0EdA7647A8aB7C2061c2E118A18a936f13D,6523,0x0097b9cfe64455eed479292671a1121f502bc954,0x8be74a1fa04f840a94b17d9887363d863d448a77,13.422887,seaport,19519532,1711466436,0xd347553c96a62797052e6a6f947a0518caac66f915bd4fea0ee283ff07fb3555
BoredApeYachtClub,0xBC4CA0EdA7647A8aB7C2061c2E118A18a936f13D,4474,0x19bc4318a7a2096d395b12e80e290e1e883dbe82,0x19bc4318a7a2096d395b12e80e290e1e883dbe82,20.475,seaport,19515924,1711422697,0x0fd34883f4b44b0881e97e4cbc16cb5560786550154069b594478c38b5faf365
BoredApeYachtClub,0xBC4CA0EdA7647A8aB7C2061c2E118A18a936f13D,4474,0x3820c123ca814d9e05c46f30e3b7bb3bab905af5,0x19bc4318a7a2096d395b12e80e290e1e883dbe82,21.525,seaport,19515924,1711422697,0x0fd34883f4b44b0881e97e4cbc16cb5560786550154069b594478c38b5faf365
BoredApeYachtClub,0xBC4CA0EdA7647A8aB7C2061c2E118A18a936f13D,5174,0x134a7948e1363a95ee17a23c63b927152c4021ec,0x134a7948e1363a95ee17a23c63b927152c4021ec,22.425,seaport,19513129,1711388813,0x057cda0ce6e9a48eddf34b164e454f8fb1ccc39d2b49a3fc86cfa2821feac38d
BoredApeYachtClub,0xBC4CA0EdA7647A8aB7C2061c2E118A18a936f13D,5174,0x3820c123ca814d9e05c46f30e3b7bb3bab905af5,0x134a7948e1363a95ee17a23c63b927152c4021ec,23.575,seaport,19513129,1711388813,0x057cda0ce6e9a48eddf34b164e454f8fb1ccc39d2b49a3fc86cfa2821feac38d
BoredApeYachtClub,0xBC4CA0EdA7647A8aB7C2061c2E118A18a936f13D,839,0x6c05da12487308ca8824c3741b3d6f89fc4b512b,0x6c05da12487308ca8824c3741b3d6f89fc4b512b,16.575,seaport,19512695,1711383552,0xe94e6dfb4e21770da672896570231bb47aebed565fa27ea5810a86368899306f
BoredApeYachtClub,0xBC4CA0EdA7647A8aB7C2061c2E118A18a936f13D,839,0x3820c123ca814d9e05c46f30e3b7bb3bab905af5,0x6c05da12487308ca8824c3741b3d6f89fc4b512b,17.425,seaport,19512695,1711383552,0xe94e6dfb4e21770da672896570231bb47aebed565fa27ea5810a86368899306f
BoredApeYachtClub,0xBC4CA0EdA7647A8aB7C2061c2E118A18a936f13D,3878,0x063c5ba36e9a6d1787e23c9d8348adbf77de3d82,0x6d0267156f1c6ce44caa4bf129b76009d3d41830,16.0,x2y2,19509828,1711348795,0xa41147fd9bd859b83e95e645ed22bc41c516608f45ad0183c03b8bde466c0fb9
BoredApeYachtClub,0xBC4CA0EdA7647A8aB7C2061c2E118A18a936f13D,394,0xeba1435844c075d8f163fbdb128b27746c1ed169,0x11c87339c894a5384907eadcd31f7ad67338590c,15.99,seaport,19509628,1711346370,0x3d5d1edb4015ea11fcf6e7f69a3b54162d0e710442b18b4b9352e7fa03d0ec7d
BoredApeYachtClub,0xBC4CA0EdA7647A8aB7C2061c2E118A18a936f13D,5806,0xc5f8b5a145b699d6972d07105d353a053e6dfffa,0xc5f8b5a145b699d6972d07105d353a053e6dfffa,12.930937,seaport,19507703,1711323034,0x16078bdf9d0f63fb52d18e39402d2fb2b64ce3fdbdddedaed5cc4c1a616c6c54
BoredApeYachtClub,0xBC4CA0EdA7647A8aB7C2061c2E118A18a936f13D,5806,0x1fee3385b22d69e93209db2042be58fcac57b59b,0xc5f8b5a145b699d6972d07105d353a053e6dfffa,13.594062,seaport,19507703,1711323034,0x16078bdf9d0f63fb52d18e39402d2fb2b64ce3fdbdddedaed5cc4c1a616c6c54
BoredApeYachtClub,0xBC4CA0EdA7647A8aB7C2061c2E118A18a936f13D,8473,0x75b47299f9d44df5c597854bc98c444578e481b1,0x75b47299f9d44df5c597854bc98c444578e481b1,12.569125,seaport,19505364,1711294678,0xa50218d19c19db321dd8610e3bd99ba2af6ce16390a65efe944f961c32ea4f0e
BoredApeYachtClub,0xBC4CA0EdA7647A8aB7C2061c2E118A18a936f13D,8473,0xf15c93562bc3944a68e938ef75d2a3360d98ca57,0x75b47299f9d44df5c597854bc98c444578e481b1,13.480875,seaport,19505364,1711294678,0xa50218d19c19db321dd8610e3bd99ba2af6ce16390a65efe944f961c32ea4f0e
BoredApeYachtClub,0xBC4CA0EdA7647A8aB7C2061c2E118A18a936f13D,8322,0x3820c123ca814d9e05c46f30e3b7bb3bab905af5,0x1d6bd644bf98b718e260ae53ea224465c7a72b40,20.0,seaport,19502245,1711256867,0x0cbc5028dec328df06c2545971574106b8c2f4e2867010a1779797d94e5c234c
BoredApeYachtClub,0xBC4CA0EdA7647A8aB7C2061c2E118A18a936f13D,8609,0x73d30ba3dc4ffd17c28cc2d75d12e50df98f29cf,0x73d30ba3dc4ffd17c28cc2d75d12e50df98f29cf,13.286423,seaport,19501994,1711253824,0x8312d39f957c035d699c44076a46bbf8064680f1d6ed4059bccd27f79aa95c1c
BoredApeYachtClub,0xBC4CA0EdA7647A8aB7C2061c2E118A18a936f13D,8609,0x1fee3385b22d69e93209db2042be58fcac57b59b,0x73d30ba3dc4ffd17c28cc2d75d12e50df98f29cf,13.967778,seaport,19501994,1711253824,0x8312d39f957c035d699c44076a46bbf8064680f1d6ed4059bccd27f79aa95c1c
BoredApeYachtClub,0xBC4CA0EdA7647A8aB7C2061c2E118A18a936f13D,7277,0x73b444b0931de0283498e4dfe8d97e6ba723eac3,0x73b444b0931de0283498e4dfe8d97e6ba723eac3,22.425,seaport,19496994,1711193209,0x8cf3748f70d383a223ba9727ea32d667c3d869b785c325347729360688def4cd
BoredApeYachtClub,0xBC4CA0EdA7647A8aB7C2061c2E118A18a936f13D,7277,0x3820c123ca814d9e05c46f30e3b7bb3bab905af5,0x73b444b0931de0283498e4dfe8d97e6ba723eac3,23.575,seaport,19496994,1711193209,0x8cf3748f70d383a223ba9727ea32d667c3d869b785c325347729360688def4cd
BoredApeYachtClub,0xBC4CA0EdA7647A8aB7C2061c2E118A18a936f13D,7214,0x73b444b0931de0283498e4dfe8d97e6ba723eac3,0x73b444b0931de0283498e4dfe8d97e6ba723eac3,22.425,seaport,19496994,1711193209,0x8cf3748f70d383a223ba9727ea32d667c3d869b785c325347729360688def4cd
BoredApeYachtClub,0xBC4CA0EdA7647A8aB7C2061c2E118A18a936f13D,7214,0x3820c123ca814d9e05c46f30e3b7bb3bab905af5,0x73b444b0931de0283498e4dfe8d97e6ba723eac3,23.575,seaport,19496994,1711193209,0x8cf3748f70d383a223ba9727ea32d667c3d869b785c325347729360688def4cd
BoredApeYachtClub,0xBC4CA0EdA7647A8aB7C2061c2E118A18a936f13D,2348,0x3820c123ca814d9e05c46f30e3b7bb3bab905af5,0xe8377f53834d8213fc7ae5404e4f37f67da63f80,14.2188,seaport,19496299,1711184783,0x880a98dd6dfabfe0b203e3db5827e9cacc94858b7e6a75fe8834fa803bf4cc2d
BoredApeYachtClub,0xBC4CA0EdA7647A8aB7C2061c2E118A18a936f13D,9258,0xbbdac7ba85af15420afd1f4aa3313c3535b15cde,0xbbdac7ba85af15420afd1f4aa3313c3535b15cde,13.43745,seaport,19495176,1711171169,0x107e68261f687c1e250e39e65fca949c1f332b6f33193e7a1f0ead5a8f288bd2
BoredApeYachtClub,0xBC4CA0EdA7647A8aB7C2061c2E118A18a936f13D,9258,0x1fee3385b22d69e93209db2042be58fcac57b59b,0xbbdac7ba85af15420afd1f4aa3313c3535b15cde,14.12655,seaport,19495176,1711171169,0x107e68261f687c1e250e39e65fca949c1f332b6f33193e7a1f0ead5a8f288bd2
BoredApeYachtClub,0xBC4CA0EdA7647A8aB7C2061c2E118A18a936f13D,7232,0x1e04bfb945dfa23ed8bdea67947ca0d7b5fff75d,0x0e20029447dbe48e27f8ad9d34d47a32bc713928,0.69,seaport,19493808,1711154585,0xb49626da98122677b9e21bd768939ab6656d1e4298f3fa64e7f51b3b081f8c6e
BoredApeYachtClub,0xBC4CA0EdA7647A8aB7C2061c2E118A18a936f13D,67,0x0e20029447dbe48e27f8ad9d34d47a32bc713928,0x1e04bfb945dfa23ed8bdea67947ca0d7b5fff75d,0.0,seaport,19493384,1711149445,0x56359ce85dca36e5d600a615cb55df34091fc1bf0db49e625192d2fd15429583
BoredApeYachtClub,0xBC4CA0EdA7647A8aB7C2061c2E118A18a936f13D,9872,0x2db279e5e8d752dc0fc7de12829afe4b8cef4d84,0x2db279e5e8d752dc0fc7de12829afe4b8cef4d84,13.508456,seaport,19492602,1711139965,0x03c08bda7aac3dbb6af902361afdfae39174cc612b2a0ee5cd6995f21c2bb500
BoredApeYachtClub,0xBC4CA0EdA7647A8aB7C2061c2E118A18a936f13D,9872,0xf15c93562bc3944a68e938ef75d2a3360d98ca57,0x2db279e5e8d752dc0fc7de12829afe4b8cef4d84,14.488344,seaport,19492602,1711139965,0x03c08bda7aac3dbb6af902361afdfae39174cc612b2a0ee5cd6995f21c2bb500
BoredApeYachtClub,0xBC4CA0EdA7647A8aB7C2061c2E118A18a936f13D,5952,0xb2f93d80cad1107b9f321230d72996ea70a514d4,0xce841f783dc6d9df256af36b1cf6b3a52aa57cdc,14.495,seaport,19491622,1711128084,0x792129700d15c63ded997fcc1913c6f15640e99672e71817c8ccb72a789a15c7
BoredApeYachtClub,0xBC4CA0EdA7647A8aB7C2061c2E118A18a936f13D,67,0x1e04bfb945dfa23ed8bdea67947ca0d7b5fff75d,0x1d6bd644bf98b718e260ae53ea224465c7a72b40,14.5,seaport,19486210,1711062475,0x7f102bb410380a6eb54deb383a99c07f4e102163b230f026ea72d3f30ce88c71
BoredApeYachtClub,0xBC4CA0EdA7647A8aB7C2061c2E118A18a936f13D,8834,0x88f09bdc8e99272588242a808052eb32702f88d0,0x1e04bfb945dfa23ed8bdea67947ca0d7b5fff75d,16.23,seaport,19486191,1711062244,0x6d7f0ce6418dd45e80128d7a627744ddbf89e8b9ce7ee0c99fa44b3816e79c08
BoredApeYachtClub,0xBC4CA0EdA7647A8aB7C2061c2E118A18a936f13D,7222,0x7377f8f5ed7543209367a9c83cce3f21b1848a19,0xf15c93562bc3944a68e938ef75d2a3360d98ca57,14.95,seaport,19486100,1711061141,0x8f091fc6b4f37194f2537d0e5b21527b3ffe28b8dab657702fbe8b84577f2a56
BoredApeYachtClub,0xBC4CA0EdA7647A8aB7C2061c2E118A18a936f13D,4211,0x59e2198d16409cabd5cd5b5bcbe676cb8701d299,0xce841f783dc6d9df256af36b1cf6b3a52aa57cdc,14.495,seaport,19485963,1711059480,0x384d48ffebe7e3a8576ed4360d3f8d7f8a65acb5074b7f46fb68df197cee453b
BoredApeYachtClub,0xBC4CA0EdA7647A8aB7C2061c2E118A18a936f13D,8461,0x7a39df851dbda5233646ca2defa2a67c34d15c73,0xe9581fb58eb6fdcbd45fcba793149bab6b0e0c4b,29.0,seaport,19485668,1711055904,0x5d65fd88041861d37dcb0322bd19e51f4aa594c167737eee8cd85de56cd8d19d
BoredApeYachtClub,0xBC4CA0EdA7647A8aB7C2061c2E118A18a936f13D,4638,0x62f1f2d622741a186e712d09931e384d3f49d1fb,0x1d6bd644bf98b718e260ae53ea224465c7a72b40,14.15,seaport,19485061,1711048545,0xfb7220f408ac946caa8a7d257b8ff5f807d5bed2ccbbafef5d80bc087021ec26
BoredApeYachtClub,0xBC4CA0EdA7647A8aB7C2061c2E118A18a936f13D,8003,0x7a6b049d83554da1175d65be3f6264a74a05ae17,0x7a6b049d83554da1175d65be3f6264a74a05ae17,13.477035,seaport,19482468,1711017111,0xb50e53f339c29f5e60b6523c6d31fbd378983238f2b0c11c05cdb527b41af6c0
BoredApeYachtClub,0xBC4CA0EdA7647A8aB7C2061c2E118A18a936f13D,8003,0x0097b9cfe64455eed479292671a1121f502bc954,0x7a6b049d83554da1175d65be3f6264a74a05ae17,14.168165,seaport,19482468,1711017111,0xb50e53f339c29f5e60b6523c6d31fbd378983238f2b0c11c05cdb527b41af6c0
BoredApeYachtClub,0xBC4CA0EdA7647A8aB7C2061c2E118A18a936f13D,1855,0x45a5340c78e665f121e76cd36aade25fc5da7ddb,0x45a5340c78e665f121e76cd36aade25fc5da7ddb,13.122915,seaport,19479800,1710984767,0x51322fb8d0d5ec047e5c8c02aac2fdc592e8895e042fe4e96195d4ffb9addcaf
BoredApeYachtClub,0xBC4CA0EdA7647A8aB7C2061c2E118A18a936f13D,1855,0x1fee3385b22d69e93209db2042be58fcac57b59b,0x45a5340c78e665f121e76cd36aade25fc5da7ddb,13.795885,seaport,19479800,1710984767,0x51322fb8d0d5ec047e5c8c02aac2fdc592e8895e042fe4e96195d4ffb9addcaf
BoredApeYachtClub,0xBC4CA0EdA7647A8aB7C2061c2E118A18a936f13D,5089,0x0ca6fe18b7370e99735d2b5b1b6928f78ab4725c,0x0ca6fe18b7370e99735d2b5b1b6928f78ab4725c,12.594075,seaport,19477771,1710960136,0xee9c7f60f0391c0ed3bfb659f26bd1b6f6e430c3ba7354d991799bb4f9b1c21a
BoredApeYachtClub,0xBC4CA0EdA7647A8aB7C2061c2E118A18a936f13D,5089,0x1fee3385b22d69e93209db2042be58fcac57b59b,0x0ca6fe18b7370e99735d2b5b1b6928f78ab4725c,13.239925,seaport,19477771,1710960136,0xee9c7f60f0391c0ed3bfb659f26bd1b6f6e430c3ba7354d991799bb4f9b1c21a
BoredApeYachtClub,0xBC4CA0EdA7647A8aB7C2061c2E118A18a936f13D,9563,0x13ffc3afdde405979711729ec6053e2ee395736f,0x2e7573445b46a305f6b80f86ba56e788b2db7e68,15.0,x2y2,19476695,1710947074,0x52d8ce3ae96c0ef317fa006946a5e6ba1fc12497b3560342b2c931fe9127e7ff
BoredApeYachtClub,0xBC4CA0EdA7647A8aB7C2061c2E118A18a936f13D,2458,0x3820c123ca814d9e05c46f30e3b7bb3bab905af5,0x556d6617465fdb80652f01c6134bb9aa849f8f06,25.0,seaport,19476538,1710945168,0xb315c89401b8c74a740ea14075eb9060ebccda96cba5a8d12b38bc1925743254
BoredApeYachtClub,0xBC4CA0EdA7647A8aB7C2061c2E118A18a936f13D,8279,0xb7a98544083a5f6dd3bcf267aba5a714e3f515f4,0xf15c93562bc3944a68e938ef75d2a3360d98ca57,13.39899,seaport,19476131,1710940228,0x4bfa58b393256e72e994c26b56609e78d3bec0bbadaede4e8a19ca9744af2b50
BoredApeYachtClub,0xBC4CA0EdA7647A8aB7C2061c2E118A18a936f13D,4566,0xb7a98544083a5f6dd3bcf267aba5a714e3f515f4,0xce841f783dc6d9df256af36b1cf6b3a52aa57cdc,13.99,seaport,19476094,1710939778,0x131cbb44e2d8be42363480624c2009a30419eddfb9961b0b6459e30813107dd6
BoredApeYachtClub,0xBC4CA0EdA7647A8aB7C2061c2E118A18a936f13D,796,0xd68615c82c613ca1f42fcdeaeddfa0e1d4c87e6d,0x7c1958ba95ab3170f6069dadf4de304b0c00000c,14.88,seaport,19475826,1710936525,0x60c6b8260fbca16049ddaf1fd32d47e80a346a72009503ba6063077388995655
BoredApeYachtClub,0xBC4CA0EdA7647A8aB7C2061c2E118A18a936f13D,2501,0x26c541f5e1c8eab0f6f0943bb1c8843ab18c4b0d,0xe8377f53834d8213fc7ae5404e4f37f67da63f80,13.248,seaport,19475024,1710926789,0xc42e1235ef93ea795bf92bd8cd32d8cd3c5dc018b9d509ddfd02fe102f882b7c
BoredApeYachtClub,0xBC4CA0EdA7647A8aB7C2061c2E118A18a936f13D,1732,0x8b5abf01b87f87fb8e0ffc60d32ed7dd29b1f06b,0xc301ccb76e60279bd223f25198be3c7239304246,13.2,seaport,19474626,1710921958,0x403bced672985967eae7b2e13abc985719c6e7df903460e857879119eae6b266
BoredApeYachtClub,0xBC4CA0EdA7647A8aB7C2061c2E118A18a936f13D,9138,0x35b2141233fd4cddcc5dd6130122ad7f099ecebe,0x35b2141233fd4cddcc5dd6130122ad7f099ecebe,12.352386,seaport,19472716,1710898772,0x0e229692b3804cd9d86d2da54c0d13c66c4a28ac8a990da8167339a88fccc298
BoredApeYachtClub,0xBC4CA0EdA7647A8aB7C2061c2E118A18a936f13D,9138,0xf15c93562bc3944a68e938ef75d2a3360d98ca57,0x35b2141233fd4cddcc5dd6130122ad7f099ecebe,13.248414,seaport,19472716,1710898772,0x0e229692b3804cd9d86d2da54c0d13c66c4a28ac8a990da8167339a88fccc298
BoredApeYachtClub,0xBC4CA0EdA7647A8aB7C2061c2E118A18a936f13D,2739,0x2de2b9dec8a070b8f0e411579da938715fd6c4e6,0xde9b4206b1499e56e4417f8edb7be4586fed30ba,19.5,x2y2,19471088,1710879009,0x0229bdb3a917a504bd9bcf949f35a2c757b680df9542b8eede2af4f2845ee238
BoredApeYachtClub,0xBC4CA0EdA7647A8aB7C2061c2E118A18a936f13D,5689,0x9ade3067e2f6e9915d0f276687877fbe1515a006,0x9ade3067e2f6e9915d0f276687877fbe1515a006,12.70425,seaport,19470828,1710875853,0xef4a7e7d507c5b432bfa8000dfd8ed919a508831bac3df806791edc2e16bfc7b
BoredApeYachtClub,0xBC4CA0EdA7647A8aB7C2061c2E118A18a936f13D,5689,0x507c9e2089f0db8c4e264206bc4b32ea75ee27ac,0x9ade3067e2f6e9915d0f276687877fbe1515a006,13.35575,seaport,19470828,1710875853,0xef4a7e7d507c5b432bfa8000dfd8ed919a508831bac3df806791edc2e16bfc7b
BoredApeYachtClub,0xBC4CA0EdA7647A8aB7C2061c2E118A18a936f13D,3154,0xad972f5806d8cd2fc58c7f2f49c21278934f9fdc,0xad972f5806d8cd2fc58c7f2f49c21278934f9fdc,12.7725,seaport,19470420,1710870900,0xd76fd7a1859e1c9b279f2970c4f97d15e088162a5a827b4ae985c475294a6fb6
BoredApeYachtClub,0xBC4CA0EdA7647A8aB7C2061c2E118A18a936f13D,3154,0x09c0f83a78e19a0268c5337467b3055423e42196,0xad972f5806d8cd2fc58c7f2f49c21278934f9fdc,13.4275,seaport,19470420,1710870900,0xd76fd7a1859e1c9b279f2970c4f97d15e088162a5a827b4ae985c475294a6fb6
BoredApeYachtClub,0xBC4CA0EdA7647A8aB7C2061c2E118A18a936f13D,1485,0x7ca9cb2d306643123cafa5087f50a1b6e0b3c352,0xa58de7c7b4a165f604392c62b3f721675fdbd887,16.0,seaport,19468701,1710850033,0x1e5d9ed9dc0276765ec66ac7e171d60ad83297f7395a464cf9434032aaeaab8e
BoredApeYachtClub,0xBC4CA0EdA7647A8aB7C2061c2E118A18a936f13D,3649,0x489a832e6065589da129ab75bdc94aa8d04c57bf,0x489a832e6065589da129ab75bdc94aa8d04c57bf,12.72375,seaport,19468284,1710844971,0x5c3612244e4d4981dd11518e91a588d7fccfab6d23d720306e42174b46dd8912
BoredApeYachtClub,0xBC4CA0EdA7647A8aB7C2061c2E118A18a936f13D,3649,0xa56b94022e2d2086450c25efef6d3aeb53368088,0x489a832e6065589da129ab75bdc94aa8d04c57bf,13.37625,seaport,19468284,1710844971,0x5c3612244e4d4981dd11518e91a588d7fccfab6d23d720306e42174b46dd8912
BoredApeYachtClub,0xBC4CA0EdA7647A8aB7C2061c2E118A18a936f13D,860,0x15b2a501578e1bdfa6612be22796ae2c4ce7e7ec,0x15b2a501578e1bdfa6612be22796ae2c4ce7e7ec,23.4,seaport,19467529,1710835806,0x528374976b3ca2dda7baffc6461871955e9ceded4ec8e11d1603551985f32eee
BoredApeYachtClub,0xBC4CA0EdA7647A8aB7C2061c2E118A18a936f13D,860,0x3820c123ca814d9e05c46f30e3b7bb3bab905af5,0x15b2a501578e1bdfa6612be22796ae2c4ce7e7ec,24.6,seaport,19467529,1710835806,0x528374976b3ca2dda7baffc6461871955e9ceded4ec8e11d1603551985f32eee
BoredApeYachtClub,0xBC4CA0EdA7647A8aB7C2061c2E118A18a936f13D,5833,0xa8a384fcda7b5ea26bc51e9c33ae77cdbc89ca14,0x2e7573445b46a305f6b80f86ba56e788b2db7e68,14.49,seaport,19466765,1710826531,0x4c32cd1bd8f397df5b2a4ca00c29a4c0f60fce8c67bb20c743c0c8f7d789c6b2
BoredApeYachtClub,0xBC4CA0EdA7647A8aB7C2061c2E118A18a936f13D,5287,0x2500c32a9d064b1fabf2ef174ee63f3aadf21503,0x2500c32a9d064b1fabf2ef174ee63f3aadf21503,12.791075,seaport,19465444,1710810495,0xeb2b855cc3923a2217173e932356bbd0ffacb782d9e401c2f78befa993c35bd4
BoredApeYachtClub,0xBC4CA0EdA7647A8aB7C2061c2E118A18a936f13D,5287,0x8ed9a20098be9e7d637e3a7f6e7cc998049362a4,0x2500c32a9d064b1fabf2ef174ee63f3aadf21503,13.718925,seaport,19465444,1710810495,0xeb2b855cc3923a2217173e932356bbd0ffacb782d9e401c2f78befa993c35bd4
BoredApeYachtClub,0xBC4CA0EdA7647A8aB7C2061c2E118A18a936f13D,1835,0x891ff8aedac316caee5774c51e21a13a7cea7669,0x6d0267156f1c6ce44caa4bf129b76009d3d41830,16.5,x2y2,19465432,1710810350,0xe809404ef754e2fdc15ad2fa0feeadfa42d35d984f2cd4a71cc2cf6c30dbec5f
BoredApeYachtClub,0xBC4CA0EdA7647A8aB7C2061c2E118A18a936f13D,3474,0xbf13d0b717a35f2f88198d0460cf6a02530c3ff7,0xbf13d0b717a35f2f88198d0460cf6a02530c3ff7,13.11375,seaport,19462475,1710774454,0x52de3ddfcea6afb18352052955fd571f9203f68e6f0d37a65ad4dc61f41b40e9
BoredApeYachtClub,0xBC4CA0EdA7647A8aB7C2061c2E118A18a936f13D,3474,0xce841f783dc6d9df256af36b1cf6b3a52aa57cdc,0xbf13d0b717a35f2f88198d0460cf6a02530c3ff7,13.78625,seaport,19462475,1710774454,0x52de3ddfcea6afb18352052955fd571f9203f68e6f0d37a65ad4dc61f41b40e9
BoredApeYachtClub,0xBC4CA0EdA7647A8aB7C2061c2E118A18a936f13D,2110,0x3820c123ca814d9e05c46f30e3b7bb3bab905af5,0xce841f783dc6d9df256af36b1cf6b3a52aa57cdc,14.5,seaport,19461649,1710764427,0xc37c2c02778b1af8cdd5701661f8815f76198df4df9d43631eae106e4602abf2
BoredApeYachtClub,0xBC4CA0EdA7647A8aB7C2061c2E118A18a936f13D,5301,0xf183046c01300e57292ada6bad9e8902a0684fd4,0x2e7573445b46a305f6b80f86ba56e788b2db7e68,14.98,seaport,19457783,1710717497,0x6d357a533e7ffcb957afaec4c0cb26c0fb947823d94b8e7049535c280fd62be1
BoredApeYachtClub,0xBC4CA0EdA7647A8aB7C2061c2E118A18a936f13D,4505,0xb5a21f33ed269fe52ea79d817667bda6206c8d9a,0xb5a21f33ed269fe52ea79d817667bda6206c8d9a,13.718054,seaport,19456395,1710700647,0xfe57afed8133830221192b5fb8d6d521e5d6b8e48c3fc2455e2d0e17cea9d66c
BoredApeYachtClub,0xBC4CA0EdA7647A8aB7C2061c2E118A18a936f13D,4505,0x8ed9a20098be9e7d637e3a7f6e7cc998049362a4,0xb5a21f33ed269fe52ea79d817667bda6206c8d9a,14.713146,seaport,19456395,1710700647,0xfe57afed8133830221192b5fb8d6d521e5d6b8e48c3fc2455e2d0e17cea9d66c
BoredApeYachtClub,0xBC4CA0EdA7647A8aB7C2061c2E118A18a936f13D,9105,0x8fea76af321a0815bff053323f3a4395c99ed582,0x84ee124284cfe41b387506e3d6149bee0a9ae652,14.9989,seaport,19454447,1710677000,0x12f241fda6a35046beff29419cbb39d31624ec2f96a8402e73b00cfea1d7e156
BoredApeYachtClub,0xBC4CA0EdA7647A8aB7C2061c2E118A18a936f13D,1640,0xeb3a677d41a1f0333c27560d86a0caee33cff031,0xce841f783dc6d9df256af36b1cf6b3a52aa57cdc,13.84,seaport,19451473,1710640898,0x262528b725b85e3fde4735e2d1796f266b5813bed5ccb2a25b418b5e5ba1aa47
BoredApeYachtClub,0xBC4CA0EdA7647A8aB7C2061c2E118A18a936f13D,2820,0xfce613d3592f5a095068bd3c390ca4ee647fc6e8,0x961d8705436d924b7c7130eedab3da93f606503f,13.95,seaport,19448951,1710610283,0x33161052a1fe8072e031afd91a81d747b28c2394668c2667a76447acf6c06905
BoredApeYachtClub,0xBC4CA0EdA7647A8aB7C2061c2E118A18a936f13D,8537,0xb0e9bc2d81856b46d0d0f7217435791c80df0808,0x35b2141233fd4cddcc5dd6130122ad7f099ecebe,18.0,seaport,19445857,1710572724,0x3a347f7525cced7d32998a5e21d6e620b4d3cb2bffb68e08e1bcbb1414fbe49d
BoredApeYachtClub,0xBC4CA0EdA7647A8aB7C2061c2E118A18a936f13D,1575,0x29442d51c9009894870debb43eda0cfaf857b658,0x29442d51c9009894870debb43eda0cfaf857b658,12.57828,seaport,19444142,1710551905,0x766189d56881dcdff497eba65dcbb03bd34be764422d8c4a4867d05938125022
BoredApeYachtClub,0xBC4CA0EdA7647A8aB7C2061c2E118A18a936f13D,1575,0x3e316f6abe52fc5cf70a6c9c0932dcb1fcbf3d62,0x29442d51c9009894870debb43eda0cfaf857b658,13.22332,seaport,19444142,1710551905,0x766189d56881dcdff497eba65dcbb03bd34be764422d8c4a4867d05938125022
BoredApeYachtClub,0xBC4CA0EdA7647A8aB7C2061c2E118A18a936f13D,3938,0x3820c123ca814d9e05c46f30e3b7bb3bab905af5,0xcaf4f7017523dd07e59469092fd27cedaba42f04,16.1,seaport,19438665,1710485418,0x2a939d7078dc2f91b1169c3a54a85f007a68d24f24499307ab218d20fb8bdf49
BoredApeYachtClub,0xBC4CA0EdA7647A8aB7C2061c2E118A18a936f13D,5234,0x184bae584e3aedaa44d88d9f83f2244ac53ade5d,0x184bae584e3aedaa44d88d9f83f2244ac53ade5d,13.109362,seaport,19436095,1710454220,0x3b2191baeeec437e44349f8e920fbaecfea63292760c40d03adfaa5ea0dacb1d
BoredApeYachtClub,0xBC4CA0EdA7647A8aB7C2061c2E118A18a936f13D,5234,0x3e316f6abe52fc5cf70a6c9c0932dcb1fcbf3d62,0x184bae584e3aedaa44d88d9f83f2244ac53ade5d,13.781637,seaport,19436095,1710454220,0x3b2191baeeec437e44349f8e920fbaecfea63292760c40d03adfaa5ea0dacb1d
BoredApeYachtClub,0xBC4CA0EdA7647A8aB7C2061c2E118A18a936f13D,9791,0xbb67fbf829c293bbc73db7e0f4f5cb50ca351e74,0xbb67fbf829c293bbc73db7e0f4f5cb50ca351e74,12.792426,seaport,19434492,1710434761,0x326348726945dccaf25109d4fdbc682faf01b2d503f6d0e8ecc716a0c58ffc01
BoredApeYachtClub,0xBC4CA0EdA7647A8aB7C2061c2E118A18a936f13D,9791,0xf15c93562bc3944a68e938ef75d2a3360d98ca57,0xbb67fbf829c293bbc73db7e0f4f5cb50ca351e74,13.720374,seaport,19434492,1710434761,0x326348726945dccaf25109d4fdbc682faf01b2d503f6d0e8ecc716a0c58ffc01
BoredApeYachtClub,0xBC4CA0EdA7647A8aB7C2061c2E118A18a936f13D,1732,0xc301ccb76e60279bd223f25198be3c7239304246,0xce841f783dc6d9df256af36b1cf6b3a52aa57cdc,13.9,x2y2,19432030,1710404874,0x13b5d2b4f6d8a58ff360d7a437fd3dc8aed53b76438613ea13deb3cb435dddd2
BoredApeYachtClub,0xBC4CA0EdA7647A8aB7C2061c2E118A18a936f13D,6957,0xc301ccb76e60279bd223f25198be3c7239304246,0xc301ccb76e60279bd223f25198be3c7239304246,13.60125,seaport,19431573,1710399327,0xda2bb1a799b0dffb1ab3d4fd31767ff512c6bb148be2347c2c0e594adc06c4bd
BoredApeYachtClub,0xBC4CA0EdA7647A8aB7C2061c2E118A18a936f13D,6957,0xd7db7fb9ae9b8204480b1dfea46e79d513c8f92b,0xc301ccb76e60279bd223f25198be3c7239304246,14.29875,seaport,19431573,1710399327,0xda2bb1a799b0dffb1ab3d4fd31767ff512c6bb148be2347c2c0e594adc06c4bd
BoredApeYachtClub,0xBC4CA0EdA7647A8aB7C2061c2E118A18a936f13D,4819,0x8a7f10da28788428e469d2621e2eb3026b195678,0x1e04bfb945dfa23ed8bdea67947ca0d7b5fff75d,14.99,seaport,19430215,1710382842,0x84625c358b58365c2a42c61e882a979c056a2c8e244ed45c5aff6d7e933ff55c
BoredApeYachtClub,0xBC4CA0EdA7647A8aB7C2061c2E118A18a936f13D,7218,0xbfe6695e3ad5fb15ba57b1fb2e9e92acb04c1908,0x5deccd005df66cdd2f0b668610709e562eb3a00e,15.4,seaport,19430161,1710382186,0xe1e646efdbfbb47ec13b1a32dc415be0d41291fb8e3cc982047c74249ee6bbbe
BoredApeYachtClub,0xBC4CA0EdA7647A8aB7C2061c2E118A18a936f13D,5684,0xce841f783dc6d9df256af36b1cf6b3a52aa57cdc,0xce841f783dc6d9df256af36b1cf6b3a52aa57cdc,13.8305,seaport,19429997,1710380195,0x09b68261dae869d11d71d98767c29e3a82eedd01b83baa8830147dc1c84d3f71
BoredApeYachtClub,0xBC4CA0EdA7647A8aB7C2061c2E118A18a936f13D,5684,0x6900c1f8e31b786ad9a85219d6d3fca20fedbd3f,0xce841f783dc6d9df256af36b1cf6b3a52aa57cdc,13.9695,seaport,19429997,1710380195,0x09b68261dae869d11d71d98767c29e3a82eedd01b83baa8830147dc1c84d3f71
BoredApeYachtClub,0xBC4CA0EdA7647A8aB7C2061c2E118A18a936f13D,8643,0x95921da9f69d177c1c4421ff3b70446883c538b8,0x95921da9f69d177c1c4421ff3b70446883c538b8,14.625,seaport,19426849,1710341981,0x44f49f6a8ee175de1168ff1761f95b554291f9ec58fca8ed910635b832f440e9
BoredApeYachtClub,0xBC4CA0EdA7647A8aB7C2061c2E118A18a936f13D,8643,0xf5a74a8b5034a7083cdc9da288c62027f54897ca,0x95921da9f69d177c1c4421ff3b70446883c538b8,15.375,seaport,19426849,1710341981,0x44f49f6a8ee175de1168ff1761f95b554291f9ec58fca8ed910635b832f440e9
BoredApeYachtClub,0xBC4CA0EdA7647A8aB7C2061c2E118A18a936f13D,4690,0x1fb85970a250f1741beb0056a97954d4dc7b1009,0x1fb85970a250f1741beb0056a97954d4dc7b1009,14.256547,seaport,19424773,1710316780,0x75780b31adf39a46881d7d1a51c5690b9cd2334c1d27e0815f7deee9944fb0cf
BoredApeYachtClub,0xBC4CA0EdA7647A8aB7C2061c2E118A18a936f13D,4690,0x645998e8aa4817ed6c6fe244482d8842ace72c29,0x1fb85970a250f1741beb0056a97954d4dc7b1009,14.987652,seaport,19424773,1710316780,0x75780b31adf39a46881d7d1a51c5690b9cd2334c1d27e0815f7deee9944fb0cf
BoredApeYachtClub,0xBC4CA0EdA7647A8aB7C2061c2E118A18a936f13D,9789,0xf3c8a1baf3d533d300d02798169991d2aafab019,0x3ed7db11f0b2de2fa4d65e8114d9d914bc5dc2fa,15.39,seaport,19424463,1710313017,0x6da89418f8a320f7dfb98f7185c60f3479d31a8f8786882f0ad8009db6bfd36a
BoredApeYachtClub,0xBC4CA0EdA7647A8aB7C2061c2E118A18a936f13D,1379,0xaf184b4cbc73a9ca2f51c4a4d80ed67a2578e9f4,0xa2f034ce514acfc14b43601e1d0ff4e1e6b72067,14.98,seaport,19424335,1710311463,0x11866326f45704c282ef0fcb4d287eed71fd4765013c53f275cd03fec3b83b33
BoredApeYachtClub,0xBC4CA0EdA7647A8aB7C2061c2E118A18a936f13D,8044,0xb17cf8ef22a650b6de374a14fb1cabda635fdd8b,0x302f7ced2522a8d397e3f773622d6f2b70e381ad,15.0,seaport,19423905,1710306243,0xaacf2fcd841c50271d3531762b73f68d60b8b677fb854cdca127795743b6785d
BoredApeYachtClub,0xBC4CA0EdA7647A8aB7C2061c2E118A18a936f13D,9041,0xe516dd1dbdf3bc7a647f8e1995a81ba3c96fa32f,0x3eaec65023ee6b06ec46a25b96cebe0403960408,14.392,seaport,19423629,1710302892,0x17ad91b095561d92e2ab275bc4535a017689e6aabf23f53f66a22a99b25f6450
BoredApeYachtClub,0xBC4CA0EdA7647A8aB7C2061c2E118A18a936f13D,6096,0x4ed2f648bbe43164746b7401880ee5dac5296422,0x4ed2f648bbe43164746b7401880ee5dac5296422,12.358369,seaport,19422814,1710292999,0xc4e90aa0bef17ad648d19281e41d0430a05d235ad3c15b8c55091a7e207c9254
BoredApeYachtClub,0xBC4CA0EdA7647A8aB7C2061c2E118A18a936f13D,6096,0xf15c93562bc3944a68e938ef75d2a3360d98ca57,0x4ed2f648bbe43164746b7401880ee5dac5296422,13.254831,seaport,19422814,1710292999,0xc4e90aa0bef17ad648d19281e41d0430a05d235ad3c15b8c55091a7e207c9254
BoredApeYachtClub,0xBC4CA0EdA7647A8aB7C2061c2E118A18a936f13D,336,0x740802ea66731e8401b689ffdfb27e592892f035,0x740802ea66731e8401b689ffdfb27e592892f035,12.671783,seaport,19422610,1710290522,0x1a778c3d9e037d207682b2b34269c61067fcfcb256b8002e751c3b0ba91b479f
BoredApeYachtClub,0xBC4CA0EdA7647A8aB7C2061c2E118A18a936f13D,336,0x1fee3385b22d69e93209db2042be58fcac57b59b,0x740802ea66731e8401b689ffdfb27e592892f035,13.321618,seaport,19422610,1710290522,0x1a778c3d9e037d207682b2b34269c61067fcfcb256b8002e751c3b0ba91b479f
BoredApeYachtClub,0xBC4CA0EdA7647A8aB7C2061c2E118A18a936f13D,4507,0x740802ea66731e8401b689ffdfb27e592892f035,0x740802ea66731e8401b689ffdfb27e592892f035,13.358475,seaport,19422594,1710290328,0xb65f3d983e28660d14d72e18b74ac75bd98abba3b1ab6b683a1ff786ddcc2fac
BoredApeYachtClub,0xBC4CA0EdA7647A8aB7C2061c2E118A18a936f13D,4507,0x0097b9cfe64455eed479292671a1121f502bc954,0x740802ea66731e8401b689ffdfb27e592892f035,14.043525,seaport,19422594,1710290328,0xb65f3d983e28660d14d72e18b74ac75bd98abba3b1ab6b683a1ff786ddcc2fac
BoredApeYachtClub,0xBC4CA0EdA7647A8aB7C2061c2E118A18a936f13D,5980,0x740802ea66731e8401b689ffdfb27e592892f035,0x740802ea66731e8401b689ffdfb27e592892f035,12.87,seaport,19422580,1710290158,0x001f258d73eb6b71651a8b6daf68ecf13b6552038d93cafa507238cfe2feae15
BoredApeYachtClub,0xBC4CA0EdA7647A8aB7C2061c2E118A18a936f13D,5980,0xce841f783dc6d9df256af36b1cf6b3a52aa57cdc,0x740802ea66731e8401b689ffdfb27e592892f035,13.53,seaport,19422580,1710290158,0x001f258d73eb6b71651a8b6daf68ecf13b6552038d93cafa507238cfe2feae15
BoredApeYachtClub,0xBC4CA0EdA7647A8aB7C2061c2E118A18a936f13D,3519,0x44ea6f4805b92b14951c109fed1ef55d6fa6d084,0xf2fc63e527bec050c0ddb22265a703a997e1b6cc,14.391,seaport,19422260,1710286274,0xdc498f38b2f71442082c719b2432c6609a9ba3f516d630b61023d999867fa45f
BoredApeYachtClub,0xBC4CA0EdA7647A8aB7C2061c2E118A18a936f13D,7697,0x97d1dbf04364163b3b26efba2f704dec1e2ffac4,0x97d1dbf04364163b3b26efba2f704dec1e2ffac4,12.735352,seaport,19421613,1710278420,0x22f4fd84f2433678d8dc1eb8f8a61315d5bcde1bd91e23e746d73fc1e7d59f50
BoredApeYachtClub,0xBC4CA0EdA7647A8aB7C2061c2E118A18a936f13D,7697,0x645998e8aa4817ed6c6fe244482d8842ace72c29,0x97d1dbf04364163b3b26efba2f704dec1e2ffac4,13.388447,seaport,19421613,1710278420,0x22f4fd84f2433678d8dc1eb8f8a61315d5bcde1bd91e23e746d73fc1e7d59f50
BoredApeYachtClub,0xBC4CA0EdA7647A8aB7C2061c2E118A18a936f13D,8396,0x97d1dbf04364163b3b26efba2f704dec1e2ffac4,0x97d1dbf04364163b3b26efba2f704dec1e2ffac4,12.593057,seaport,19421610,1710278383,0x876a4f53985a0a5ee180e46edb7390b19219d30c5467d8840805bbcb011161da
BoredApeYachtClub,0xBC4CA0EdA7647A8aB7C2061c2E118A18a936f13D,8396,0xf15c93562bc3944a68e938ef75d2a3360d98ca57,0x97d1dbf04364163b3b26efba2f704dec1e2ffac4,13.506543,seaport,19421610,1710278383,0x876a4f53985a0a5ee180e46edb7390b19219d30c5467d8840805bbcb011161da
BoredApeYachtClub,0xBC4CA0EdA7647A8aB7C2061c2E118A18a936f13D,6020,0x7a1d99c12c22fd8b64e62b1fbfc4677140f0cf8f,0x84ee124284cfe41b387506e3d6149bee0a9ae652,13.649,seaport,19421498,1710277024,0x164e6e55fa9911dcbfa68f31b5dc820afa12183240bdd6d8cbe1ae2cdcf33cd3
BoredApeYachtClub,0xBC4CA0EdA7647A8aB7C2061c2E118A18a936f13D,9738,0x8b5abf01b87f87fb8e0ffc60d32ed7dd29b1f06b,0xf15c93562bc3944a68e938ef75d2a3360d98ca57,14.95,seaport,19421449,1710276429,0xed2fcd41c0d0e3072929261b073a7a5ae535541faf9977b690a36ed7d1fde4b1
BoredApeYachtClub,0xBC4CA0EdA7647A8aB7C2061c2E118A18a936f13D,9255,0x52236918af7bc85d654837b568498dde6ce1407c,0x9727e451546e8d2103d432967796904164477d9a,13.39,seaport,19421303,1710274656,0x4e62465bd79c4b6e801ce0aa65924611d3ab1af0d0319f04b61c001fb3857b50
BoredApeYachtClub,0xBC4CA0EdA7647A8aB7C2061c2E118A18a936f13D,4527,0x63ac40bea352df57f460c391af0a512105c142ef,0x0e73d837b29ac157d072c946ad65d3fa9a5750ba,16.25,seaport,19421164,1710272969,0xbc7860309062b6fbd6285bd5e3a4c3cdfe4f95de74a9cdc142e3dabf9a78a573
BoredApeYachtClub,0xBC4CA0EdA7647A8aB7C2061c2E118A18a936f13D,745,0x6cd84875ba3154ec24da92f23855b316280dbcc3,0x6cd84875ba3154ec24da92f23855b316280dbcc3,12.01512,seaport,19420754,1710267992,0xf3d72697e771cfe5e8e4a003238a7e4f27320d4edabb3c2ab8676d681b5efa1d
BoredApeYachtClub,0xBC4CA0EdA7647A8aB7C2061c2E118A18a936f13D,745,0x1fee3385b22d69e93209db2042be58fcac57b59b,0x6cd84875ba3154ec24da92f23855b316280dbcc3,12.63128,seaport,19420754,1710267992,0xf3d72697e771cfe5e8e4a003238a7e4f27320d4edabb3c2ab8676d681b5efa1d
BoredApeYachtClub,0xBC4CA0EdA7647A8aB7C2061c2E118A18a936f13D,4819,0x1e04bfb945dfa23ed8bdea67947ca0d7b5fff75d,0xf15c93562bc3944a68e938ef75d2a3360d98ca57,13.2999,seaport,19420716,1710267531,0x20eb983fbe844da4fa9616d1f8f0d16da2b6f26a46800ede7fa7442c369093b1
BoredApeYachtClub,0xBC4CA0EdA7647A8aB7C2061c2E118A18a936f13D,7321,0xecd1b7b167348c7b7b62864f6fa85f4a7b4c960a,0x1e04bfb945dfa23ed8bdea67947ca0d7b5fff75d,13.99,seaport,19420697,1710267300,0x3682936104bcce785560419109edd6aa466a47896a08fc6425562b55c1fe367c
BoredApeYachtClub,0xBC4CA0EdA7647A8aB7C2061c2E118A18a936f13D,6749,0x4f3333389719082eb472e54738a0c43e641e8103,0xc1710053e48ce4fa1d7e39a0388fdbd297b40db8,13.0,seaport,19420653,1710266766,0x7ee06eb063721e86c5fd16816c9e7cdd4cbbed925f0cc98e5f9b266b0d4f71bc
BoredApeYachtClub,0xBC4CA0EdA7647A8aB7C2061c2E118A18a936f13D,1247,0x68a6bbbf32083732eabcd1fc48a5a406ae20082d,0x67523654bdf3530d676a77020799ccc3718b65d7,14.65,seaport,19420537,1710265358,0x20b129724821e980134d0eef6980ce1e15832acb669209df0f4b8e74e95fdcd1
BoredApeYachtClub,0xBC4CA0EdA7647A8aB7C2061c2E118A18a936f13D,717,0x04493560e61625c1189e788626c1bc45bd48905d,0x04493560e61625c1189e788626c1bc45bd48905d,11.723785,seaport,19420486,1710264739,0x4bdf15c6b825e8be7cbad3370c4964652928112f3e8c08e117f576eaff26b8e0
BoredApeYachtClub,0xBC4CA0EdA7647A8aB7C2061c2E118A18a936f13D,717,0xf15c93562bc3944a68e938ef75d2a3360d98ca57,0x04493560e61625c1189e788626c1bc45bd48905d,12.574215,seaport,19420486,1710264739,0x4bdf15c6b825e8be7cbad3370c4964652928112f3e8c08e117f576eaff26b8e0
BoredApeYachtClub,0xBC4CA0EdA7647A8aB7C2061c2E118A18a936f13D,8938,0x3fdd7f5771ecc2b3e33160f7d183ad5cceea0a58,0x3fdd7f5771ecc2b3e33160f7d183ad5cceea0a58,12.184572,seaport,19420263,1710262032,0xb34b4de47b929a7ac806f47a74e1fe68c2c04bc15e0eef8771cd0843cc6e20af
BoredApeYachtClub,0xBC4CA0EdA7647A8aB7C2061c2E118A18a936f13D,8938,0xf15c93562bc3944a68e938ef75d2a3360d98ca57,0x3fdd7f5771ecc2b3e33160f7d183ad5cceea0a58,13.068428,seaport,19420263,1710262032,0xb34b4de47b929a7ac806f47a74e1fe68c2c04bc15e0eef8771cd0843cc6e20af
BoredApeYachtClub,0xBC4CA0EdA7647A8aB7C2061c2E118A18a936f13D,9295,0xc7731ce19b77f98047608c0318abdfed71386489,0x6cb63e39805e028bda53f7756bc1bc888c6962a6,13.885,seaport,19420097,1710260017,0x9559a348699c6b0255e15fb48813e5424c063d3afd08e3fdf5b78a0f04e56498
BoredApeYachtClub,0xBC4CA0EdA7647A8aB7C2061c2E118A18a936f13D,8518,0x2b5f2d20fc958827e334916ab54c05263a7fe28f,0xf15c93562bc3944a68e938ef75d2a3360d98ca57,13.6489,seaport,19420043,1710259361,0x24b54f136f58f114a03368f938382cbf78817bc64bb877dcd11c1651913874fc
BoredApeYachtClub,0xBC4CA0EdA7647A8aB7C2061c2E118A18a936f13D,3832,0x0aa568cfc61041aa215cce4a39b883004276a0be,0x0aa568cfc61041aa215cce4a39b883004276a0be,13.660628,seaport,19419673,1710254869,0xeb89d00cf099df67efcc121e7752029125be5ac2d05cde8beaeac01c07babf78
BoredApeYachtClub,0xBC4CA0EdA7647A8aB7C2061c2E118A18a936f13D,3832,0x1fee3385b22d69e93209db2042be58fcac57b59b,0x0aa568cfc61041aa215cce4a39b883004276a0be,14.361172,seaport,19419673,1710254869,0xeb89d00cf099df67efcc121e7752029125be5ac2d05cde8beaeac01c07babf78
BoredApeYachtClub,0xBC4CA0EdA7647A8aB7C2061c2E118A18a936f13D,2868,0xc2079e5b077eae969dbeca3747bb855ae9df8f3f,0xc2079e5b077eae969dbeca3747bb855ae9df8f3f,13.97175,seaport,19416993,1710222336,0xa97a9f16e20d94336d733492e61e198f7d2d5d06bd6e820415d38b845f3d3ef4
BoredApeYachtClub,0xBC4CA0EdA7647A8aB7C2061c2E118A18a936f13D,2868,0xce841f783dc6d9df256af36b1cf6b3a52aa57cdc,0xc2079e5b077eae969dbeca3747bb855ae9df8f3f,14.68825,seaport,19416993,1710222336,0xa97a9f16e20d94336d733492e61e198f7d2d5d06bd6e820415d38b845f3d3ef4
BoredApeYachtClub,0xBC4CA0EdA7647A8aB7C2061c2E118A18a936f13D,2103,0xe794f5e304109e77fe7b7e6d5bd9b1d69c6560a8,0xe794f5e304109e77fe7b7e6d5bd9b1d69c6560a8,14.03025,seaport,19416678,1710218512,0xed47facea9923e6625648cdb9262bb7022d3fd32cc25ca173778b4ad0ad33682
BoredApeYachtClub,0xBC4CA0EdA7647A8aB7C2061c2E118A18a936f13D,2103,0xce841f783dc6d9df256af36b1cf6b3a52aa57cdc,0xe794f5e304109e77fe7b7e6d5bd9b1d69c6560a8,14.74975,seaport,19416678,1710218512,0xed47facea9923e6625648cdb9262bb7022d3fd32cc25ca173778b4ad0ad33682
BoredApeYachtClub,0xBC4CA0EdA7647A8aB7C2061c2E118A18a936f13D,5999,0x2707b4537a1d78fda74df35b0a803b66e651972e,0x2707b4537a1d78fda74df35b0a803b66e651972e,14.22525,seaport,19416493,1710216267,0xac5d3497b3c4c6bfa131b259babd17462e57a5d9037f8b3d9e36bccca563df9d
BoredApeYachtClub,0xBC4CA0EdA7647A8aB7C2061c2E118A18a936f13D,5999,0xce841f783dc6d9df256af36b1cf6b3a52aa57cdc,0x2707b4537a1d78fda74df35b0a803b66e651972e,14.95475,seaport,19416493,1710216267,0xac5d3497b3c4c6bfa131b259babd17462e57a5d9037f8b3d9e36bccca563df9d
BoredApeYachtClub,0xBC4CA0EdA7647A8aB7C2061c2E118A18a936f13D,7424,0xce841f783dc6d9df256af36b1cf6b3a52aa57cdc,0xce841f783dc6d9df256af36b1cf6b3a52aa57cdc,14.84145,seaport,19416411,1710215271,0x69dcb5616cda32600fa231c49b571db5670cf99ed5c5859ccc6f6af4dfa62f49
BoredApeYachtClub,0xBC4CA0EdA7647A8aB7C2061c2E118A18a936f13D,7424,0x5d942ce4979cd99dd902ac72d2a09939eeb06b87,0xce841f783dc6d9df256af36b1cf6b3a52aa57cdc,15.60255,seaport,19416411,1710215271,0x69dcb5616cda32600fa231c49b571db5670cf99ed5c5859ccc6f6af4dfa62f49
BoredApeYachtClub,0xBC4CA0EdA7647A8aB7C2061c2E118A18a936f13D,2041,0x866e3662ee22e311bc1dbff5bb5e91df917dc361,0x672ce3799f61135ddb64776c1cfe615936593c54,16.85,seaport,19415632,1710205815,0x6e4d67efc137f5acded320170e8e94ab8a44152e594ddd4af4a34fc38dd67983
BoredApeYachtClub,0xBC4CA0EdA7647A8aB7C2061c2E118A18a936f13D,7114,0xb9818a4ccb133974cdde0bc26c72d1e097b6a68b,0xb9818a4ccb133974cdde0bc26c72d1e097b6a68b,18.905,seaport,19415514,1710204382,0x85fcd911d45a0cc46942091cd25b9daf88bff72f51c5e6100276ff36f28a9c38
BoredApeYachtClub,0xBC4CA0EdA7647A8aB7C2061c2E118A18a936f13D,7114,0xc743bc192227614677482874b6ba4513996f9570,0xb9818a4ccb133974cdde0bc26c72d1e097b6a68b,19.095,seaport,19415514,1710204382,0x85fcd911d45a0cc46942091cd25b9daf88bff72f51c5e6100276ff36f28a9c38
BoredApeYachtClub,0xBC4CA0EdA7647A8aB7C2061c2E118A18a936f13D,5174,0xc301ccb76e60279bd223f25198be3c7239304246,0x9380009a35d63246eee35efcf139e6610fe77ed3,18.3,x2y2,19415265,1710201364,0x929151d50ca27e32e70c8637f9b29aad96433efe6888ac249d476314306cdf1e
BoredApeYachtClub,0xBC4CA0EdA7647A8aB7C2061c2E118A18a936f13D,4933,0x2e7573445b46a305f6b80f86ba56e788b2db7e68,0x6cb63e39805e028bda53f7756bc1bc888c6962a6,15.45,x2y2,19415082,1710199152,0xd74aba99e536183983a88feffcad39c257126424e6e7021ef1728960e2f9710d
BoredApeYachtClub,0xBC4CA0EdA7647A8aB7C2061c2E118A18a936f13D,4933,0x6cb63e39805e028bda53f7756bc1bc888c6962a6,0x4341f1bdd076760013ffc1aeff9fcf1c2c815fab,15.3,x2y2,19415045,1710198705,0xe045759f1bab462f7e227c5a03f5041e8bb5a31897845629eafeb8cc31eb29d5
BoredApeYachtClub,0xBC4CA0EdA7647A8aB7C2061c2E118A18a936f13D,1435,0x8b5abf01b87f87fb8e0ffc60d32ed7dd29b1f06b,0x2e7573445b46a305f6b80f86ba56e788b2db7e68,15.75,seaport,19415038,1710198620,0x2f9429cd2107c947f1253caf66c65be526b81c8361ce46be172337fd46124af4
BoredApeYachtClub,0xBC4CA0EdA7647A8aB7C2061c2E118A18a936f13D,5726,0x560d8eedc48a59e3f35764151a28879b303d3f70,0x560d8eedc48a59e3f35764151a28879b303d3f70,14.228272,seaport,19414994,1710198089,0x450eb1e2e16065f2e767d22e03f05ab4b3519de146123d683ed26959dbeefba7
BoredApeYachtClub,0xBC4CA0EdA7647A8aB7C2061c2E118A18a936f13D,5726,0x3e316f6abe52fc5cf70a6c9c0932dcb1fcbf3d62,0x560d8eedc48a59e3f35764151a28879b303d3f70,14.957928,seaport,19414994,1710198089,0x450eb1e2e16065f2e767d22e03f05ab4b3519de146123d683ed26959dbeefba7
BoredApeYachtClub,0xBC4CA0EdA7647A8aB7C2061c2E118A18a936f13D,1367,0xd1811ada1a63f8c36064c0b2004b7e056b0b3145,0xce841f783dc6d9df256af36b1cf6b3a52aa57cdc,15.75,seaport,19414838,1710196203,0x3b8ae63ebf0d945b3afaaeb99e5da0be56b4823541af6381b9591a0b36ff6015
BoredApeYachtClub,0xBC4CA0EdA7647A8aB7C2061c2E118A18a936f13D,4527,0x0e73d837b29ac157d072c946ad65d3fa9a5750ba,0xec6af8aa924840621003ac37b2bcc889d4b731a2,15.75,x2y2,19414271,1710189351,0xd058ee824847da41183f7271e2efd180e85d23efcd020a11b6f82acdfde0da4d
BoredApeYachtClub,0xBC4CA0EdA7647A8aB7C2061c2E118A18a936f13D,8329,0x58455ce1738127efd2f900ae4bae6c24b0c04818,0x58455ce1738127efd2f900ae4bae6c24b0c04818,14.235,seaport,19413847,1710184226,0x230b6295f1a5b4dac2815bccba3cafe78039669b93af827a3255d4f9435e51e2
BoredApeYachtClub,0xBC4CA0EdA7647A8aB7C2061c2E118A18a936f13D,8329,0xce841f783dc6d9df256af36b1cf6b3a52aa57cdc,0x58455ce1738127efd2f900ae4bae6c24b0c04818,14.965,seaport,19413847,1710184226,0x230b6295f1a5b4dac2815bccba3cafe78039669b93af827a3255d4f9435e51e2
BoredApeYachtClub,0xBC4CA0EdA7647A8aB7C2061c2E118A18a936f13D,1367,0xe9df262ff868a453256e4d59e2e0854efac5ed91,0xe9df262ff868a453256e4d59e2e0854efac5ed91,14.196,seaport,19412951,1710173397,0xe2330545325e98dcd0b440bbfbaa7536172da162f38a35642b9d6d41a05ea71d
BoredApeYachtClub,0xBC4CA0EdA7647A8aB7C2061c2E118A18a936f13D,1367,0xce841f783dc6d9df256af36b1cf6b3a52aa57cdc,0xe9df262ff868a453256e4d59e2e0854efac5ed91,14.924,seaport,19412951,1710173397,0xe2330545325e98dcd0b440bbfbaa7536172da162f38a35642b9d6d41a05ea71d
BoredApeYachtClub,0xBC4CA0EdA7647A8aB7C2061c2E118A18a936f13D,147,0x59a5f50c788579d73dbd8d4e56a5a262783ddccf,0xce841f783dc6d9df256af36b1cf6b3a52aa57cdc,16.99,seaport,19412836,1710172008,0x7cfa27cb30f991b757cc8c4ca816680840351d534a131312c7495e0e07d5a6c4
BoredApeYachtClub,0xBC4CA0EdA7647A8aB7C2061c2E118A18a936f13D,1636,0x896af640aae249110765985e8945dd6d7fe51714,0x896af640aae249110765985e8945dd6d7fe51714,14.77125,seaport,19412553,1710168587,0x969281559a77f8d56ac8a02ef6f27e6f7c974d6e729ca7361c77a903bce09885
BoredApeYachtClub,0xBC4CA0EdA7647A8aB7C2061c2E118A18a936f13D,1636,0xce841f783dc6d9df256af36b1cf6b3a52aa57cdc,0x896af640aae249110765985e8945dd6d7fe51714,15.52875,seaport,19412553,1710168587,0x969281559a77f8d56ac8a02ef6f27e6f7c974d6e729ca7361c77a903bce09885
BoredApeYachtClub,0xBC4CA0EdA7647A8aB7C2061c2E118A18a936f13D,340,0x4eb847f292c52d9dca9005c2140ed59c5427af48,0x4eb847f292c52d9dca9005c2140ed59c5427af48,14.82975,seaport,19412507,1710168031,0x8dfa4f1b9eb854c075adfdfc80ebe63dd08ff5192f1a94d56a8657c49142cc49
BoredApeYachtClub,0xBC4CA0EdA7647A8aB7C2061c2E118A18a936f13D,340,0x0097b9cfe64455eed479292671a1121f502bc954,0x4eb847f292c52d9dca9005c2140ed59c5427af48,15.59025,seaport,19412507,1710168031,0x8dfa4f1b9eb854c075adfdfc80ebe63dd08ff5192f1a94d56a8657c49142cc49
BoredApeYachtClub,0xBC4CA0EdA7647A8aB7C2061c2E118A18a936f13D,7424,0x68c84e3baa0d283c9d10bb5d7fc1ace51b85b373,0x68c84e3baa0d283c9d10bb5d7fc1ace51b85b373,15.64875,seaport,19411315,1710153625,0x199daa3aa9501e7b297ce016f4b5ca46219d784bf84d0764fb7a52fd020ff2a0
BoredApeYachtClub,0xBC4CA0EdA7647A8aB7C2061c2E118A18a936f13D,7424,0xce841f783dc6d9df256af36b1cf6b3a52aa57cdc,0x68c84e3baa0d283c9d10bb5d7fc1ace51b85b373,16.45125,seaport,19411315,1710153625,0x199daa3aa9501e7b297ce016f4b5ca46219d784bf84d0764fb7a52fd020ff2a0
BoredApeYachtClub,0xBC4CA0EdA7647A8aB7C2061c2E118A18a936f13D,1717,0x4341f1bdd076760013ffc1aeff9fcf1c2c815fab,0x2f55abd5cfd38e9d498f5c8d17a5a970a6137fd3,20.0,seaport,19411210,1710152356,0x72e3d2876346a7293ee571dd1bffb331941e000c13a70079d9cc55c28f461990
BoredApeYachtClub,0xBC4CA0EdA7647A8aB7C2061c2E118A18a936f13D,3827,0xc9c3e7473d66ced8d01415a1013165da15b474dc,0xc9c3e7473d66ced8d01415a1013165da15b474dc,15.795,seaport,19410587,1710144827,0x83c671e08cb4ab36c5e32ae3a18dc01600e77c1d4dca0b9b3c430b467efb5736
BoredApeYachtClub,0xBC4CA0EdA7647A8aB7C2061c2E118A18a936f13D,3827,0x0097b9cfe64455eed479292671a1121f502bc954,0xc9c3e7473d66ced8d01415a1013165da15b474dc,16.605,seaport,19410587,1710144827,0x83c671e08cb4ab36c5e32ae3a18dc01600e77c1d4dca0b9b3c430b467efb5736
BoredApeYachtClub,0xBC4CA0EdA7647A8aB7C2061c2E118A18a936f13D,6523,0x8be74a1fa04f840a94b17d9887363d863d448a77,0xce841f783dc6d9df256af36b1cf6b3a52aa57cdc,16.95,seaport,19410525,1710144077,0xed3dc78fe8c91831d6dcb63125b8087939bc63e6756927304f1fd39d13404de6
BoredApeYachtClub,0xBC4CA0EdA7647A8aB7C2061c2E118A18a936f13D,8720,0x823ae2eb9da702d7ca6a4fabeaf04abf6d6a30b7,0x823ae2eb9da702d7ca6a4fabeaf04abf6d6a30b7,15.748993,seaport,19410356,1710142035,0xaea417fffdf99fcf8acacb8d0e81bb95c19b9bc4725b09493d5659af0bfda59d
BoredApeYachtClub,0xBC4CA0EdA7647A8aB7C2061c2E118A18a936f13D,8720,0xf15c93562bc3944a68e938ef75d2a3360d98ca57,0x823ae2eb9da702d7ca6a4fabeaf04abf6d6a30b7,16.891407,seaport,19410356,1710142035,0xaea417fffdf99fcf8acacb8d0e81bb95c19b9bc4725b09493d5659af0bfda59d
BoredApeYachtClub,0xBC4CA0EdA7647A8aB7C2061c2E118A18a936f13D,5662,0x77d1a0037f4451988d11bb56a7ca38d6c6b70cb3,0x96488f9fcd0c6997c771a26d85d1f61cacfa502c,24.0,seaport,19410151,1710139557,0x3599bc2558dc4cc674fe7b6e4aaab9c6ae2639b348db00fb72085fd210bd1e28
BoredApeYachtClub,0xBC4CA0EdA7647A8aB7C2061c2E118A18a936f13D,3877,0x28cec452ec9af3dd1130e737e85ec4889138db0c,0x002b05d19cb34a3336e9095c1de60248a12970dd,21.0,seaport,19409908,1710136620,0x448149b1522875cba2eab3f71293f562dbb8f043f77db6f50512d7aa0795053a
BoredApeYachtClub,0xBC4CA0EdA7647A8aB7C2061c2E118A18a936f13D,6186,0x28cec452ec9af3dd1130e737e85ec4889138db0c,0x96488f9fcd0c6997c771a26d85d1f61cacfa502c,20.0,seaport,19409908,1710136620,0x448149b1522875cba2eab3f71293f562dbb8f043f77db6f50512d7aa0795053a
BoredApeYachtClub,0xBC4CA0EdA7647A8aB7C2061c2E118A18a936f13D,3967,0x2849639ac677dc26382bea4bf2e459adf1530a12,0x5ff36780a756b1e7f2957ecfa0c2a9eb9fe0d30b,15.88,seaport,19409754,1710134759,0xbb4813377cc5ec301e1982b2b6f03a69074353947545f5dc0086d2081e81689b
BoredApeYachtClub,0xBC4CA0EdA7647A8aB7C2061c2E118A18a936f13D,6523,0x5a6b8d19c8c789df7f97aad0e47565d245a10907,0x5a6b8d19c8c789df7f97aad0e47565d245a10907,16.21425,seaport,19409625,1710133200,0x194d346fcf15576b959b2e4242a4231fab5142d608f00ae2f09ea07ffb1972d5
BoredApeYachtClub,0xBC4CA0EdA7647A8aB7C2061c2E118A18a936f13D,6523,0xce841f783dc6d9df256af36b1cf6b3a52aa57cdc,0x5a6b8d19c8c789df7f97aad0e47565d245a10907,17.04575,seaport,19409625,1710133200,0x194d346fcf15576b959b2e4242a4231fab5142d608f00ae2f09ea07ffb1972d5
BoredApeYachtClub,0xBC4CA0EdA7647A8aB7C2061c2E118A18a936f13D,4127,0x177285a4bc705fea03a71c029c840345fd7817fb,0x134a7948e1363a95ee17a23c63b927152c4021ec,32.69,seaport,19408470,1710119241,0xacefae197deefdb55055830b815a926dfcee034be762e33d27e7d7ba7351c0f8
BoredApeYachtClub,0xBC4CA0EdA7647A8aB7C2061c2E118A18a936f13D,9295,0x7fb6123f947dff6bd83f2f7a05fa35367abb7ced,0xa5dee9b883ea0b6729bd95e707cf7be315ba44a2,19.9,seaport,19408241,1710116474,0x11f824ca5caa4254400b2225940c9dd3869ea897b6fc3859cb4d86fb2884ddcd
BoredApeYachtClub,0xBC4CA0EdA7647A8aB7C2061c2E118A18a936f13D,5985,0x7fb6123f947dff6bd83f2f7a05fa35367abb7ced,0x55800060d2d61d6d88eb60ca227ebff92ba03e2d,17.3,seaport,19407132,1710103070,0xb86fbdf297a35a75e84901e442ff4ecea202c5b81734265d82246e86945fb34e
BoredApeYachtClub,0xBC4CA0EdA7647A8aB7C2061c2E118A18a936f13D,9959,0x8002524b12b2a6e1e8e26f39b32efc73fa4c161a,0x8002524b12b2a6e1e8e26f39b32efc73fa4c161a,15.84375,seaport,19406283,1710092810,0x540d51f74d38123e9c26737eeda2b36051dab2f153d712be28714805c3c4bce9
BoredApeYachtClub,0xBC4CA0EdA7647A8aB7C2061c2E118A18a936f13D,9959,0xce841f783dc6d9df256af36b1cf6b3a52aa57cdc,0x8002524b12b2a6e1e8e26f39b32efc73fa4c161a,16.65625,seaport,19406283,1710092810,0x540d51f74d38123e9c26737eeda2b36051dab2f153d712be28714805c3c4bce9
BoredApeYachtClub,0xBC4CA0EdA7647A8aB7C2061c2E118A18a936f13D,8044,0x302f7ced2522a8d397e3f773622d6f2b70e381ad,0xce841f783dc6d9df256af36b1cf6b3a52aa57cdc,17.55,seaport,19405061,1710078041,0x944cfc93b4fbf10831e51bbb1244d666ab4bc71666330df9911feee8a00eec10
BoredApeYachtClub,0xBC4CA0EdA7647A8aB7C2061c2E118A18a936f13D,2441,0xcc08c621961ae63ce509383ebef80e8a7ac8d089,0xd00f1e6dbdfe80e8725a376c82d8a40e203e2048,23.5,seaport,19404992,1710077207,0xd7f0e55f69f3006ac3a4548a5121cf5305a719ba115732c0bf1b59712075f867
BoredApeYachtClub,0xBC4CA0EdA7647A8aB7C2061c2E118A18a936f13D,2348,0xb858b447850d08fbf840f3c1ce3bb048f3c0c95e,0xb858b447850d08fbf840f3c1ce3bb048f3c0c95e,16.263,seaport,19404252,1710068264,0xf8b5e8488ded4d173f2eaa892054ffb3112439dc950cedfff72502d9ace3c94e
BoredApeYachtClub,0xBC4CA0EdA7647A8aB7C2061c2E118A18a936f13D,2348,0x0097b9cfe64455eed479292671a1121f502bc954,0xb858b447850d08fbf840f3c1ce3bb048f3c0c95e,17.097,seaport,19404252,1710068264,0xf8b5e8488ded4d173f2eaa892054ffb3112439dc950cedfff72502d9ace3c94e
BoredApeYachtClub,0xBC4CA0EdA7647A8aB7C2061c2E118A18a936f13D,8044,0xdcbf3c8b67f18d5aa2312b93146720f224302a8b,0xdcbf3c8b67f18d5aa2312b93146720f224302a8b,16.5165,seaport,19403930,1710064372,0x2867e0a4876f56d719a05f780e474dc94afcdb69af1a46a8808b9c6bbe37ee2f
BoredApeYachtClub,0xBC4CA0EdA7647A8aB7C2061c2E118A18a936f13D,8044,0xce841f783dc6d9df256af36b1cf6b3a52aa57cdc,0xdcbf3c8b67f18d5aa2312b93146720f224302a8b,17.3635,seaport,19403930,1710064372,0x2867e0a4876f56d719a05f780e474dc94afcdb69af1a46a8808b9c6bbe37ee2f
BoredApeYachtClub,0xBC4CA0EdA7647A8aB7C2061c2E118A18a936f13D,6932,0xc9ff792d842ce164478d810437834725e4aa330e,0x1edcccddb214cd3c20613708d9c9ead9cd2476db,0.0,seaport,19402155,1710042920,0x67a46f33f2ed19aab541cf2a3ef39c679372b5d6f03b5bd4689770850a429d9c
BoredApeYachtClub,0xBC4CA0EdA7647A8aB7C2061c2E118A18a936f13D,3267,0x6af943051e387a08c5c78386fefde34cd2444aa3,0x4f2988270e1ffa69b4b3b3ed38b55aac8f68d349,17.777,seaport,19402150,1710042859,0xc264cd9c40a0f15c499c7d6c316cb4fdd9051d269ca00ee0b80473d31817df1b
BoredApeYachtClub,0xBC4CA0EdA7647A8aB7C2061c2E118A18a936f13D,1807,0xe10dca8256a3c447b5637ae6ce412acfa6a28018,0xe10dca8256a3c447b5637ae6ce412acfa6a28018,16.6725,seaport,19401711,1710037554,0xe12d694110a1efd017806eace95619df8a4a7f62e1b272806a349fe3e99c93f3
BoredApeYachtClub,0xBC4CA0EdA7647A8aB7C2061c2E118A18a936f13D,1807,0xce841f783dc6d9df256af36b1cf6b3a52aa57cdc,0xe10dca8256a3c447b5637ae6ce412acfa6a28018,17.5275,seaport,19401711,1710037554,0xe12d694110a1efd017806eace95619df8a4a7f62e1b272806a349fe3e99c93f3
BoredApeYachtClub,0xBC4CA0EdA7647A8aB7C2061c2E118A18a936f13D,9738,0x25aa3dc0476bff6a06247f64b046a0eaece58204,0x25aa3dc0476bff6a06247f64b046a0eaece58204,16.43038,seaport,19396481,1709974345,0xb08083211cdaccd5e57009387943ab8f174297b6fe95a24a99b0218b458c6720
BoredApeYachtClub,0xBC4CA0EdA7647A8aB7C2061c2E118A18a936f13D,9738,0xf15c93562bc3944a68e938ef75d2a3360d98ca57,0x25aa3dc0476bff6a06247f64b046a0eaece58204,17.62222,seaport,19396481,1709974345,0xb08083211cdaccd5e57009387943ab8f174297b6fe95a24a99b0218b458c6720
BoredApeYachtClub,0xBC4CA0EdA7647A8aB7C2061c2E118A18a936f13D,475,0x66666f58de1bcd762a5e5c5aff9cc3c906d66666,0x8002524b12b2a6e1e8e26f39b32efc73fa4c161a,18.25,seaport,19395394,1709961208,0x652f4588db1178fff071fbbd2425ac9ca3ccc6b3e33b1fc65025b5cc854a34b1
BoredApeYachtClub,0xBC4CA0EdA7647A8aB7C2061c2E118A18a936f13D,2346,0x6d0267156f1c6ce44caa4bf129b76009d3d41830,0x857847ecff42d28abe7f421074e45877b8030cdd,2.5,seaport,19393989,1709944228,0x21814b997f22b0015ee4a5664d02d0830271198cef6a81872bf940d653f79ca5
BoredApeYachtClub,0xBC4CA0EdA7647A8aB7C2061c2E118A18a936f13D,7216,0xfd07481b85118b322a0921bcc3c65db242cf272d,0xfd07481b85118b322a0921bcc3c65db242cf272d,16.636889,seaport,19393345,1709936444,0x90275eabfcb82c4c81dd9bb41a77b0519bedf81d77fa51e417c29237c8271779
BoredApeYachtClub,0xBC4CA0EdA7647A8aB7C2061c2E118A18a936f13D,7216,0xf15c93562bc3944a68e938ef75d2a3360d98ca57,0xfd07481b85118b322a0921bcc3c65db242cf272d,17.843711,seaport,19393345,1709936444,0x90275eabfcb82c4c81dd9bb41a77b0519bedf81d77fa51e417c29237c8271779
BoredApeYachtClub,0xBC4CA0EdA7647A8aB7C2061c2E118A18a936f13D,7362,0x6d9309deb47eb16490907d2da9fc5becef45051d,0xce841f783dc6d9df256af36b1cf6b3a52aa57cdc,17.99,seaport,19393211,1709934825,0xee7c22ca66e01c3ea56ec2451513b4c622698f7d3f4fafb8606dab1ed6bc2eb8
BoredApeYachtClub,0xBC4CA0EdA7647A8aB7C2061c2E118A18a936f13D,2391,0xe348e80923a3da512d3da81e7518c5972562a3aa,0x6cb63e39805e028bda53f7756bc1bc888c6962a6,17.988,seaport,19392761,1709929386,0x886b2dad7c5b4e223e9a6f4cdce4b191df9304cdf25f2c69dd324f89b8a42c5a
BoredApeYachtClub,0xBC4CA0EdA7647A8aB7C2061c2E118A18a936f13D,6756,0xa2274adca3bb9eb790abe74dcc6a6593126f071c,0x0000009072063e8acccd96346df848de0d2e57f4,24.395,seaport,19392551,1709926848,0xda1d0c0b1d45f8799066380b243858d4efbf1154b2af269c0b7d63f59736f90a
BoredApeYachtClub,0xBC4CA0EdA7647A8aB7C2061c2E118A18a936f13D,6756,0x0000009072063e8acccd96346df848de0d2e57f4,0xd0000d82238adc78c8ce213a30f3ae32de7b000d,23.0,seaport,19392551,1709926848,0xda1d0c0b1d45f8799066380b243858d4efbf1154b2af269c0b7d63f59736f90a
BoredApeYachtClub,0xBC4CA0EdA7647A8aB7C2061c2E118A18a936f13D,4933,0x86925595310951104fce46ce489bea3c51f8be71,0xac7833183f919b71734847dc131ae9ba9863654d,20.0,seaport,19392530,1709926594,0x335e28bd050c9d9af722f80925ac98051a4197644620efbb039cf73cb18321d7
BoredApeYachtClub,0xBC4CA0EdA7647A8aB7C2061c2E118A18a936f13D,5546,0xc166b70407f03422bdd700da9380c11ff22a7e38,0x086bcdc100f723f2f0d872d2f259577ec8465fef,17.8,x2y2,19390206,1709898507,0x8d978ce0f2f95b73130bc32c6aaaaaf7ff6e02905d1252fa0a753b4b5ae535c3
BoredApeYachtClub,0xBC4CA0EdA7647A8aB7C2061c2E118A18a936f13D,7295,0x3820c123ca814d9e05c46f30e3b7bb3bab905af5,0x312b7b6e5e2c96c7b47f06a18f15cb00b7cd4aec,18.0,seaport,19388796,1709881466,0xb0239e20c7625d95f7a8f48525a8049db69a32c965a1b8638748326bf14758f1
BoredApeYachtClub,0xBC4CA0EdA7647A8aB7C2061c2E118A18a936f13D,147,0x47b62c68b8c9d0d9747f8e83fb67689a5613ffc1,0x47b62c68b8c9d0d9747f8e83fb67689a5613ffc1,17.0625,seaport,19388618,1709879315,0x048405e004fe11515cff39e16bba08188b8919aa84725ffafe80cf66f8982859
BoredApeYachtClub,0xBC4CA0EdA7647A8aB7C2061c2E118A18a936f13D,147,0xce841f783dc6d9df256af36b1cf6b3a52aa57cdc,0x47b62c68b8c9d0d9747f8e83fb67689a5613ffc1,17.9375,seaport,19388618,1709879315,0x048405e004fe11515cff39e16bba08188b8919aa84725ffafe80cf66f8982859
BoredApeYachtClub,0xBC4CA0EdA7647A8aB7C2061c2E118A18a936f13D,8443,0xbab25a0c16288607d815016f8d3f202a9441e884,0xce841f783dc6d9df256af36b1cf6b3a52aa57cdc,17.85,seaport,19387850,1709870033,0xe957e2ab05f8379eefbd5e0b1bf9ddcae4b1674a1ebc72016f1c169f51610378
BoredApeYachtClub,0xBC4CA0EdA7647A8aB7C2061c2E118A18a936f13D,4283,0x361b6b7a92a30725456feccd7478947282069d5e,0x361b6b7a92a30725456feccd7478947282069d5e,16.965,seaport,19387413,1709864752,0x70a72fc37ff00f93ea5d26d3ef4f0d513ab6bb012adbec74ae50418ddb3a74ca
BoredApeYachtClub,0xBC4CA0EdA7647A8aB7C2061c2E118A18a936f13D,4283,0xce841f783dc6d9df256af36b1cf6b3a52aa57cdc,0x361b6b7a92a30725456feccd7478947282069d5e,17.835,seaport,19387413,1709864752,0x70a72fc37ff00f93ea5d26d3ef4f0d513ab6bb012adbec74ae50418ddb3a74ca
BoredApeYachtClub,0xBC4CA0EdA7647A8aB7C2061c2E118A18a936f13D,7690,0xe8dc680daca8f9c6d59a58ae3dbd71b11214aaa5,0x4f8eb9f09470d5c76a318f6159af1695d77a3e56,18.88,seaport,19386093,1709848799,0x4f308c13b08c1e4a49c700f376d1a59c69d2d12155583f76951d599a7adb6b5b
BoredApeYachtClub,0xBC4CA0EdA7647A8aB7C2061c2E118A18a936f13D,9451,0xce841f783dc6d9df256af36b1cf6b3a52aa57cdc,0x7fb6123f947dff6bd83f2f7a05fa35367abb7ced,19.926,seaport,19386060,1709848400,0xdb8b5a190bb2935ddbb61bf9e2cdb66c41e34539f644ce05903be4640b5ca56e
BoredApeYachtClub,0xBC4CA0EdA7647A8aB7C2061c2E118A18a936f13D,8467,0x3820c123ca814d9e05c46f30e3b7bb3bab905af5,0x34805e6a3796fb04e82183667a78c2f7bff29170,21.0,seaport,19382401,1709804178,0x0a443b63c0ee578f894d3016ae5af44c75a55204f01259e8f30e77ccb83722b2
BoredApeYachtClub,0xBC4CA0EdA7647A8aB7C2061c2E118A18a936f13D,3616,0x3820c123ca814d9e05c46f30e3b7bb3bab905af5,0x16cf9f8a01fd910eda09e507e8f72fc33a2b39d4,20.0,seaport,19382396,1709804118,0x14b03524b14faec17cd352c8ea44a1acc9b4c15ca75ab7676d36832190000130
BoredApeYachtClub,0xBC4CA0EdA7647A8aB7C2061c2E118A18a936f13D,8861,0xbd69fd5a56164270d80f07f7821ce226df6665e0,0xcb87bb26e7d3ce94d0c3abe6672bbaa54a6a0996,246.942,x2y2,19381075,1709788152,0xc7e57b7a62648ab5f1237bd5c58780d363b7fc89adb29085e84b9a5a887ecdae
BoredApeYachtClub,0xBC4CA0EdA7647A8aB7C2061c2E118A18a936f13D,2331,0x9b35585c5313ad5b8f6074ba710410e596e645e5,0x1e04bfb945dfa23ed8bdea67947ca0d7b5fff75d,18.99,seaport,19380722,1709783886,0x9fd00b402524d37d190dfc6d75bc48970c9fdd4aa15c17ce470c1f208101f6fb
BoredApeYachtClub,0xBC4CA0EdA7647A8aB7C2061c2E118A18a936f13D,895,0x3820c123ca814d9e05c46f30e3b7bb3bab905af5,0xfe2b8dc957459ac2a08fef57576bcb8a89845d8b,20.0,seaport,19380479,1709780949,0xdb565a60df53c5c17e6547b3fd196d01f6f76b63b1f95fdba54c01f32fa20117
BoredApeYachtClub,0xBC4CA0EdA7647A8aB7C2061c2E118A18a936f13D,5565,0x3820c123ca814d9e05c46f30e3b7bb3bab905af5,0x5d018611a65c87ac28f7f20007cbb1a96dc9e591,18.0,seaport,19380360,1709779511,0xc7083b6dc543f2cf0004949dcd1acb0c3178bde9a2539c4c3a79719116e551ca
BoredApeYachtClub,0xBC4CA0EdA7647A8aB7C2061c2E118A18a936f13D,8163,0x97d1dbf04364163b3b26efba2f704dec1e2ffac4,0x97d1dbf04364163b3b26efba2f704dec1e2ffac4,16.937115,seaport,19379427,1709768235,0x44d13b40c8b8f1f7b16a16e9235826508a97a9bd9e02fd58dd681869fce887f0
BoredApeYachtClub,0xBC4CA0EdA7647A8aB7C2061c2E118A18a936f13D,8163,0x0097b9cfe64455eed479292671a1121f502bc954,0x97d1dbf04364163b3b26efba2f704dec1e2ffac4,17.805685,seaport,19379427,1709768235,0x44d13b40c8b8f1f7b16a16e9235826508a97a9bd9e02fd58dd681869fce887f0
BoredApeYachtClub,0xBC4CA0EdA7647A8aB7C2061c2E118A18a936f13D,80,0x97d1dbf04364163b3b26efba2f704dec1e2ffac4,0x97d1dbf04364163b3b26efba2f704dec1e2ffac4,16.91625,seaport,19379420,1709768150,0x60505c9590fa2442fe93c9bcd7c97920f5ed2c2beef052aa3a3b93585d58dbd1
BoredApeYachtClub,0xBC4CA0EdA7647A8aB7C2061c2E118A18a936f13D,80,0xce841f783dc6d9df256af36b1cf6b3a52aa57cdc,0x97d1dbf04364163b3b26efba2f704dec1e2ffac4,17.78375,seaport,19379420,1709768150,0x60505c9590fa2442fe93c9bcd7c97920f5ed2c2beef052aa3a3b93585d58dbd1
BoredApeYachtClub,0xBC4CA0EdA7647A8aB7C2061c2E118A18a936f13D,7331,0x97d1dbf04364163b3b26efba2f704dec1e2ffac4,0x97d1dbf04364163b3b26efba2f704dec1e2ffac4,17.01375,seaport,19379410,1709768030,0x01387734d441c92a45acdf07b0a14f8e883393080ff3b0bf3b14bdfa20e07fef
BoredApeYachtClub,0xBC4CA0EdA7647A8aB7C2061c2E118A18a936f13D,7331,0xce841f783dc6d9df256af36b1cf6b3a52aa57cdc,0x97d1dbf04364163b3b26efba2f704dec1e2ffac4,17.88625,seaport,19379410,1709768030,0x01387734d441c92a45acdf07b0a14f8e883393080ff3b0bf3b14bdfa20e07fef
BoredApeYachtClub,0xBC4CA0EdA7647A8aB7C2061c2E118A18a936f13D,765,0x97d1dbf04364163b3b26efba2f704dec1e2ffac4,0x97d1dbf04364163b3b26efba2f704dec1e2ffac4,16.575,seaport,19379310,1709766821,0x42e4ce05bc8baa1eaf6895514c742314a464a7c62353b562df9567ffbb5c635c
BoredApeYachtClub,0xBC4CA0EdA7647A8aB7C2061c2E118A18a936f13D,765,0x0097b9cfe64455eed479292671a1121f502bc954,0x97d1dbf04364163b3b26efba2f704dec1e2ffac4,17.425,seaport,19379310,1709766821,0x42e4ce05bc8baa1eaf6895514c742314a464a7c62353b562df9567ffbb5c635c
BoredApeYachtClub,0xBC4CA0EdA7647A8aB7C2061c2E118A18a936f13D,3390,0x97d1dbf04364163b3b26efba2f704dec1e2ffac4,0x97d1dbf04364163b3b26efba2f704dec1e2ffac4,17.01375,seaport,19379306,1709766773,0x96595f6546062aa831e6aec2be6dea5da759d19c67d461744786e8dbb8856584
BoredApeYachtClub,0xBC4CA0EdA7647A8aB7C2061c2E118A18a936f13D,3390,0xce841f783dc6d9df256af36b1cf6b3a52aa57cdc,0x97d1dbf04364163b3b26efba2f704dec1e2ffac4,17.88625,seaport,19379306,1709766773,0x96595f6546062aa831e6aec2be6dea5da759d19c67d461744786e8dbb8856584
BoredApeYachtClub,0xBC4CA0EdA7647A8aB7C2061c2E118A18a936f13D,6608,0x97d1dbf04364163b3b26efba2f704dec1e2ffac4,0x97d1dbf04364163b3b26efba2f704dec1e2ffac4,17.0625,seaport,19379297,1709766664,0x89c73bbc2e4244ebe9976ca79585d41f789d6489cc6aa84cd3ccc4973c305994
BoredApeYachtClub,0xBC4CA0EdA7647A8aB7C2061c2E118A18a936f13D,6608,0xce841f783dc6d9df256af36b1cf6b3a52aa57cdc,0x97d1dbf04364163b3b26efba2f704dec1e2ffac4,17.9375,seaport,19379297,1709766664,0x89c73bbc2e4244ebe9976ca79585d41f789d6489cc6aa84cd3ccc4973c305994
BoredApeYachtClub,0xBC4CA0EdA7647A8aB7C2061c2E118A18a936f13D,2443,0x0000db5c8b030ae20308ac975898e09741e70000,0xcbaeb4e1496e85ef3d99e28ba809db4a388e8382,0.0,blur,19378316,1709754808,0x9a6978974c3b276e4c9e6defdbd7a34c539957cc85fc47c6e92477ff4ef4ee67
BoredApeYachtClub,0xBC4CA0EdA7647A8aB7C2061c2E118A18a936f13D,3725,0x7047439582def6c2327d41a6992c9c4a66cccd3d,0x4396f65dfec67156efa9e1761aa5c1b2a1509a22,24.0,seaport,19375284,1709718164,0x05993267edd2efb28199348d83010a6065674e8e29ae7e747d8526012de3eb58
BoredApeYachtClub,0xBC4CA0EdA7647A8aB7C2061c2E118A18a936f13D,1903,0x7047439582def6c2327d41a6992c9c4a66cccd3d,0xd430fc849c60107201ea4f569108716a90ab65e2,20.0,seaport,19375095,1709715880,0xec55a0c11fa2b605fd9c3c5e9bb3a3252a25d8d82540a8d14a802ebdcb650b02
BoredApeYachtClub,0xBC4CA0EdA7647A8aB7C2061c2E118A18a936f13D,5685,0x09a85ebc43823b889a41b3f152b50357d83d62c5,0x09a85ebc43823b889a41b3f152b50357d83d62c5,16.91625,seaport,19374804,1709712363,0x537bb358046787fe261610171b537e47a8ccacec349620b25440bebb6a27de75
BoredApeYachtClub,0xBC4CA0EdA7647A8aB7C2061c2E118A18a936f13D,5685,0xce841f783dc6d9df256af36b1cf6b3a52aa57cdc,0x09a85ebc43823b889a41b3f152b50357d83d62c5,17.78375,seaport,19374804,1709712363,0x537bb358046787fe261610171b537e47a8ccacec349620b25440bebb6a27de75
BoredApeYachtClub,0xBC4CA0EdA7647A8aB7C2061c2E118A18a936f13D,4036,0x0da78c9603b3d4d8fc4e9d2ef166fc93f4ea6238,0x0da78c9603b3d4d8fc4e9d2ef166fc93f4ea6238,16.887693,seaport,19373573,1709697485,0x6620a17c74b9c3e8e11127b468c407f50faf85f3752080f4fe417a3580205d1e
BoredApeYachtClub,0xBC4CA0EdA7647A8aB7C2061c2E118A18a936f13D,4036,0xf15c93562bc3944a68e938ef75d2a3360d98ca57,0x0da78c9603b3d4d8fc4e9d2ef166fc93f4ea6238,18.112707,seaport,19373573,1709697485,0x6620a17c74b9c3e8e11127b468c407f50faf85f3752080f4fe417a3580205d1e
BoredApeYachtClub,0xBC4CA0EdA7647A8aB7C2061c2E118A18a936f13D,3508,0x0ba40aa51b2acde113c173337c7c6fb3cc8410a5,0xe44b4f807f79868f1123ca09dcb637c7e5434187,18.7,seaport,19373375,1709695092,0xa60235833c29d4689aad8f47326fdcf1feaaca9814312959347c4e2974ecd284
BoredApeYachtClub,0xBC4CA0EdA7647A8aB7C2061c2E118A18a936f13D,9467,0x0ba40aa51b2acde113c173337c7c6fb3cc8410a5,0xc0ee8c18f0709d9d651fe90d30d0392d443f2459,17.99,seaport,19373368,1709695008,0x619cad2a4625d54d7251e8fa1bd1ca0087f75fc589005ab212b4a5331935eaf2
BoredApeYachtClub,0xBC4CA0EdA7647A8aB7C2061c2E118A18a936f13D,4043,0xeea21b2fde7151141f57e3ea66fefefbd76240e8,0xeea21b2fde7151141f57e3ea66fefefbd76240e8,17.52075,seaport,19372699,1709686922,0x210b223b82dd02c62e073bee78ec3f5bd63096beff3c46cc873b32ed54215dc5
BoredApeYachtClub,0xBC4CA0EdA7647A8aB7C2061c2E118A18a936f13D,4043,0x5d7a6fb0aaa4b79c93dcd7a43039c49ab83bc995,0xeea21b2fde7151141f57e3ea66fefefbd76240e8,18.41925,seaport,19372699,1709686922,0x210b223b82dd02c62e073bee78ec3f5bd63096beff3c46cc873b32ed54215dc5
BoredApeYachtClub,0xBC4CA0EdA7647A8aB7C2061c2E118A18a936f13D,7328,0x5f3ce91456ef99508cb907fc6551a1d5c8a2e908,0x5f3ce91456ef99508cb907fc6551a1d5c8a2e908,16.965279,seaport,19370886,1709665011,0xb8dd0670a4d5d63b7893ee9254bec32f90aa69d73312d8fcaa5d9d1ec2e0a085
BoredApeYachtClub,0xBC4CA0EdA7647A8aB7C2061c2E118A18a936f13D,7328,0xf15c93562bc3944a68e938ef75d2a3360d98ca57,0x5f3ce91456ef99508cb907fc6551a1d5c8a2e908,18.195921,seaport,19370886,1709665011,0xb8dd0670a4d5d63b7893ee9254bec32f90aa69d73312d8fcaa5d9d1ec2e0a085
BoredApeYachtClub,0xBC4CA0EdA7647A8aB7C2061c2E118A18a936f13D,3378,0x7f3a70c0a77615ce1acc8ed71d40e03ef2bafe98,0xf011f97d87ba4ac949c940a84b12e276e13f0529,18.48,seaport,19370300,1709657928,0xf243195ea6c214f77de332b010bcd6a2add715cab4f30739c187cec4e652bfcb
BoredApeYachtClub,0xBC4CA0EdA7647A8aB7C2061c2E118A18a936f13D,1737,0x7fb6123f947dff6bd83f2f7a05fa35367abb7ced,0xe6f39f74d3dbd876bb3c19ad37c5f4715112ba38,23.1,x2y2,19368465,1709635751,0x957452d2e5442f66f8ea74276073609413abe88919c76e39d9424255b4d0ab7e
BoredApeYachtClub,0xBC4CA0EdA7647A8aB7C2061c2E118A18a936f13D,2828,0x75458d98b55680c2ef535c7c526ff5a25b963188,0x2e1718596b9a95811240c93a2307d74bf858405a,18.75,seaport,19367368,1709622493,0x124b1f4e23bb4d43fe3a4d2594e7d53a69791e2e481b5f831684dede5469cd2e
BoredApeYachtClub,0xBC4CA0EdA7647A8aB7C2061c2E118A18a936f13D,1526,0x88b9d16350c05673cf63dc154d530f73c311ab50,0x88b9d16350c05673cf63dc154d530f73c311ab50,17.098575,seaport,19367014,1709618215,0xe1457585b2a67d3923c0598cfe39d81a95f867dd9d23044c26c37cc6bffe802a
BoredApeYachtClub,0xBC4CA0EdA7647A8aB7C2061c2E118A18a936f13D,1526,0x0097b9cfe64455eed479292671a1121f502bc954,0x88b9d16350c05673cf63dc154d530f73c311ab50,17.975425,seaport,19367014,1709618215,0xe1457585b2a67d3923c0598cfe39d81a95f867dd9d23044c26c37cc6bffe802a
BoredApeYachtClub,0xBC4CA0EdA7647A8aB7C2061c2E118A18a936f13D,2146,0x6d970c5d3fb2cf589398148839b9833c06640b64,0x6d970c5d3fb2cf589398148839b9833c06640b64,17.067375,seaport,19366933,1709617236,0xc9849cb026d92c7cf4f8ce7891ca454df7e1c8c4ed42de074f5697d1667e2902
BoredApeYachtClub,0xBC4CA0EdA7647A8aB7C2061c2E118A18a936f13D,2146,0x1fee3385b22d69e93209db2042be58fcac57b59b,0x6d970c5d3fb2cf589398148839b9833c06640b64,17.942625,seaport,19366933,1709617236,0xc9849cb026d92c7cf4f8ce7891ca454df7e1c8c4ed42de074f5697d1667e2902
BoredApeYachtClub,0xBC4CA0EdA7647A8aB7C2061c2E118A18a936f13D,6638,0x51270b2b92d1080a27d05c6ebcdedec4824d5efb,0x51270b2b92d1080a27d05c6ebcdedec4824d5efb,17.667,seaport,19366380,1709610552,0xfa5c2f9f1cc72a19fdc9ecdef8269ad29b0beb2f29ca9a2811d481a418f196c2
BoredApeYachtClub,0xBC4CA0EdA7647A8aB7C2061c2E118A18a936f13D,6638,0xce841f783dc6d9df256af36b1cf6b3a52aa57cdc,0x51270b2b92d1080a27d05c6ebcdedec4824d5efb,18.573,seaport,19366380,1709610552,0xfa5c2f9f1cc72a19fdc9ecdef8269ad29b0beb2f29ca9a2811d481a418f196c2
BoredApeYachtClub,0xBC4CA0EdA7647A8aB7C2061c2E118A18a936f13D,9985,0xf3c8a1baf3d533d300d02798169991d2aafab019,0x63fe66a44b55ef7dae9322f88305de0bdec86aef,20.0,seaport,19366241,1709608872,0x3a54545ae57c965ba07738f7d862f11b22993590b8f5c4cf30f57b5488a99d70
BoredApeYachtClub,0xBC4CA0EdA7647A8aB7C2061c2E118A18a936f13D,9305,0xbd7590f93ebedcf227cecab5eb6ea1027474f371,0xbd7590f93ebedcf227cecab5eb6ea1027474f371,17.669343,seaport,19365486,1709599748,0x408a968e3a691347781f65a210480d270015088960cb2494835987147fd40adc
BoredApeYachtClub,0xBC4CA0EdA7647A8aB7C2061c2E118A18a936f13D,9305,0xf15c93562bc3944a68e938ef75d2a3360d98ca57,0xbd7590f93ebedcf227cecab5eb6ea1027474f371,18.951057,seaport,19365486,1709599748,0x408a968e3a691347781f65a210480d270015088960cb2494835987147fd40adc
BoredApeYachtClub,0xBC4CA0EdA7647A8aB7C2061c2E118A18a936f13D,9823,0x52d4c4d9b13dc437064d208c2a57a5d57b3d85cd,0x52d4c4d9b13dc437064d208c2a57a5d57b3d85cd,17.94,seaport,19365467,1709599518,0xf7f09646c6e940eb1c6c1ec99dd28a46be47a9500645e3ab110fd73a28188c00
BoredApeYachtClub,0xBC4CA0EdA7647A8aB7C2061c2E118A18a936f13D,9823,0x0097b9cfe64455eed479292671a1121f502bc954,0x52d4c4d9b13dc437064d208c2a57a5d57b3d85cd,18.86,seaport,19365467,1709599518,0xf7f09646c6e940eb1c6c1ec99dd28a46be47a9500645e3ab110fd73a28188c00
BoredApeYachtClub,0xBC4CA0EdA7647A8aB7C2061c2E118A18a936f13D,7905,0xb6f0f50a084a8fa6c120c3cfa49e873da76d7154,0xb6f0f50a084a8fa6c120c3cfa49e873da76d7154,18.1545,seaport,19365030,1709594237,0x291ff937c4237aa5be5b25c64b88968202f7ae5ac3550c086dad19cce7e23952
BoredApeYachtClub,0xBC4CA0EdA7647A8aB7C2061c2E118A18a936f13D,7905,0xce841f783dc6d9df256af36b1cf6b3a52aa57cdc,0xb6f0f50a084a8fa6c120c3cfa49e873da76d7154,19.0855,seaport,19365030,1709594237,0x291ff937c4237aa5be5b25c64b88968202f7ae5ac3550c086dad19cce7e23952
BoredApeYachtClub,0xBC4CA0EdA7647A8aB7C2061c2E118A18a936f13D,7646,0x477b4dc0a26c3f3596163228a67b10b3f39340ab,0x477b4dc0a26c3f3596163228a67b10b3f39340ab,18.1896,seaport,19364982,1709593656,0x5ffb87ae9867b08a19703efb5ccdc63a22646daa1f74c042ca94ff6f9762aa45
BoredApeYachtClub,0xBC4CA0EdA7647A8aB7C2061c2E118A18a936f13D,7646,0xce841f783dc6d9df256af36b1cf6b3a52aa57cdc,0x477b4dc0a26c3f3596163228a67b10b3f39340ab,19.1224,seaport,19364982,1709593656,0x5ffb87ae9867b08a19703efb5ccdc63a22646daa1f74c042ca94ff6f9762aa45
BoredApeYachtClub,0xBC4CA0EdA7647A8aB7C2061c2E118A18a936f13D,8347,0x61fbb052daf37a3b50616669a10c4778f08f3c6f,0x61fbb052daf37a3b50616669a10c4778f08f3c6f,18.2325,seaport,19364719,1709590478,0x8878cd1213a55a28f706f9f7dda0d766ca774cae9320ee889087899a47c8ca9d
BoredApeYachtClub,0xBC4CA0EdA7647A8aB7C2061c2E118A18a936f13D,8347,0xce841f783dc6d9df256af36b1cf6b3a52aa57cdc,0x61fbb052daf37a3b50616669a10c4778f08f3c6f,19.1675,seaport,19364719,1709590478,0x8878cd1213a55a28f706f9f7dda0d766ca774cae9320ee889087899a47c8ca9d
BoredApeYachtClub,0xBC4CA0EdA7647A8aB7C2061c2E118A18a936f13D,5051,0xd6cf266389907b35d98827e507ce5f6894a3c071,0xd6cf266389907b35d98827e507ce5f6894a3c071,18.154695,seaport,19364679,1709589995,0xc515fdcd5eab8e746c45fd0958af29224072670d9309bc26cfc8099719db0be0
BoredApeYachtClub,0xBC4CA0EdA7647A8aB7C2061c2E118A18a936f13D,5051,0x0097b9cfe64455eed479292671a1121f502bc954,0xd6cf266389907b35d98827e507ce5f6894a3c071,19.085705,seaport,19364679,1709589995,0xc515fdcd5eab8e746c45fd0958af29224072670d9309bc26cfc8099719db0be0
BoredApeYachtClub,0xBC4CA0EdA7647A8aB7C2061c2E118A18a936f13D,6341,0xd6cf266389907b35d98827e507ce5f6894a3c071,0xd6cf266389907b35d98827e507ce5f6894a3c071,18.2325,seaport,19364670,1709589886,0x120ede9e935975309fcca3b33bd401f15752f4c3bd75873568f26f58a55e1f22
BoredApeYachtClub,0xBC4CA0EdA7647A8aB7C2061c2E118A18a936f13D,6341,0xce841f783dc6d9df256af36b1cf6b3a52aa57cdc,0xd6cf266389907b35d98827e507ce5f6894a3c071,19.1675,seaport,19364670,1709589886,0x120ede9e935975309fcca3b33bd401f15752f4c3bd75873568f26f58a55e1f22
BoredApeYachtClub,0xBC4CA0EdA7647A8aB7C2061c2E118A18a936f13D,5396,0x44828bd6c44c5ee6def3c6b7150dcc0764bc7235,0x44828bd6c44c5ee6def3c6b7150dcc0764bc7235,19.11975,seaport,19363576,1709576646,0x070732f8843c263c6583bac527e57f1b98fe82e700a75f51bf5e36aeddd384f4
BoredApeYachtClub,0xBC4CA0EdA7647A8aB7C2061c2E118A18a936f13D,5396,0xce841f783dc6d9df256af36b1cf6b3a52aa57cdc,0x44828bd6c44c5ee6def3c6b7150dcc0764bc7235,20.10025,seaport,19363576,1709576646,0x070732f8843c263c6583bac527e57f1b98fe82e700a75f51bf5e36aeddd384f4
BoredApeYachtClub,0xBC4CA0EdA7647A8aB7C2061c2E118A18a936f13D,9754,0x2dfcc523036584664badd14950e581d23ad14ede,0x2dfcc523036584664badd14950e581d23ad14ede,19.269315,seaport,19362463,1709563176,0xdef42bbc77656523db894383144a79667ec998627e4de3c90ecf66f86fcd467c
BoredApeYachtClub,0xBC4CA0EdA7647A8aB7C2061c2E118A18a936f13D,9754,0x0097b9cfe64455eed479292671a1121f502bc954,0x2dfcc523036584664badd14950e581d23ad14ede,20.257485,seaport,19362463,1709563176,0xdef42bbc77656523db894383144a79667ec998627e4de3c90ecf66f86fcd467c
BoredApeYachtClub,0xBC4CA0EdA7647A8aB7C2061c2E118A18a936f13D,4224,0xf58dbd74f26e4bdbcf2a26e2f848e8348530f0e4,0x7c1958ba95ab3170f6069dadf4de304b0c00000c,28.0,seaport,19359180,1709523444,0x0225506cc03ddc85f8e2a265b5ed986e4f5eef4a82dacc2e40acb7f2afa31725
BoredApeYachtClub,0xBC4CA0EdA7647A8aB7C2061c2E118A18a936f13D,4224,0xb74f8069bbcc605292dbb93e55818690ab5bd00b,0x00ca04c45da318d5b7e7b14d5381ca59f09c73f0,30.591,seaport,19359065,1709522052,0x54ed7dd2358ed889f0761d208ad95225cd890c1b7c0b8dce1dac7fc9a3c5a652
BoredApeYachtClub,0xBC4CA0EdA7647A8aB7C2061c2E118A18a936f13D,136,0x23659a98f9e698d68efa8121429ec5a2d88c38d3,0x23659a98f9e698d68efa8121429ec5a2d88c38d3,19.074962,seaport,19358841,1709519341,0x1a1478386b11d26fa1af516ebcf52f0565cb6ddb66c5cec20ac32f55d765f202
BoredApeYachtClub,0xBC4CA0EdA7647A8aB7C2061c2E118A18a936f13D,136,0xf15c93562bc3944a68e938ef75d2a3360d98ca57,0x23659a98f9e698d68efa8121429ec5a2d88c38d3,20.458638,seaport,19358841,1709519341,0x1a1478386b11d26fa1af516ebcf52f0565cb6ddb66c5cec20ac32f55d765f202
BoredApeYachtClub,0xBC4CA0EdA7647A8aB7C2061c2E118A18a936f13D,9977,0x0addde205256645464259682c67674a4ede73e57,0x5705b71c9581208fbab754562447185b6895f3ac,20.9,seaport,19353463,1709454255,0x5165c636539d4342d83bbf3ba5436e1a7d1b77cffc2726e0efa01560368c24d2
BoredApeYachtClub,0xBC4CA0EdA7647A8aB7C2061c2E118A18a936f13D,2569,0x0c54a765c77a88d9cda0bd7ad9b10422848d92ef,0x0c54a765c77a88d9cda0bd7ad9b10422848d92ef,21.14574,seaport,19347665,1709384086,0xfb53b64d3cb71d008a76771dfb86a14da205f7b040f97427f429246e46c603d1
BoredApeYachtClub,0xBC4CA0EdA7647A8aB7C2061c2E118A18a936f13D,2569,0xfa51fde92bd01b1acbfe396070b89eecea26fde5,0x0c54a765c77a88d9cda0bd7ad9b10422848d92ef,21.35826,seaport,19347665,1709384086,0xfb53b64d3cb71d008a76771dfb86a14da205f7b040f97427f429246e46c603d1
BoredApeYachtClub,0xBC4CA0EdA7647A8aB7C2061c2E118A18a936f13D,2940,0x822d5bcf95a51fdeaa6787b63ebd130204a6c021,0x822d5bcf95a51fdeaa6787b63ebd130204a6c021,24.13125,seaport,19346782,1709373400,0xd14ec88da9d4eecbfde8017ce0a4dd9d29d06e97c506f62cecc2dd646341df81
BoredApeYachtClub,0xBC4CA0EdA7647A8aB7C2061c2E118A18a936f13D,2940,0x11960146158c39431a45898d36cf929b2e4726d7,0x822d5bcf95a51fdeaa6787b63ebd130204a6c021,25.36875,seaport,19346782,1709373400,0xd14ec88da9d4eecbfde8017ce0a4dd9d29d06e97c506f62cecc2dd646341df81
BoredApeYachtClub,0xBC4CA0EdA7647A8aB7C2061c2E118A18a936f13D,4681,0x4341f1bdd076760013ffc1aeff9fcf1c2c815fab,0x47147c03b34e177020905afe309b77636ecac256,6.0,seaport,19343542,1709334189,0x872e137cae9e320b43dda5803c84be30ea60c18fd64bccfe474d31c8e5279c9f
BoredApeYachtClub,0xBC4CA0EdA7647A8aB7C2061c2E118A18a936f13D,3563,0x647da47eb50c221fe811fe44822026dd2f36ef13,0x84ee124284cfe41b387506e3d6149bee0a9ae652,26.49,seaport,19341566,1709310275,0xe3f72be01f637d627eaf6e03004413dae9df839055c75fee7124d40bc25e8559
BoredApeYachtClub,0xBC4CA0EdA7647A8aB7C2061c2E118A18a936f13D,9544,0x775236645a5ab8a91d883e8cba3ac6c4d038c4d8,0x1bdf46142f95784b5009bb9a559bccd7297ab9f9,23.9,seaport,19340668,1709299407,0xeecc6e91f5b9ead2fa77a5cd66b29670f6de69cf979164aa57953984e93ec0ce
BoredApeYachtClub,0xBC4CA0EdA7647A8aB7C2061c2E118A18a936f13D,7433,0x1f54c0b0e83d7cc77337e1d3d11e5c79d073679d,0xb7f05f39a8910c6ef00610890fd912aab5c728bc,23.46,seaport,19334868,1709229214,0xc94241e6f206880045209d6bc20145ac5eba02ea826eb72cd01576479d2c883e
BoredApeYachtClub,0xBC4CA0EdA7647A8aB7C2061c2E118A18a936f13D,2003,0xe0e76a34c17635ebff5d80b1e387fcdd4eeab863,0x55537101f2dff9ab6f8bc8adc7bc5111bc38c325,23.6,seaport,19334091,1709219810,0x62b5119526809336cf171241dae6ba8dc959fdf3c22c627f9f396c2e2353325a
BoredApeYachtClub,0xBC4CA0EdA7647A8aB7C2061c2E118A18a936f13D,3282,0xad0404dcebaac8796b5d5ca5be034b1ba9927ac9,0xad0404dcebaac8796b5d5ca5be034b1ba9927ac9,21.45,seaport,19329011,1709158331,0xce3574cf0e66d31f0df9385840553fc368e0e1a94aa6cc4a33a036b670b063a6
BoredApeYachtClub,0xBC4CA0EdA7647A8aB7C2061c2E118A18a936f13D,3282,0x0097b9cfe64455eed479292671a1121f502bc954,0xad0404dcebaac8796b5d5ca5be034b1ba9927ac9,22.55,seaport,19329011,1709158331,0xce3574cf0e66d31f0df9385840553fc368e0e1a94aa6cc4a33a036b670b063a6
BoredApeYachtClub,0xBC4CA0EdA7647A8aB7C2061c2E118A18a936f13D,1128,0xb57e6d15df08082900fd92fa080f85aef01a5f46,0x691c415200dc6bb0200856e9ed7c146411077fc0,24.0,seaport,19328328,1709150065,0xe74188624345e03fcd98e72e789827945cc965304a1e933b4ca87680cfa503b2
BoredApeYachtClub,0xBC4CA0EdA7647A8aB7C2061c2E118A18a936f13D,6609,0x8ae57a027c63fca8070d1bf38622321de8004c67,0xbaa02edb7cb6dc2865bc2440de9caf6a9e31f23e,24.0,seaport,19327963,1709145647,0x3bd4988c19eadd287a4d35da8a2855697ad3a3e6f32a854ed373cbe76c74c19c
BoredApeYachtClub,0xBC4CA0EdA7647A8aB7C2061c2E118A18a936f13D,4934,0x58c94206a660d3008d2322a833890227b369ffac,0x58c94206a660d3008d2322a833890227b369ffac,21.98625,seaport,19326965,1709133569,0x12ba529db949054c7607a2cbeb258aba57c4a24ea66c4a24a21acca4560ab965
BoredApeYachtClub,0xBC4CA0EdA7647A8aB7C2061c2E118A18a936f13D,4934,0xce841f783dc6d9df256af36b1cf6b3a52aa57cdc,0x58c94206a660d3008d2322a833890227b369ffac,23.11375,seaport,19326965,1709133569,0x12ba529db949054c7607a2cbeb258aba57c4a24ea66c4a24a21acca4560ab965
BoredApeYachtClub,0xBC4CA0EdA7647A8aB7C2061c2E118A18a936f13D,6006,0xdd28616f244c8cfe206d3ae6bb3cf59153cb3b43,0x07f7ded89d22c4baba44346577cebcbb9d1db81d,22.95,seaport,19319730,1709046009,0x11a8f870e6198d21167f5f048fad5eeb49eae7fddb2ab0f998a1de12843d1c10
BoredApeYachtClub,0xBC4CA0EdA7647A8aB7C2061c2E118A18a936f13D,6567,0x66666f58de1bcd762a5e5c5aff9cc3c906d66666,0x242559cceece552cc790bd3f2f9d890921ed6125,42.0,x2y2,19319678,1709045380,0xd43e04a08f6bff233503fa0290419761372a78c6c01f6bbbec185b167eb791e1
BoredApeYachtClub,0xBC4CA0EdA7647A8aB7C2061c2E118A18a936f13D,8401,0xd05ea473eac0f92c539af245b4f093f972949ebe,0x18e8caea3411b0b8208aacaba9a77fb48eba5a5e,0.2,x2y2,19318923,1709036243,0x17ae5021ddc5e04e0da06882b6d16fe1b4c1e7afcebac1201814e030355c27e2
BoredApeYachtClub,0xBC4CA0EdA7647A8aB7C2061c2E118A18a936f13D,1912,0x9f617609227d9ca38600df4ff6aa03001a5aab1a,0xe99b834f660a6abe15d785ab3ca4240cdb61d2a1,23.0,seaport,19318478,1709030857,0x6c553f28ff985ecd4951cbe3534c8934d34e343c6ae8b0ff9d0b8f3bb1a79897
BoredApeYachtClub,0xBC4CA0EdA7647A8aB7C2061c2E118A18a936f13D,9110,0x4341f1bdd076760013ffc1aeff9fcf1c2c815fab,0xe99b834f660a6abe15d785ab3ca4240cdb61d2a1,25.0,seaport,19318199,1709027481,0x2ac40f844f57bd7179999fdcaee6c395fb02b75eb585c9522badc29a48662431
BoredApeYachtClub,0xBC4CA0EdA7647A8aB7C2061c2E118A18a936f13D,6912,0x8c00dd32b3f6e0d6d8c2c22d2aecad0b55743e1d,0x8c00dd32b3f6e0d6d8c2c22d2aecad0b55743e1d,21.688095,seaport,19318105,1709026343,0x9de4c77aa3edf4602a237b1a4e4ce56f1fa535affe078fb1db364647b6b1a3f9
BoredApeYachtClub,0xBC4CA0EdA7647A8aB7C2061c2E118A18a936f13D,6912,0x1fee3385b22d69e93209db2042be58fcac57b59b,0x8c00dd32b3f6e0d6d8c2c22d2aecad0b55743e1d,22.800305,seaport,19318105,1709026343,0x9de4c77aa3edf4602a237b1a4e4ce56f1fa535affe078fb1db364647b6b1a3f9
BoredApeYachtClub,0xBC4CA0EdA7647A8aB7C2061c2E118A18a936f13D,766,0x1909fe92f7484340ef724d366731bfb4e563c74c,0x1909fe92f7484340ef724d366731bfb4e563c74c,21.718125,seaport,19315655,1708996693,0xc4d0179f003c220c18a6526eb591a84ded1d3d3646a62a869225441a21c1eed7
BoredApeYachtClub,0xBC4CA0EdA7647A8aB7C2061c2E118A18a936f13D,766,0x1fee3385b22d69e93209db2042be58fcac57b59b,0x1909fe92f7484340ef724d366731bfb4e563c74c,22.831875,seaport,19315655,1708996693,0xc4d0179f003c220c18a6526eb591a84ded1d3d3646a62a869225441a21c1eed7
BoredApeYachtClub,0xBC4CA0EdA7647A8aB7C2061c2E118A18a936f13D,3802,0x6ed1642780071b3d72dd453aa7ce06899e78b421,0x6ed1642780071b3d72dd453aa7ce06899e78b421,21.801,seaport,19313795,1708974182,0xcaba48f14da4a032298e809f61e1a55571a89c4385f66f37a2a80e6b25d3c790
BoredApeYachtClub,0xBC4CA0EdA7647A8aB7C2061c2E118A18a936f13D,3802,0xce841f783dc6d9df256af36b1cf6b3a52aa57cdc,0x6ed1642780071b3d72dd453aa7ce06899e78b421,22.919,seaport,19313795,1708974182,0xcaba48f14da4a032298e809f61e1a55571a89c4385f66f37a2a80e6b25d3c790
BoredApeYachtClub,0xBC4CA0EdA7647A8aB7C2061c2E118A18a936f13D,3364,0x2e2026d92abe9d0c55ef6c3090cbb6160489f0af,0xc6e113e7ac8160de68a75a705b4da9563c0ca4f6,36.5,seaport,19311292,1708943890,0xac634451f663a0e56bbd65bcdc14319f273336b8b7da5e512b69b55a531436b3
BoredApeYachtClub,0xBC4CA0EdA7647A8aB7C2061c2E118A18a936f13D,990,0x43e33b9c48f9fc7a4598d5b561d2be29e089d6c7,0x2e7573445b46a305f6b80f86ba56e788b2db7e68,23.5,seaport,19309137,1708917810,0x67d1dc48d08667425378c91fadf76914b1732c26176b2bf518e86c117bb6824b
BoredApeYachtClub,0xBC4CA0EdA7647A8aB7C2061c2E118A18a936f13D,1835,0x6d0267156f1c6ce44caa4bf129b76009d3d41830,0x93af1b9bdd5a98ba92d746dbb8217e652309c857,2.85,seaport,19304510,1708861813,0x6dff2e381d648fc9728376155b986a333483aa57e9da9cc0f8f1a7d24661441f
BoredApeYachtClub,0xBC4CA0EdA7647A8aB7C2061c2E118A18a936f13D,1175,0xba167daf17c3348caefec30641fc129dc8af5981,0x7aed3163fb1b705423175e3c2fa1d58aa638efa0,28.0,seaport,19303054,1708844192,0x2e3ebfe8f61b393d726a9cf32c22cae6468776d1ec5a240f78bcd61b5e4301f9
BoredApeYachtClub,0xBC4CA0EdA7647A8aB7C2061c2E118A18a936f13D,3393,0x68a6bbbf32083732eabcd1fc48a5a406ae20082d,0xcb415344cd0fc552ce7b48ee9375991ff5865895,30.5,x2y2,19291702,1708706807,0x349284fd5244bce1b3a9632188cae8b91211af745a071849bf618e526b0d09fa
BoredApeYachtClub,0xBC4CA0EdA7647A8aB7C2061c2E118A18a936f13D,4685,0xc166b70407f03422bdd700da9380c11ff22a7e38,0xc166b70407f03422bdd700da9380c11ff22a7e38,24.375,seaport,19286280,1708641188,0xcea2300b681d719ad80af0650a8796918f85560d9117c3d2baae2ded946ebbce
BoredApeYachtClub,0xBC4CA0EdA7647A8aB7C2061c2E118A18a936f13D,4685,0x4a1cbee11dedbd0df56bf0b2908e117c9f693407,0xc166b70407f03422bdd700da9380c11ff22a7e38,25.625,seaport,19286280,1708641188,0xcea2300b681d719ad80af0650a8796918f85560d9117c3d2baae2ded946ebbce
BoredApeYachtClub,0xBC4CA0EdA7647A8aB7C2061c2E118A18a936f13D,361,0x6e2bd78965ea2b754da92df5488897d2ecf0763a,0xf606719e6e4ac5f184e702e207de3840a9c66374,23.23,seaport,19285273,1708629001,0x165e18fd51fafe9222683ccae756f741aa1952892c15cbc8c6da55ed3d66cbf6
BoredApeYachtClub,0xBC4CA0EdA7647A8aB7C2061c2E118A18a936f13D,5790,0xcb415344cd0fc552ce7b48ee9375991ff5865895,0xf011f97d87ba4ac949c940a84b12e276e13f0529,22.7,x2y2,19284909,1708624596,0xba7936f52b03b815dfb2aefe05f5ac5379c736efc951d0a60a5913e8ea6429c8
BoredApeYachtClub,0xBC4CA0EdA7647A8aB7C2061c2E118A18a936f13D,57,0xe6257a6d4e40ab2a1c03098a3140aad2969fcadd,0xe6257a6d4e40ab2a1c03098a3140aad2969fcadd,22.6785,seaport,19282023,1708589669,0x2d5cce85ca541129d760999405fa67821db02a03cdcb973babf1202e27b1ae77
BoredApeYachtClub,0xBC4CA0EdA7647A8aB7C2061c2E118A18a936f13D,57,0x321048fd3640e409b4f41de88f15901c2a2d08dd,0xe6257a6d4e40ab2a1c03098a3140aad2969fcadd,23.8415,seaport,19282023,1708589669,0x2d5cce85ca541129d760999405fa67821db02a03cdcb973babf1202e27b1ae77
BoredApeYachtClub,0xBC4CA0EdA7647A8aB7C2061c2E118A18a936f13D,154,0xe6257a6d4e40ab2a1c03098a3140aad2969fcadd,0xe6257a6d4e40ab2a1c03098a3140aad2969fcadd,22.08769,seaport,19282015,1708589572,0xe85012c47148fbd46e1d0a952a0d6248274021a9ea455228f26c6a9327daf0f9
BoredApeYachtClub,0xBC4CA0EdA7647A8aB7C2061c2E118A18a936f13D,154,0xf15c93562bc3944a68e938ef75d2a3360d98ca57,0xe6257a6d4e40ab2a1c03098a3140aad2969fcadd,24.41271,seaport,19282015,1708589572,0xe85012c47148fbd46e1d0a952a0d6248274021a9ea455228f26c6a9327daf0f9
BoredApeYachtClub,0xBC4CA0EdA7647A8aB7C2061c2E118A18a936f13D,7240,0x66666f58de1bcd762a5e5c5aff9cc3c906d66666,0x027050e062ab1a7695e2b4ac3b7efa0d251d3d09,39.0,seaport,19280563,1708572000,0x5a72b47a5e3addfb37bc6b9fcf68123ed289f5a73a4f9a53f0c1bc133aedca03
BoredApeYachtClub,0xBC4CA0EdA7647A8aB7C2061c2E118A18a936f13D,7905,0xb6f0f50a084a8fa6c120c3cfa49e873da76d7154,0xc7f32b05cfb5e06f2db7758e9852c443fb8b7231,24.27,seaport,19279951,1708564593,0x4091425a9c7b8c0a4c8c16f8a2667010446bf975a5e889a623956b8cdc82ecb4
BoredApeYachtClub,0xBC4CA0EdA7647A8aB7C2061c2E118A18a936f13D,7338,0x5e525f13ebec9a839e7a5d69a901c726110ef179,0xcb415344cd0fc552ce7b48ee9375991ff5865895,26.0,x2y2,19279726,1708561870,0xc7a191abfa90ca019b26cd388b403170bef88931585659554d811a1d0d761c04
BoredApeYachtClub,0xBC4CA0EdA7647A8aB7C2061c2E118A18a936f13D,3832,0x6173cbc01a151738a665755491461d9b4eeea491,0x6173cbc01a151738a665755491461d9b4eeea491,22.5225,seaport,19278815,1708550845,0xfeb5d5902b10b55cc1fd55d3d034f263990ae1ea9933b2f3c889ae65f4b42899
BoredApeYachtClub,0xBC4CA0EdA7647A8aB7C2061c2E118A18a936f13D,3832,0x0097b9cfe64455eed479292671a1121f502bc954,0x6173cbc01a151738a665755491461d9b4eeea491,23.6775,seaport,19278815,1708550845,0xfeb5d5902b10b55cc1fd55d3d034f263990ae1ea9933b2f3c889ae65f4b42899
BoredApeYachtClub,0xBC4CA0EdA7647A8aB7C2061c2E118A18a936f13D,4211,0x42af015dae3d903d554c4a3da1e47b651d608fad,0xc442df49505d305cd70ed93beb5ee6b8519d4133,23.69,seaport,19278516,1708547226,0x9a929bb8e7a5f0b6e4597d51539a2d7db5daaa1623f3e126282e8605ec547eb0
BoredApeYachtClub,0xBC4CA0EdA7647A8aB7C2061c2E118A18a936f13D,7354,0xa44c68aed214e21c1cfb1857f3586e6ed42d4cd2,0x26e7f5f193354b22da271a57433acadab2c79480,26.0,x2y2,19278341,1708545108,0xdfde4d2779eb3d5a84ff4c669e0a7c45d44cd86b8716bf02105e70b44f81c827
BoredApeYachtClub,0xBC4CA0EdA7647A8aB7C2061c2E118A18a936f13D,4160,0x003baeee5975c044d99913feb507904111427a9c,0x4d8b2c0de9fd5826e87a704767828a73b30a58b4,23.5,seaport,19277733,1708537750,0xfe82a1cf8af92d30e6645d501fe1a41391e8300c57aabb4e176864422dee68fe
BoredApeYachtClub,0xBC4CA0EdA7647A8aB7C2061c2E118A18a936f13D,9930,0x9cef5c64a071a056bfd7f0230ca6137739e64a67,0xbc06112544d86b8053d8b401ac264a6b45311b56,23.0,seaport,19277558,1708535632,0x9761ae1b4efdaed2a65c6ed9178d6af212f4dd1b400b64b79bd0e7f6a6029ae0
BoredApeYachtClub,0xBC4CA0EdA7647A8aB7C2061c2E118A18a936f13D,4431,0xf15c93562bc3944a68e938ef75d2a3360d98ca57,0x2e7573445b46a305f6b80f86ba56e788b2db7e68,0.0,seaport,19277556,1708535608,0xb4b9e1c6285baf0dd649b64ff107632f88102405f9f0a586089bed460075dd1d
BoredApeYachtClub,0xBC4CA0EdA7647A8aB7C2061c2E118A18a936f13D,6377,0xdc5dc5b18f09cdf1ae14862e8e4665369e614ce7,0xca39a299230a96a89dc74f47a682ba88cca7b79c,22.28,seaport,19276282,1708520190,0x480be88ca3044ec74468f9255d0947673eb282285c87ca1665be873af3a4d374
BoredApeYachtClub,0xBC4CA0EdA7647A8aB7C2061c2E118A18a936f13D,881,0x6cb63e39805e028bda53f7756bc1bc888c6962a6,0x1e04bfb945dfa23ed8bdea67947ca0d7b5fff75d,21.3,x2y2,19271233,1708459085,0xf412a1a1561bc2d48664b6f114fcf1dfbb21336fd4818ee5bf0028dbee7e2020
BoredApeYachtClub,0xBC4CA0EdA7647A8aB7C2061c2E118A18a936f13D,6802,0x7fb6123f947dff6bd83f2f7a05fa35367abb7ced,0x4be4b6963a7c6b3f3445ad4c97b9c0c36e549fb8,21.0,seaport,19270591,1708451316,0x3f424491db51cf53d9f34e36eaa132945b232bf4485da6772637440c6c4d71cc
BoredApeYachtClub,0xBC4CA0EdA7647A8aB7C2061c2E118A18a936f13D,8216,0xaeaa92d20069562293e1c55e1a3d16c9898f8c18,0xe3fc637af794eda27f66022938cda18786899d41,1.8,seaport,19270431,1708449379,0x82f34bf305960b0e01b069af5930ab0c9bee4f6fedd9e3da3ec1658dbabace06
BoredApeYachtClub,0xBC4CA0EdA7647A8aB7C2061c2E118A18a936f13D,1074,0x26c0c33454929e1098ef8ab5b47020d52335e023,0x26c0c33454929e1098ef8ab5b47020d52335e023,20.722455,seaport,19269959,1708443667,0x4d31bc2bb2dbc3f9c7dc4880e7fc81ae0e389538d76246a89fd0987db42b2a94
BoredApeYachtClub,0xBC4CA0EdA7647A8aB7C2061c2E118A18a936f13D,1074,0x0097b9cfe64455eed479292671a1121f502bc954,0x26c0c33454929e1098ef8ab5b47020d52335e023,21.785145,seaport,19269959,1708443667,0x4d31bc2bb2dbc3f9c7dc4880e7fc81ae0e389538d76246a89fd0987db42b2a94
BoredApeYachtClub,0xBC4CA0EdA7647A8aB7C2061c2E118A18a936f13D,3114,0xdfe7772e8647cf105c15da6319efd64c8d4fb12d,0x17ef2b6ff281dbb79847c9cbb2ce62572abb24c8,23.5,seaport,19269350,1708436297,0x314456ff6d11e8eef063771ed4ce40f1b424cf93022845d3bdf3bd7f5fc247de
BoredApeYachtClub,0xBC4CA0EdA7647A8aB7C2061c2E118A18a936f13D,3093,0x000000000055217587f821917562867172942189,0xbf8f78b19307062aa89beadf8d38f6e2bb33e795,22.96,seaport,19268361,1708424328,0x864ddafddbc865a8d50fadaeb8c94560ce2f6e35947bb5e25dadf4262f8aaff1
BoredApeYachtClub,0xBC4CA0EdA7647A8aB7C2061c2E118A18a936f13D,6882,0x909b4d69fdbd78974c3716b644c382b258b2e152,0xe926f0c63111ae2863ef2454b5527aba89dbd11f,22.4,seaport,19268239,1708422851,0x4faadc951ed74c4b35481eac61b930c99defaf00ac1c85c0d3b5bb39c512c3fd
BoredApeYachtClub,0xBC4CA0EdA7647A8aB7C2061c2E118A18a936f13D,4504,0xd0f716638fd372a5ee3656b512eda6691907c3c4,0xd0f716638fd372a5ee3656b512eda6691907c3c4,20.456865,seaport,19264532,1708377988,0x775fbfae58ea50db7a8f6148b27dd645afab548996d6f21c5e07924923a7f9eb
BoredApeYachtClub,0xBC4CA0EdA7647A8aB7C2061c2E118A18a936f13D,4504,0x0097b9cfe64455eed479292671a1121f502bc954,0xd0f716638fd372a5ee3656b512eda6691907c3c4,21.505935,seaport,19264532,1708377988,0x775fbfae58ea50db7a8f6148b27dd645afab548996d6f21c5e07924923a7f9eb
BoredApeYachtClub,0xBC4CA0EdA7647A8aB7C2061c2E118A18a936f13D,7246,0x3518615861d911624a7fcaec26142d02042a50a2,0x248230127f082f54952ca5b46553bd86fa185f14,29.9,x2y2,19263273,1708362751,0x0e3e1fddf3e764b120014667d39fe821a8c634a6e884467f15b2d76686359419
BoredApeYachtClub,0xBC4CA0EdA7647A8aB7C2061c2E118A18a936f13D,5044,0x58daeeeccde2da7ced508ce3ce4b12c369a100ab,0x17ef2b6ff281dbb79847c9cbb2ce62572abb24c8,23.19,seaport,19262074,1708348241,0x90995070b74dab58a7631363d7736b482a4176b3f7d74c61cfa4d5fae96ad1d9
BoredApeYachtClub,0xBC4CA0EdA7647A8aB7C2061c2E118A18a936f13D,536,0x9bb86ab2ebe3e6b9b580d557f7adcc4ff746ec8f,0x7c1affd8961b24baa01414aaffa0901862d58b5b,22.3,seaport,19259342,1708315177,0x396a49b34b88ded30dab103fa0f8de8fba8ca08fc0fc231cd03646b3e7d155eb
BoredApeYachtClub,0xBC4CA0EdA7647A8aB7C2061c2E118A18a936f13D,3847,0x660ec30a451b949ecf5f23c71db1adfa1b9748d0,0x660ec30a451b949ecf5f23c71db1adfa1b9748d0,20.52019,seaport,19257148,1708288625,0x38e45ea119d35902eeff06550c39f84e238e2ba8894a0edf50b822a85a027821
BoredApeYachtClub,0xBC4CA0EdA7647A8aB7C2061c2E118A18a936f13D,3847,0xf15c93562bc3944a68e938ef75d2a3360d98ca57,0x660ec30a451b949ecf5f23c71db1adfa1b9748d0,22.68021,seaport,19257148,1708288625,0x38e45ea119d35902eeff06550c39f84e238e2ba8894a0edf50b822a85a027821
BoredApeYachtClub,0xBC4CA0EdA7647A8aB7C2061c2E118A18a936f13D,7742,0xeb3a677d41a1f0333c27560d86a0caee33cff031,0x3bca87d51dea28d26d6cb401bf027e1317448a64,22.5,x2y2,19256443,1708280093,0xc216bff0f8f22cc878df4a7810042db6bc1d4e3bebc0e24079750a313c1c5bb0
BoredApeYachtClub,0xBC4CA0EdA7647A8aB7C2061c2E118A18a936f13D,928,0xb6f0f50a084a8fa6c120c3cfa49e873da76d7154,0xb6f0f50a084a8fa6c120c3cfa49e873da76d7154,21.199425,seaport,19255475,1708268378,0x364005df75c1b4f22e448f69ec0b908e6ded6e4b4f76c9efae93bd7d1f56bba5
BoredApeYachtClub,0xBC4CA0EdA7647A8aB7C2061c2E118A18a936f13D,928,0x41af51792cdcfab9bdc0239f1d1c274e0b2682ae,0xb6f0f50a084a8fa6c120c3cfa49e873da76d7154,22.286575,seaport,19255475,1708268378,0x364005df75c1b4f22e448f69ec0b908e6ded6e4b4f76c9efae93bd7d1f56bba5
BoredApeYachtClub,0xBC4CA0EdA7647A8aB7C2061c2E118A18a936f13D,9673,0x17ef2b6ff281dbb79847c9cbb2ce62572abb24c8,0x42d69f67a14753824ff1ae387a98cc0d490d0474,23.0,seaport,19254825,1708260511,0x59eed8bdab15cb8a3c63b18ffc5dc247717199a57b1c74ec04222248baa79dad
BoredApeYachtClub,0xBC4CA0EdA7647A8aB7C2061c2E118A18a936f13D,3762,0xb7b668c3dd82bbc8708d41146af74d415087969d,0x3dee682ad8fc1bfc3657c59e841d135d51f9662a,27.5,x2y2,19250801,1708211812,0x3e8e433aa264a387b51fc2be6cdac6eddaab19a9762c2d0f9d7cdda87e26c58c
BoredApeYachtClub,0xBC4CA0EdA7647A8aB7C2061c2E118A18a936f13D,6932,0x1edcccddb214cd3c20613708d9c9ead9cd2476db,0x4933ad10c3523410c8ee3436691a8e04319296cd,24.0,seaport,19250461,1708207697,0xea11bfb520e80333f2e37e71a38ae934011a12c395f538a2b80f961785bdc8ee
BoredApeYachtClub,0xBC4CA0EdA7647A8aB7C2061c2E118A18a936f13D,1355,0xcdff6eaad6768715ca1652fabaf6d221a359f467,0xcdff6eaad6768715ca1652fabaf6d221a359f467,21.0862,seaport,19250014,1708202287,0x60ab772f99ea87aba9865ec0e93aef49c030023a64a8306a6ba677d4a5b2666f
BoredApeYachtClub,0xBC4CA0EdA7647A8aB7C2061c2E118A18a936f13D,1355,0xf15c93562bc3944a68e938ef75d2a3360d98ca57,0xcdff6eaad6768715ca1652fabaf6d221a359f467,23.3058,seaport,19250014,1708202287,0x60ab772f99ea87aba9865ec0e93aef49c030023a64a8306a6ba677d4a5b2666f
BoredApeYachtClub,0xBC4CA0EdA7647A8aB7C2061c2E118A18a936f13D,4368,0x52c946c93798e3a47a7888164dbc0375d081f720,0x248230127f082f54952ca5b46553bd86fa185f14,25.4,x2y2,19248690,1708186264,0xaf43ee37806f3d57b7057b64f84b282000ae2dcb988847600d5c6f0d7e447d11
BoredApeYachtClub,0xBC4CA0EdA7647A8aB7C2061c2E118A18a936f13D,7616,0x7d544a853dbcd39a53315e7002f4951a6d2f080d,0xa551424f18c9b7536d64a48122fd58c619b7ca2a,120.0,seaport,19248557,1708184654,0xfb7a6d953a833a37fbe59b12a76f37d63b3ed0ac7d01e7e35503520637f9fa3b
BoredApeYachtClub,0xBC4CA0EdA7647A8aB7C2061c2E118A18a936f13D,1944,0x6cb63e39805e028bda53f7756bc1bc888c6962a6,0xcb415344cd0fc552ce7b48ee9375991ff5865895,22.0,x2y2,19248476,1708183674,0xf5f3244aa31b31babde476043d1ddbcbd75bba86a4b49b0352f69834b851577b
BoredApeYachtClub,0xBC4CA0EdA7647A8aB7C2061c2E118A18a936f13D,5044,0x828f449e80ed68ca40c18342b3fefecf78a047f6,0x828f449e80ed68ca40c18342b3fefecf78a047f6,21.7905,seaport,19247255,1708168897,0x80b189b5d808f78e8f50dc668409acd6e959dbe389541dd0d76e41450d92e12c
BoredApeYachtClub,0xBC4CA0EdA7647A8aB7C2061c2E118A18a936f13D,5044,0x17ef2b6ff281dbb79847c9cbb2ce62572abb24c8,0x828f449e80ed68ca40c18342b3fefecf78a047f6,22.0095,seaport,19247255,1708168897,0x80b189b5d808f78e8f50dc668409acd6e959dbe389541dd0d76e41450d92e12c
BoredApeYachtClub,0xBC4CA0EdA7647A8aB7C2061c2E118A18a936f13D,9106,0x828f449e80ed68ca40c18342b3fefecf78a047f6,0x828f449e80ed68ca40c18342b3fefecf78a047f6,21.1575,seaport,19246891,1708164492,0x33df9f9c421689e9c5cdd371fd6d53bcad4bbb919747a5cdab259454865564de
BoredApeYachtClub,0xBC4CA0EdA7647A8aB7C2061c2E118A18a936f13D,9106,0x0097b9cfe64455eed479292671a1121f502bc954,0x828f449e80ed68ca40c18342b3fefecf78a047f6,22.2425,seaport,19246891,1708164492,0x33df9f9c421689e9c5cdd371fd6d53bcad4bbb919747a5cdab259454865564de
BoredApeYachtClub,0xBC4CA0EdA7647A8aB7C2061c2E118A18a936f13D,9694,0xa21a744957e0a483cfc2cebd312c2aeb24d53397,0xa21a744957e0a483cfc2cebd312c2aeb24d53397,21.344505,seaport,19246527,1708160087,0xd0ca89d80ae9e1ccd3f95f9e928f3a07a5e3919dae71986ede88f86aadd5cef1
BoredApeYachtClub,0xBC4CA0EdA7647A8aB7C2061c2E118A18a936f13D,9694,0x0097b9cfe64455eed479292671a1121f502bc954,0xa21a744957e0a483cfc2cebd312c2aeb24d53397,22.439095,seaport,19246527,1708160087,0xd0ca89d80ae9e1ccd3f95f9e928f3a07a5e3919dae71986ede88f86aadd5cef1
BoredApeYachtClub,0xBC4CA0EdA7647A8aB7C2061c2E118A18a936f13D,9747,0xa21a744957e0a483cfc2cebd312c2aeb24d53397,0xa21a744957e0a483cfc2cebd312c2aeb24d53397,20.76833,seaport,19246522,1708160026,0xb8b68c70211420fe79ffc3f7c444f1a4cf30f57ca5361e83ad0a929790f9bb7e
BoredApeYachtClub,0xBC4CA0EdA7647A8aB7C2061c2E118A18a936f13D,9747,0xf15c93562bc3944a68e938ef75d2a3360d98ca57,0xa21a744957e0a483cfc2cebd312c2aeb24d53397,22.95447,seaport,19246522,1708160026,0xb8b68c70211420fe79ffc3f7c444f1a4cf30f57ca5361e83ad0a929790f9bb7e
BoredApeYachtClub,0xBC4CA0EdA7647A8aB7C2061c2E118A18a936f13D,4368,0x248230127f082f54952ca5b46553bd86fa185f14,0x1b84952a43cf6dd06e62c39c129b65e0b16e093a,24.3,x2y2,19244195,1708131809,0x0a5d8362e678e41d8369690166d216db0cae987410e2257bf18c7aa0e680d69b
BoredApeYachtClub,0xBC4CA0EdA7647A8aB7C2061c2E118A18a936f13D,8572,0x2e7573445b46a305f6b80f86ba56e788b2db7e68,0xc166b70407f03422bdd700da9380c11ff22a7e38,0.75,seaport,19240624,1708088507,0x1b16e09f42c1a272c1c40830a619f13ede60e440d75a6c1264c5fbc614d9f79c
BoredApeYachtClub,0xBC4CA0EdA7647A8aB7C2061c2E118A18a936f13D,5761,0xf22742f06e4f6d68a8d0b49b9f270bb56affab38,0xf22742f06e4f6d68a8d0b49b9f270bb56affab38,21.908445,seaport,19235966,1708032025,0x0232dfe991feb0a529e2d7dd00dc977647506f174f8064ff31646c381295066b
BoredApeYachtClub,0xBC4CA0EdA7647A8aB7C2061c2E118A18a936f13D,5761,0x0097b9cfe64455eed479292671a1121f502bc954,0xf22742f06e4f6d68a8d0b49b9f270bb56affab38,23.031955,seaport,19235966,1708032025,0x0232dfe991feb0a529e2d7dd00dc977647506f174f8064ff31646c381295066b
BoredApeYachtClub,0xBC4CA0EdA7647A8aB7C2061c2E118A18a936f13D,2388,0x73b444b0931de0283498e4dfe8d97e6ba723eac3,0x17ef2b6ff281dbb79847c9cbb2ce62572abb24c8,24.0,x2y2,19230831,1707969759,0xa56a7e47be3a180c18e11f130a454c6f3343eb820143b38575fff5a8c6368a6b
BoredApeYachtClub,0xBC4CA0EdA7647A8aB7C2061c2E118A18a936f13D,4685,0xbbee3d18c8ea290ff6f7e05fc7ce7bb0f81d34a8,0xbbee3d18c8ea290ff6f7e05fc7ce7bb0f81d34a8,22.62,seaport,19230637,1707967406,0x06e005db0f1ef1245b4b5641cf4049dc9eb6164128e04ce0ea7cd4cb7d0dec9a
BoredApeYachtClub,0xBC4CA0EdA7647A8aB7C2061c2E118A18a936f13D,4685,0x2e7573445b46a305f6b80f86ba56e788b2db7e68,0xbbee3d18c8ea290ff6f7e05fc7ce7bb0f81d34a8,23.78,seaport,19230637,1707967406,0x06e005db0f1ef1245b4b5641cf4049dc9eb6164128e04ce0ea7cd4cb7d0dec9a
BoredApeYachtClub,0xBC4CA0EdA7647A8aB7C2061c2E118A18a936f13D,5833,0xbbee3d18c8ea290ff6f7e05fc7ce7bb0f81d34a8,0xbbee3d18c8ea290ff6f7e05fc7ce7bb0f81d34a8,22.08375,seaport,19230627,1707967285,0x600615dccc63fe9b8154fa54c62d0b36d66bcc03ee3d09757f025e3dd0dd9755
BoredApeYachtClub,0xBC4CA0EdA7647A8aB7C2061c2E118A18a936f13D,5833,0xce841f783dc6d9df256af36b1cf6b3a52aa57cdc,0xbbee3d18c8ea290ff6f7e05fc7ce7bb0f81d34a8,23.21625,seaport,19230627,1707967285,0x600615dccc63fe9b8154fa54c62d0b36d66bcc03ee3d09757f025e3dd0dd9755
BoredApeYachtClub,0xBC4CA0EdA7647A8aB7C2061c2E118A18a936f13D,5790,0x61d12390fecdcba02f3ab71c8c5b334b068a2f59,0x6233bd511ae66912f23bd47112d465f391fdb605,23.59,seaport,19228720,1707944161,0xe1ddb7fc78ebc4100b98d55157f5f7cbc1916f78e444806810a23f7b45af958d
BoredApeYachtClub,0xBC4CA0EdA7647A8aB7C2061c2E118A18a936f13D,9824,0xdc5dc5b18f09cdf1ae14862e8e4665369e614ce7,0x80fdae0482a52347b0f4c61485c4af1052db97dc,23.35,seaport,19223919,1707885945,0x026de72b123cb451c268f63fbc7fe18f0985f683012ad68ea6965c5a416117aa
BoredApeYachtClub,0xBC4CA0EdA7647A8aB7C2061c2E118A18a936f13D,8572,0xc166b70407f03422bdd700da9380c11ff22a7e38,0x0097b9cfe64455eed479292671a1121f502bc954,0.26,seaport,19221810,1707860371,0x016d8a01c1c1f4d5999dd77efae12f72d5f7e9180c376e83abbe904122b7e974
BoredApeYachtClub,0xBC4CA0EdA7647A8aB7C2061c2E118A18a936f13D,1508,0xa8aad55c115a9213d790e11ad90a60f3540fee72,0xeab974fae1582aa8707586b836c7b6313c47992f,33.0,x2y2,19221790,1707860129,0x67fd3c039a17d14040f98c5e959e4f3801928867db6b2ba76773e0fc8216b3a1
BoredApeYachtClub,0xBC4CA0EdA7647A8aB7C2061c2E118A18a936f13D,8572,0x134c14856d5eb7f8fb6b1ffef7983d3fed1df9f7,0x134c14856d5eb7f8fb6b1ffef7983d3fed1df9f7,22.066785,seaport,19221348,1707854769,0x1a906ae359d026e279f2cc4da67335c4c01d0d663a1850bcd861cc83f814b109
BoredApeYachtClub,0xBC4CA0EdA7647A8aB7C2061c2E118A18a936f13D,8572,0x0097b9cfe64455eed479292671a1121f502bc954,0x134c14856d5eb7f8fb6b1ffef7983d3fed1df9f7,23.198415,seaport,19221348,1707854769,0x1a906ae359d026e279f2cc4da67335c4c01d0d663a1850bcd861cc83f814b109
BoredApeYachtClub,0xBC4CA0EdA7647A8aB7C2061c2E118A18a936f13D,6725,0x6e6a9a9a910edc91fcead64dd73faa4a83a860ab,0x6e6a9a9a910edc91fcead64dd73faa4a83a860ab,22.09662,seaport,19217083,1707803052,0x9809f40501768a7a9e5f41029f1fec5ff69330dfe1dac22654a2d5a365fa3570
BoredApeYachtClub,0xBC4CA0EdA7647A8aB7C2061c2E118A18a936f13D,6725,0x0097b9cfe64455eed479292671a1121f502bc954,0x6e6a9a9a910edc91fcead64dd73faa4a83a860ab,23.22978,seaport,19217083,1707803052,0x9809f40501768a7a9e5f41029f1fec5ff69330dfe1dac22654a2d5a365fa3570
BoredApeYachtClub,0xBC4CA0EdA7647A8aB7C2061c2E118A18a936f13D,2388,0x937ec42ddfec2059bb64d613f99547a62cda6c01,0x937ec42ddfec2059bb64d613f99547a62cda6c01,22.885,seaport,19216824,1707799911,0xa7f07d45db36a84fb818713a5195b2789d30dab5afb7da03c2c51f80c2cd62f7
BoredApeYachtClub,0xBC4CA0EdA7647A8aB7C2061c2E118A18a936f13D,2388,0x17ef2b6ff281dbb79847c9cbb2ce62572abb24c8,0x937ec42ddfec2059bb64d613f99547a62cda6c01,23.115,seaport,19216824,1707799911,0xa7f07d45db36a84fb818713a5195b2789d30dab5afb7da03c2c51f80c2cd62f7
BoredApeYachtClub,0xBC4CA0EdA7647A8aB7C2061c2E118A18a936f13D,4813,0xc10b4a48a06b3148b0b7d70e43f9cd2d889869d5,0x6cb63e39805e028bda53f7756bc1bc888c6962a6,23.1,x2y2,19213089,1707754621,0x33c3003f79b5fac8b95c74ec32f3db5ce7911dfa04bd59cc9cd61b0ff7b99dd3
BoredApeYachtClub,0xBC4CA0EdA7647A8aB7C2061c2E118A18a936f13D,4813,0x6cb63e39805e028bda53f7756bc1bc888c6962a6,0x22154ec3f542483b2c35d67cb5e75a905338c259,22.7,x2y2,19212930,1707752693,0xccca99afa3e21b7923787cb1bab95c6a738eb192a8cbc79b6f846e62951ccd23
BoredApeYachtClub,0xBC4CA0EdA7647A8aB7C2061c2E118A18a936f13D,1281,0x52ca1cb9fc6fbd1cfe5630e74de8738b517a367a,0x52ca1cb9fc6fbd1cfe5630e74de8738b517a367a,35.1,seaport,19212099,1707742617,0xce3b1da4a4d42493b49a6d40e34a6ba113e7acecc29cf22341e470e03a9dd011
BoredApeYachtClub,0xBC4CA0EdA7647A8aB7C2061c2E118A18a936f13D,1281,0x15ba85c861463873fe78a6ac56cc0da8e94223a0,0x52ca1cb9fc6fbd1cfe5630e74de8738b517a367a,36.9,seaport,19212099,1707742617,0xce3b1da4a4d42493b49a6d40e34a6ba113e7acecc29cf22341e470e03a9dd011
BoredApeYachtClub,0xBC4CA0EdA7647A8aB7C2061c2E118A18a936f13D,1281,0x52ca1cb9fc6fbd1cfe5630e74de8738b517a367a,0x92add03e9d08d994f99e6ec7524cd8b49cdf9cf1,35.0,x2y2,19212099,1707742617,0xce3b1da4a4d42493b49a6d40e34a6ba113e7acecc29cf22341e470e03a9dd011
BoredApeYachtClub,0xBC4CA0EdA7647A8aB7C2061c2E118A18a936f13D,6678,0xff4f0dbc9ee7583c0c61c7333a5daf8d0ab4aeb3,0x15ba85c861463873fe78a6ac56cc0da8e94223a0,23.05,seaport,19211564,1707736129,0x8dea6936f0f49a10bff7fd75baa38cd870d2f8b4810e9afe6143107901c42a6a
BoredApeYachtClub,0xBC4CA0EdA7647A8aB7C2061c2E118A18a936f13D,8999,0xfc075a5fc4ecaeb1ce66995e054bacd7c422f2ca,0x2e7573445b46a305f6b80f86ba56e788b2db7e68,23.93,seaport,19209632,1707712702,0x1a483a98c9890571983d38a54172489fb4c81a461df773ea95f82e9da4dbaac0
BoredApeYachtClub,0xBC4CA0EdA7647A8aB7C2061c2E118A18a936f13D,1616,0x77d550883410f4d1d88c2bf79132f375cfed31ef,0x77d550883410f4d1d88c2bf79132f375cfed31ef,22.3275,seaport,19206814,1707678531,0xaaab8267f7e04a36c4812fa958f34b9c4def6b552b686141771e905e16c584b5
BoredApeYachtClub,0xBC4CA0EdA7647A8aB7C2061c2E118A18a936f13D,1616,0x0097b9cfe64455eed479292671a1121f502bc954,0x77d550883410f4d1d88c2bf79132f375cfed31ef,23.4725,seaport,19206814,1707678531,0xaaab8267f7e04a36c4812fa958f34b9c4def6b552b686141771e905e16c584b5
BoredApeYachtClub,0xBC4CA0EdA7647A8aB7C2061c2E118A18a936f13D,5088,0xdd09d320a6a893877558de659b193478b928f787,0xe896675803da7df23c9bbda3646bbd82593b6668,24.0,seaport,19206509,1707674833,0x5f8af8d5d41a3400412a085482c1110a761111a57c55a812823d53ae857b4b60
BoredApeYachtClub,0xBC4CA0EdA7647A8aB7C2061c2E118A18a936f13D,9701,0xc311c2c1044549f1eb9ac1069be06ef5d46a0a9f,0xc311c2c1044549f1eb9ac1069be06ef5d46a0a9f,22.35675,seaport,19206137,1707670322,0xbb780de9925cb23d7d2a18b72fcbcfdc6344cd2133039fb48c44739e14f70894
BoredApeYachtClub,0xBC4CA0EdA7647A8aB7C2061c2E118A18a936f13D,9701,0x0097b9cfe64455eed479292671a1121f502bc954,0xc311c2c1044549f1eb9ac1069be06ef5d46a0a9f,23.50325,seaport,19206137,1707670322,0xbb780de9925cb23d7d2a18b72fcbcfdc6344cd2133039fb48c44739e14f70894
BoredApeYachtClub,0xBC4CA0EdA7647A8aB7C2061c2E118A18a936f13D,8110,0x42cdaddc9c63eec13fa31afc1631826c83a97124,0x6c48c670001c2e67cfdd3b545e937fc3fe30a69f,24.0,seaport,19196403,1707552289,0xc69d6010f035a1ae13a0466ba42d3f47110185eca18ea586d0b86bb3bdf8f944
BoredApeYachtClub,0xBC4CA0EdA7647A8aB7C2061c2E118A18a936f13D,1863,0xac18cd55aed57c428aa8e1a5e48e9ea519f8521b,0xac18cd55aed57c428aa8e1a5e48e9ea519f8521b,22.41525,seaport,19195736,1707544201,0xbb450ea7338af107f110a0ab662a1491db9e373b1036d635bd4e0e3a44ea8f85
BoredApeYachtClub,0xBC4CA0EdA7647A8aB7C2061c2E118A18a936f13D,1863,0xce841f783dc6d9df256af36b1cf6b3a52aa57cdc,0xac18cd55aed57c428aa8e1a5e48e9ea519f8521b,23.56475,seaport,19195736,1707544201,0xbb450ea7338af107f110a0ab662a1491db9e373b1036d635bd4e0e3a44ea8f85
BoredApeYachtClub,0xBC4CA0EdA7647A8aB7C2061c2E118A18a936f13D,5878,0x6cb63e39805e028bda53f7756bc1bc888c6962a6,0x50997fcee2ca672d765afe0b9b18306a78a44884,23.0,x2y2,19194754,1707532293,0x2e25b9d5b1aa377206ea8cecaca66d00c8bc8f564e1765d4c19339d318177dea
BoredApeYachtClub,0xBC4CA0EdA7647A8aB7C2061c2E118A18a936f13D,8594,0xf606719e6e4ac5f184e702e207de3840a9c66374,0xf606719e6e4ac5f184e702e207de3840a9c66374,29.3525,seaport,19194456,1707528680,0x9a4abd75b7f86046555d36ee8ceb5870bc8f285122f0fd75d2b343d43d2637ff
BoredApeYachtClub,0xBC4CA0EdA7647A8aB7C2061c2E118A18a936f13D,8594,0x17ef2b6ff281dbb79847c9cbb2ce62572abb24c8,0xf606719e6e4ac5f184e702e207de3840a9c66374,29.6475,seaport,19194456,1707528680,0x9a4abd75b7f86046555d36ee8ceb5870bc8f285122f0fd75d2b343d43d2637ff
BoredApeYachtClub,0xBC4CA0EdA7647A8aB7C2061c2E118A18a936f13D,9280,0x9a4b033208844bb8031d7baae03a0f448410a5a5,0x9a4b033208844bb8031d7baae03a0f448410a5a5,22.613955,seaport,19192512,1707505107,0xc87d075774eff72525f8e78de35223955493c78899a61c9b29aae82689babb55
BoredApeYachtClub,0xBC4CA0EdA7647A8aB7C2061c2E118A18a936f13D,9280,0x0097b9cfe64455eed479292671a1121f502bc954,0x9a4b033208844bb8031d7baae03a0f448410a5a5,23.773645,seaport,19192512,1707505107,0xc87d075774eff72525f8e78de35223955493c78899a61c9b29aae82689babb55
BoredApeYachtClub,0xBC4CA0EdA7647A8aB7C2061c2E118A18a936f13D,8589,0xd9d7046933bd3d0a3e869959ef95e4c41522c1bf,0xe3e009c63ee00d20f5ceeccf34df1dc08d68b5cf,23.99,seaport,19192268,1707502148,0x7882131b43c23ca87f06085b878b3604fe041bf4efe2501dda68ea7b26225493
BoredApeYachtClub,0xBC4CA0EdA7647A8aB7C2061c2E118A18a936f13D,4715,0x7c1958ba95ab3170f6069dadf4de304b0c00000c,0x13f8a4d665cf2b09a2ddb8c3446eb73e94115296,25.5,x2y2,19190538,1707481171,0x4ee0beba53c072844e497b232ff469a9d77512e37b18a67608cd37b135ee8427
BoredApeYachtClub,0xBC4CA0EdA7647A8aB7C2061c2E118A18a936f13D,5068,0xb74f8069bbcc605292dbb93e55818690ab5bd00b,0x840e1d2c7f36f16be9ee834bd7dea3316e2730dc,24.7406,seaport,19189274,1707465843,0xbbfab1f0b9d085f47ad2be0c454b19d165e07c04fcd4b5296abbb49bacde1c05
BoredApeYachtClub,0xBC4CA0EdA7647A8aB7C2061c2E118A18a936f13D,3477,0xd1289bbb6f1633bb56963bf9d51923cf9ea965e8,0xd1289bbb6f1633bb56963bf9d51923cf9ea965e8,22.649995,seaport,19187706,1707446830,0xf6788bad6693238473bebe3ac0987d3764cb9533ef168414b51e21cadb0b71af
BoredApeYachtClub,0xBC4CA0EdA7647A8aB7C2061c2E118A18a936f13D,3477,0xf15c93562bc3944a68e938ef75d2a3360d98ca57,0xd1289bbb6f1633bb56963bf9d51923cf9ea965e8,25.034205,seaport,19187706,1707446830,0xf6788bad6693238473bebe3ac0987d3764cb9533ef168414b51e21cadb0b71af
BoredApeYachtClub,0xBC4CA0EdA7647A8aB7C2061c2E118A18a936f13D,8999,0x2e7573445b46a305f6b80f86ba56e788b2db7e68,0xf15c93562bc3944a68e938ef75d2a3360d98ca57,23.9,seaport,19185363,1707418419,0x7efc071c86ad9a3e904ce11dce5d0bb4918aeb4440b45c146f634e91c35e72d0
BoredApeYachtClub,0xBC4CA0EdA7647A8aB7C2061c2E118A18a936f13D,3775,0xd8b9c8951dd24019ee4e0d5902ac18530f3f7b21,0x2e7573445b46a305f6b80f86ba56e788b2db7e68,24.45,x2y2,19185271,1707417304,0x95f4fa1f05efa586b2543843fee08b78f50805a46f4801f29c9680a30ea6c564
BoredApeYachtClub,0xBC4CA0EdA7647A8aB7C2061c2E118A18a936f13D,1726,0x26ba1d377225217d28864e98083f8a77cf3bf6b4,0xf606719e6e4ac5f184e702e207de3840a9c66374,275.0,x2y2,19184956,1707413484,0x3513fbbb9f2b1a4dbf9710c75ea52591c60e6aec3c60bc5e793531648101fd25
BoredApeYachtClub,0xBC4CA0EdA7647A8aB7C2061c2E118A18a936f13D,7743,0x8262ec80a33276f5482ac101bdd62f9550c32780,0x8262ec80a33276f5482ac101bdd62f9550c32780,22.694265,seaport,19184684,1707410186,0xf2019d3f5f5fe3d26ec06b3b40c4a0a2f14f2ead41c81d13df9c152a771cd0e3
BoredApeYachtClub,0xBC4CA0EdA7647A8aB7C2061c2E118A18a936f13D,7743,0xf15c93562bc3944a68e938ef75d2a3360d98ca57,0x8262ec80a33276f5482ac101bdd62f9550c32780,25.083135,seaport,19184684,1707410186,0xf2019d3f5f5fe3d26ec06b3b40c4a0a2f14f2ead41c81d13df9c152a771cd0e3
BoredApeYachtClub,0xBC4CA0EdA7647A8aB7C2061c2E118A18a936f13D,3405,0x03c08dd25b3ae478a05e0f02420fcd9a8cd8b9e3,0x03c08dd25b3ae478a05e0f02420fcd9a8cd8b9e3,23.149425,seaport,19181274,1707368836,0x6645178a86536ec9a29b90b6298c851358dffd0cadd2a78d2a4dce9954ece345
BoredApeYachtClub,0xBC4CA0EdA7647A8aB7C2061c2E118A18a936f13D,3405,0x0097b9cfe64455eed479292671a1121f502bc954,0x03c08dd25b3ae478a05e0f02420fcd9a8cd8b9e3,24.336575,seaport,19181274,1707368836,0x6645178a86536ec9a29b90b6298c851358dffd0cadd2a78d2a4dce9954ece345
BoredApeYachtClub,0xBC4CA0EdA7647A8aB7C2061c2E118A18a936f13D,137,0x0d1abd92905b877b0c42d955cc53ac655e3e7ba3,0xf3cb88465f7ff4cb5b509a4fde91d8132c5c1ebd,4.0,seaport,19181176,1707367648,0x1d8c2c048b21465c64e685c13911659831d6dae2f60a7fc3e10db97e8601d856
BoredApeYachtClub,0xBC4CA0EdA7647A8aB7C2061c2E118A18a936f13D,5922,0x3cc1f300facc0909a7c147de078c9d36a0edfc7c,0x3cc1f300facc0909a7c147de078c9d36a0edfc7c,22.69797,seaport,19179505,1707347386,0x330f3118ec8d82039394126cccc332ea4b7f273fa250ac022abd768eddef6352
BoredApeYachtClub,0xBC4CA0EdA7647A8aB7C2061c2E118A18a936f13D,5922,0xf15c93562bc3944a68e938ef75d2a3360d98ca57,0x3cc1f300facc0909a7c147de078c9d36a0edfc7c,25.08723,seaport,19179505,1707347386,0x330f3118ec8d82039394126cccc332ea4b7f273fa250ac022abd768eddef6352
BoredApeYachtClub,0xBC4CA0EdA7647A8aB7C2061c2E118A18a936f13D,6146,0x966913fce3be1a51938996ba15f2f90ada26abe2,0x6abd04a4c6907f40f16f82c5797f127b0e635d37,35.0,seaport,19178921,1707340304,0x88dd052f656feac6ae201e079793f3258e9630dec3ab6c7c392f363fd4e3d5fc
BoredApeYachtClub,0xBC4CA0EdA7647A8aB7C2061c2E118A18a936f13D,5125,0x2d0dc8742f44d71ae138e4e4da3090e568005cd3,0x11e5f31fd0e62654912eaea3d403b5a761fb6fd4,26.75,seaport,19173920,1707279663,0xb59bd652eae3903b4c56ff708431336e4da804dd915a4641ead24cb1ce827785
BoredApeYachtClub,0xBC4CA0EdA7647A8aB7C2061c2E118A18a936f13D,5350,0x4a8bdd15bdb8b1ab534d39c9f8d65a36011029f4,0x5f9d41289ad44d17e6c51f889276999112e4fffc,27.5,seaport,19165053,1707172143,0x290656a3ee680fc8239ae30786b3764c47b32c7ae503abdcbf2b3ddd0b58aeeb
BoredApeYachtClub,0xBC4CA0EdA7647A8aB7C2061c2E118A18a936f13D,7445,0x4a8bdd15bdb8b1ab534d39c9f8d65a36011029f4,0x4a8bdd15bdb8b1ab534d39c9f8d65a36011029f4,23.4195,seaport,19164584,1707166456,0xd9c46afdf73a8afcc9c8d1c299017e9e438e2fd6e833a523917e89a0a97c11bf
BoredApeYachtClub,0xBC4CA0EdA7647A8aB7C2061c2E118A18a936f13D,7445,0x0097b9cfe64455eed479292671a1121f502bc954,0x4a8bdd15bdb8b1ab534d39c9f8d65a36011029f4,24.6205,seaport,19164584,1707166456,0xd9c46afdf73a8afcc9c8d1c299017e9e438e2fd6e833a523917e89a0a97c11bf
BoredApeYachtClub,0xBC4CA0EdA7647A8aB7C2061c2E118A18a936f13D,2235,0x9558f5583c34bdabbe77ebbc29a49830f7c5b826,0x9558f5583c34bdabbe77ebbc29a49830f7c5b826,23.420475,seaport,19164562,1707166189,0x4117b7e0e88f8a0ba48290c52c64185b55d6be87b13773d5664a6b82cd44412a
BoredApeYachtClub,0xBC4CA0EdA7647A8aB7C2061c2E118A18a936f13D,2235,0x0097b9cfe64455eed479292671a1121f502bc954,0x9558f5583c34bdabbe77ebbc29a49830f7c5b826,24.621525,seaport,19164562,1707166189,0x4117b7e0e88f8a0ba48290c52c64185b55d6be87b13773d5664a6b82cd44412a
BoredApeYachtClub,0xBC4CA0EdA7647A8aB7C2061c2E118A18a936f13D,8875,0x25aa3dc0476bff6a06247f64b046a0eaece58204,0x25aa3dc0476bff6a06247f64b046a0eaece58204,22.73198,seaport,19162929,1707146387,0xf98214e3d58e742fb695adc5c6815f16950cdc10984a47d66412753bd6f1ebb6
BoredApeYachtClub,0xBC4CA0EdA7647A8aB7C2061c2E118A18a936f13D,8875,0xf15c93562bc3944a68e938ef75d2a3360d98ca57,0x25aa3dc0476bff6a06247f64b046a0eaece58204,25.12482,seaport,19162929,1707146387,0xf98214e3d58e742fb695adc5c6815f16950cdc10984a47d66412753bd6f1ebb6
BoredApeYachtClub,0xBC4CA0EdA7647A8aB7C2061c2E118A18a936f13D,3775,0x2e7573445b46a305f6b80f86ba56e788b2db7e68,0x3e6527de2cfec82ce5240d5559a8b09d256d5d6d,24.4,x2y2,19162835,1707145247,0x1f98009f00fa10b7238e030ad31442de086e088dc9fe433a5a6af1cdab28097c
BoredApeYachtClub,0xBC4CA0EdA7647A8aB7C2061c2E118A18a936f13D,1063,0x66666f58de1bcd762a5e5c5aff9cc3c906d66666,0x17ef2b6ff281dbb79847c9cbb2ce62572abb24c8,88.0,x2y2,19159984,1707110676,0x27181ae5f9315887a7258c868bac9928adbd07c032f057771c2baf89b0b330b8
BoredApeYachtClub,0xBC4CA0EdA7647A8aB7C2061c2E118A18a936f13D,3082,0xbcd69ce8027b930c7712290f4f0c1e8864382123,0x2e7573445b46a305f6b80f86ba56e788b2db7e68,25.0,seaport,19157478,1707080289,0x29009c13fa13d944d241bc1eeb9e09cc025c2b771399765377ed42854509bb77
BoredApeYachtClub,0xBC4CA0EdA7647A8aB7C2061c2E118A18a936f13D,9597,0x4341f1bdd076760013ffc1aeff9fcf1c2c815fab,0xf15c93562bc3944a68e938ef75d2a3360d98ca57,25.5,seaport,19156774,1707071752,0x0860d74b083b5f62a20129b07e1491551adc233ede83149b4a811c2d3ce39064
BoredApeYachtClub,0xBC4CA0EdA7647A8aB7C2061c2E118A18a936f13D,9597,0x5d5c5199f1cbfc96eb1a89b85de5ed7b82320770,0x5d5c5199f1cbfc96eb1a89b85de5ed7b82320770,22.8874,seaport,19147821,1706963189,0xb819a8de78306364c145fbaa6b41e62f9ef52304a4b26f3607463581775dec90
BoredApeYachtClub,0xBC4CA0EdA7647A8aB7C2061c2E118A18a936f13D,9597,0xf15c93562bc3944a68e938ef75d2a3360d98ca57,0x5d5c5199f1cbfc96eb1a89b85de5ed7b82320770,25.2966,seaport,19147821,1706963189,0xb819a8de78306364c145fbaa6b41e62f9ef52304a4b26f3607463581775dec90
BoredApeYachtClub,0xBC4CA0EdA7647A8aB7C2061c2E118A18a936f13D,7367,0x39a7e39f1c4ccfe846da8a974cc7f64b13ff41d5,0xd4cad1a8a56baf12c00386f4cbae6435d2d66d94,24.9,seaport,19141006,1706880552,0x1b5fb7d613eeca07ed6f89fbf84ed84335dfb263066b04a2c17d876149333508
BoredApeYachtClub,0xBC4CA0EdA7647A8aB7C2061c2E118A18a936f13D,5318,0x5992783034fb2f021f4182212e779e9b93d01a59,0xf15c93562bc3944a68e938ef75d2a3360d98ca57,24.989999,seaport,19139414,1706861247,0x4264be83eb29178934c3af21486fc69af320eff3716daa8c5fca7762894f9259
BoredApeYachtClub,0xBC4CA0EdA7647A8aB7C2061c2E118A18a936f13D,8556,0x827f541d27beb06eb0441a4ac7d4844cbbe95c0e,0xe3fc637af794eda27f66022938cda18786899d41,29.88,seaport,19136606,1706827198,0x2f8f993635e5558e81c298b65a78d400d4cd466730d2672fe74a9eef91a1d810
BoredApeYachtClub,0xBC4CA0EdA7647A8aB7C2061c2E118A18a936f13D,3775,0xc525af8838a5edfe660e4ad9612cdc102170f12f,0xc525af8838a5edfe660e4ad9612cdc102170f12f,24.3775,seaport,19136360,1706824215,0x88f6e112c1454d5bbcc7817dd3b40ad1cadaac5354a70443c52b2ecdcb06864d
BoredApeYachtClub,0xBC4CA0EdA7647A8aB7C2061c2E118A18a936f13D,3775,0x71bfb8e9775ba531c9a4bc25eca6a8ff8a62c336,0xc525af8838a5edfe660e4ad9612cdc102170f12f,24.6225,seaport,19136360,1706824215,0x88f6e112c1454d5bbcc7817dd3b40ad1cadaac5354a70443c52b2ecdcb06864d
BoredApeYachtClub,0xBC4CA0EdA7647A8aB7C2061c2E118A18a936f13D,3498,0x3826f3ff52e78bad0c34132853ea98592f0a8ee5,0x3826f3ff52e78bad0c34132853ea98592f0a8ee5,23.291775,seaport,19133340,1706787595,0xce92658389fc3e2a2796e76b8652ef7fc0a28acf2b49b75d9cc4c5beb452dddf
BoredApeYachtClub,0xBC4CA0EdA7647A8aB7C2061c2E118A18a936f13D,3498,0x41af51792cdcfab9bdc0239f1d1c274e0b2682ae,0x3826f3ff52e78bad0c34132853ea98592f0a8ee5,24.486225,seaport,19133340,1706787595,0xce92658389fc3e2a2796e76b8652ef7fc0a28acf2b49b75d9cc4c5beb452dddf
BoredApeYachtClub,0xBC4CA0EdA7647A8aB7C2061c2E118A18a936f13D,5878,0xed6af25e6158a2a6106f72126a4db188f55ab723,0xcb415344cd0fc552ce7b48ee9375991ff5865895,25.3,x2y2,19130595,1706754309,0x03ec5b02e521b34c946d89a9f60ae9516b51d0ea7c1c86c5ca13f7d10f1c3a55
BoredApeYachtClub,0xBC4CA0EdA7647A8aB7C2061c2E118A18a936f13D,5586,0xd76aa530b8c1f0039971eca13ca1850047271af0,0xd76aa530b8c1f0039971eca13ca1850047271af0,26.325,seaport,19123210,1706664759,0xa6a6366695032dc0f5f743194130913427ac230f7353195aa5db45e6c06a5bec
BoredApeYachtClub,0xBC4CA0EdA7647A8aB7C2061c2E118A18a936f13D,5586,0x8d2c826a0620b7fe05266fbdb29febb9761880d9,0xd76aa530b8c1f0039971eca13ca1850047271af0,27.675,seaport,19123210,1706664759,0xa6a6366695032dc0f5f743194130913427ac230f7353195aa5db45e6c06a5bec
BoredApeYachtClub,0xBC4CA0EdA7647A8aB7C2061c2E118A18a936f13D,3297,0xd9d7046933bd3d0a3e869959ef95e4c41522c1bf,0x5e5418e3b18b6016feb13a36c56d815d1364107c,27.0,seaport,19120407,1706630771,0xa28979ab0c458d482233ee4b1126fcfca1fea8851723d0ef0f29cd233fc0f01b
BoredApeYachtClub,0xBC4CA0EdA7647A8aB7C2061c2E118A18a936f13D,5878,0xcb415344cd0fc552ce7b48ee9375991ff5865895,0xed6af25e6158a2a6106f72126a4db188f55ab723,24.6,x2y2,19116314,1706581229,0x51d12c0481afe96fb62b3ececf5397d7c9ad45d61cdffa0608993ec97d690f80
BoredApeYachtClub,0xBC4CA0EdA7647A8aB7C2061c2E118A18a936f13D,7006,0x0e73d837b29ac157d072c946ad65d3fa9a5750ba,0x44b51387773ce3581156d9accb27849a204f31dc,29.0,x2y2,19106094,1706457527,0x582585cee78c4ebf6835b01fba00bd53d7a749f8ed4afb16edee854f4d548468
BoredApeYachtClub,0xBC4CA0EdA7647A8aB7C2061c2E118A18a936f13D,7367,0x71d2c7784d9f006eba332998d859369a2e750167,0x71d2c7784d9f006eba332998d859369a2e750167,24.375,seaport,19102993,1706419993,0x1cf6d42cbbe097922ccb7b32af46c2f067c31f5bbaee56b223bd90b353312dae
BoredApeYachtClub,0xBC4CA0EdA7647A8aB7C2061c2E118A18a936f13D,7367,0xd4cad1a8a56baf12c00386f4cbae6435d2d66d94,0x71d2c7784d9f006eba332998d859369a2e750167,25.625,seaport,19102993,1706419993,0x1cf6d42cbbe097922ccb7b32af46c2f067c31f5bbaee56b223bd90b353312dae
BoredApeYachtClub,0xBC4CA0EdA7647A8aB7C2061c2E118A18a936f13D,1963,0x0d4d89e649cba74493bde8c1dda5ebc45d0b786c,0x0d4d89e649cba74493bde8c1dda5ebc45d0b786c,26.325,seaport,19096341,1706339477,0x7f0c682514debd52c3e769276b5deadb5b205af971d0be20117e45f1d264d709
BoredApeYachtClub,0xBC4CA0EdA7647A8aB7C2061c2E118A18a936f13D,1963,0x9ff63e20ec8c6ea59116a49d5d68fa91d579114d,0x0d4d89e649cba74493bde8c1dda5ebc45d0b786c,27.675,seaport,19096341,1706339477,0x7f0c682514debd52c3e769276b5deadb5b205af971d0be20117e45f1d264d709
BoredApeYachtClub,0xBC4CA0EdA7647A8aB7C2061c2E118A18a936f13D,6754,0x453ad8d71e4767bd83a839006ea862cb05caf2e4,0x453ad8d71e4767bd83a839006ea862cb05caf2e4,24.28686,seaport,19094453,1706316625,0xe4968ad0f55c1ea0d9446fc1b7a52d213514ea11b9d1a01b94fa4de3dc6b9620
BoredApeYachtClub,0xBC4CA0EdA7647A8aB7C2061c2E118A18a936f13D,6754,0x41af51792cdcfab9bdc0239f1d1c274e0b2682ae,0x453ad8d71e4767bd83a839006ea862cb05caf2e4,25.53234,seaport,19094453,1706316625,0xe4968ad0f55c1ea0d9446fc1b7a52d213514ea11b9d1a01b94fa4de3dc6b9620
BoredApeYachtClub,0xBC4CA0EdA7647A8aB7C2061c2E118A18a936f13D,9528,0x13cda8ca7c48d0644c45a0ff5d282bbffc6d8c81,0xbfe8270d85cae24420af050ff74c735c0f218a29,25.7,seaport,19092777,1706296339,0xa7e96d149b47c21be39303a668903f6021672d56c0a8d6f967f699a71d654dfb
BoredApeYachtClub,0xBC4CA0EdA7647A8aB7C2061c2E118A18a936f13D,1953,0x8072212772af88ce1a56d2bfe5afc4da7cb792e5,0xb92792552e590339a7dbf1e0d6114fbc7395c86b,26.0,seaport,19087126,1706227939,0xf04b77fb09df7bbb05be98023625e093936dc4f03720e550d63d93a0f3f9acab
BoredApeYachtClub,0xBC4CA0EdA7647A8aB7C2061c2E118A18a936f13D,4597,0x13cda8ca7c48d0644c45a0ff5d282bbffc6d8c81,0x13cda8ca7c48d0644c45a0ff5d282bbffc6d8c81,24.35895,seaport,19086270,1706217578,0x4af330cf66949138f20be4dbbb0ae66bbd8384a7cf144bea42ecd6e89e8d48e0
BoredApeYachtClub,0xBC4CA0EdA7647A8aB7C2061c2E118A18a936f13D,4597,0xf15c93562bc3944a68e938ef75d2a3360d98ca57,0x13cda8ca7c48d0644c45a0ff5d282bbffc6d8c81,26.92305,seaport,19086270,1706217578,0x4af330cf66949138f20be4dbbb0ae66bbd8384a7cf144bea42ecd6e89e8d48e0
BoredApeYachtClub,0xBC4CA0EdA7647A8aB7C2061c2E118A18a936f13D,2001,0x6e87446e7c5ae7f04e00661e344f7a021e48d020,0x52f55e903f838546092a1d33448f2f59210fcb63,25.5,seaport,19081246,1706156768,0x4e7d6930e1e68ca33f0cd240df271b0a02f4a331e1361a3f23a868a286f3ad98
BoredApeYachtClub,0xBC4CA0EdA7647A8aB7C2061c2E118A18a936f13D,3788,0xcafba4ca4a4886ae0938cc8ef91b605db9e4bf08,0x64f7eca950d71d8f684f06208e07df77772f6610,1.2,seaport,19072675,1706053025,0xf6eb68e42d959eaacc6622ea908b66c34aedf33aef7b5c52ee4f2547dfc17b91
BoredApeYachtClub,0xBC4CA0EdA7647A8aB7C2061c2E118A18a936f13D,923,0x6cb63e39805e028bda53f7756bc1bc888c6962a6,0xa7a9edaad66fa17f2c632ae01ca320c2e3b2ba92,25.55,x2y2,19065533,1705966579,0xe99433f26b3b8b4a628103b1f3462244a83e91516173bd393c226ea447cee61e
BoredApeYachtClub,0xBC4CA0EdA7647A8aB7C2061c2E118A18a936f13D,9376,0x98129ed88a1f12fe0f3fc1725b922c515bcd6969,0xf5225e8312758f962e4ecfd8a4fcaf32f8d3e982,29.99,seaport,19064863,1705958470,0x870468c9aecf67f42f9a3a20f1301d41a8226201c9069bfcf119a786663b8d32
BoredApeYachtClub,0xBC4CA0EdA7647A8aB7C2061c2E118A18a936f13D,2484,0x0af828261a9f392232d50708d88b459aa64654ed,0x23be357297a2f08f8456ad81f553cbc61ec6272c,25.5,seaport,19064506,1705954148,0xe7f14c4e7dc84ca2e8927187c5a727b269b3d83019f1a8e373015fcd5f8c3596
BoredApeYachtClub,0xBC4CA0EdA7647A8aB7C2061c2E118A18a936f13D,2735,0x25cf412da29834526391ec3c1be7ccc4e99c3198,0x8c36a5b878f8404742f30a0b52297575b15a97ed,25.8,seaport,19064162,1705949985,0x6fc768f87c34633735ccab69ef6163a49471c2d5a1e5a143effe4156455c7027
BoredApeYachtClub,0xBC4CA0EdA7647A8aB7C2061c2E118A18a936f13D,879,0x55b27dbdf5ed21df699a1e152e2449cb6a0d19d8,0x7d462af7fb6aa7b5b91fd5ca5bdabb7fd6124b26,28.5,x2y2,19063899,1705946801,0x02a86a66cbec1c09753b002200cdf541e8af4f74dbed38a010a6409fd5f63335
BoredApeYachtClub,0xBC4CA0EdA7647A8aB7C2061c2E118A18a936f13D,1247,0x67523654bdf3530d676a77020799ccc3718b65d7,0x388aa8f5ee2d5dd914634e003ab230bd46233e95,25.25,seaport,19058528,1705881791,0xffca27c26c81a209849ee7220b577f5e49673956bcfe9490706b227d564b4955
BoredApeYachtClub,0xBC4CA0EdA7647A8aB7C2061c2E118A18a936f13D,9604,0xf32e71049db1b8800e5e883da73dc1cc382a43fb,0xf32e71049db1b8800e5e883da73dc1cc382a43fb,23.7462,seaport,19058496,1705881404,0x0eb71811e41954f8ae5799daea16833787d1de889fbc2d92424e6c69e50d2d13
BoredApeYachtClub,0xBC4CA0EdA7647A8aB7C2061c2E118A18a936f13D,9604,0xf15c93562bc3944a68e938ef75d2a3360d98ca57,0xf32e71049db1b8800e5e883da73dc1cc382a43fb,26.2458,seaport,19058496,1705881404,0x0eb71811e41954f8ae5799daea16833787d1de889fbc2d92424e6c69e50d2d13
BoredApeYachtClub,0xBC4CA0EdA7647A8aB7C2061c2E118A18a936f13D,4138,0xbf4173a531e504d2c67d783927c2012ec8d1c620,0x17ef2b6ff281dbb79847c9cbb2ce62572abb24c8,2.75,seaport,19058471,1705881101,0x9365138e3c78080e3a1dd005d3f8370454c7abb64833678a05cf363567f09924
BoredApeYachtClub,0xBC4CA0EdA7647A8aB7C2061c2E118A18a936f13D,7582,0x6d0267156f1c6ce44caa4bf129b76009d3d41830,0x6973b8742b28ba1fc27ca6ceb0127bd7964d09da,29.0,x2y2,19045961,1705729681,0x329a41a9cae12cd57b82cb9cd36e6016ad82dc41a41a4ed5d567eb7ce94e00e4
BoredApeYachtClub,0xBC4CA0EdA7647A8aB7C2061c2E118A18a936f13D,8749,0xbda35c85e2e732398f0b334d6570f6c7041566a7,0xcafba4ca4a4886ae0938cc8ef91b605db9e4bf08,25.98,seaport,19045561,1705724839,0x58c7d392c583ef3d697f1c481d361bd53cd6ea97c624094f11fdfeedac207e7e
BoredApeYachtClub,0xBC4CA0EdA7647A8aB7C2061c2E118A18a936f13D,5554,0x539c82d5cb886c94dd3e2d76dd5c73936c1cf391,0x539c82d5cb886c94dd3e2d76dd5c73936c1cf391,22.476335,seaport,19042029,1705682088,0xc88f6f4c07533f0d102b3f536787f5ce7d79b294a101cb72b52d8f7002da89f2
BoredApeYachtClub,0xBC4CA0EdA7647A8aB7C2061c2E118A18a936f13D,5554,0xf15c93562bc3944a68e938ef75d2a3360d98ca57,0x539c82d5cb886c94dd3e2d76dd5c73936c1cf391,24.842265,seaport,19042029,1705682088,0xc88f6f4c07533f0d102b3f536787f5ce7d79b294a101cb72b52d8f7002da89f2
BoredApeYachtClub,0xBC4CA0EdA7647A8aB7C2061c2E118A18a936f13D,317,0x75d4ce24b0b67b286fd3665e9285158bd4090231,0x7198b8e69c90f787469a01ca2a5dcc964db4d5d9,27.0,seaport,19040775,1705666910,0xb2513641d30422fc3d8d7b5e2cb8dc86c2b5ebee96290547bf6691de9b00276f
BoredApeYachtClub,0xBC4CA0EdA7647A8aB7C2061c2E118A18a936f13D,2380,0xb54ca7687ef3e6fde424c797c968b47b9fc408f4,0xb54ca7687ef3e6fde424c797c968b47b9fc408f4,22.71488,seaport,19040206,1705660023,0x42bb4a89c61be54b4a651c64abb31c09723179854f5fd8f92b9013861f8f735e
BoredApeYachtClub,0xBC4CA0EdA7647A8aB7C2061c2E118A18a936f13D,2380,0xf15c93562bc3944a68e938ef75d2a3360d98ca57,0xb54ca7687ef3e6fde424c797c968b47b9fc408f4,25.10592,seaport,19040206,1705660023,0x42bb4a89c61be54b4a651c64abb31c09723179854f5fd8f92b9013861f8f735e
BoredApeYachtClub,0xBC4CA0EdA7647A8aB7C2061c2E118A18a936f13D,9503,0xfc36fb4c9b14cbf041370d03276a29c1cf17e76e,0x1e04bfb945dfa23ed8bdea67947ca0d7b5fff75d,25.99,seaport,19035878,1705607637,0xbe0d0da3bf4f74c743e46050ffd7c6ec1c4d6349f08eef391e7d71ba8819fba4
BoredApeYachtClub,0xBC4CA0EdA7647A8aB7C2061c2E118A18a936f13D,2890,0x6b8b76303e30475ef175754fcf7462c7328659f8,0x6b8b76303e30475ef175754fcf7462c7328659f8,24.4881,seaport,19030810,1705546294,0x7eaccd41fcbfbd3a6ae52dad8184a3e20892c54814a036bc506671f5ac43444a
BoredApeYachtClub,0xBC4CA0EdA7647A8aB7C2061c2E118A18a936f13D,2890,0x41af51792cdcfab9bdc0239f1d1c274e0b2682ae,0x6b8b76303e30475ef175754fcf7462c7328659f8,25.7439,seaport,19030810,1705546294,0x7eaccd41fcbfbd3a6ae52dad8184a3e20892c54814a036bc506671f5ac43444a
BoredApeYachtClub,0xBC4CA0EdA7647A8aB7C2061c2E118A18a936f13D,5301,0x242559cceece552cc790bd3f2f9d890921ed6125,0xad189576bb7251fb9f7bf57a18784e7a0ad638e1,25.0,x2y2,19027923,1705511350,0x077f0da4351a0e93997f74293e3b955f39c39519006afc5a85a135b66f421169
BoredApeYachtClub,0xBC4CA0EdA7647A8aB7C2061c2E118A18a936f13D,4681,0x111818a51c4177e8980566beea68fe334be7b76a,0x111818a51c4177e8980566beea68fe334be7b76a,24.0825,seaport,19024717,1705472545,0x8c219c79eb9a5a5b59690f97b91df4d9d2323f644a9bd6f30c4900e6b4bf84ad
BoredApeYachtClub,0xBC4CA0EdA7647A8aB7C2061c2E118A18a936f13D,4681,0x47147c03b34e177020905afe309b77636ecac256,0x111818a51c4177e8980566beea68fe334be7b76a,25.3175,seaport,19024717,1705472545,0x8c219c79eb9a5a5b59690f97b91df4d9d2323f644a9bd6f30c4900e6b4bf84ad
BoredApeYachtClub,0xBC4CA0EdA7647A8aB7C2061c2E118A18a936f13D,3132,0x707582bff3f58f168be346d224a9693b0ae3d56e,0x707582bff3f58f168be346d224a9693b0ae3d56e,28.5675,seaport,19022129,1705441220,0x0a107ebfa8f68ed573c1a12cce233236c9ede9a4ed6dd94d3132541562bee99a
BoredApeYachtClub,0xBC4CA0EdA7647A8aB7C2061c2E118A18a936f13D,3132,0x22154ec3f542483b2c35d67cb5e75a905338c259,0x707582bff3f58f168be346d224a9693b0ae3d56e,30.0325,seaport,19022129,1705441220,0x0a107ebfa8f68ed573c1a12cce233236c9ede9a4ed6dd94d3132541562bee99a
BoredApeYachtClub,0xBC4CA0EdA7647A8aB7C2061c2E118A18a936f13D,7577,0x18ddd7696f475443de6617df3e15662363dcc9e8,0x6b596068368e4516c88a9c0b7f52d98bab43028a,28.88,seaport,19022038,1705440118,0x9742b9d02796cf0feb0323f783a96eb46df3f868a10bca9d1c5030f841abe013
BoredApeYachtClub,0xBC4CA0EdA7647A8aB7C2061c2E118A18a936f13D,6415,0x5e765c50311fcab251f60f13121a974a40010d43,0x5e765c50311fcab251f60f13121a974a40010d43,23.765625,seaport,19021279,1705430932,0x83b1f17ef18a84817f086f016aa15c1cc98e610d1669b32c3a6d4694dcc1be8c
BoredApeYachtClub,0xBC4CA0EdA7647A8aB7C2061c2E118A18a936f13D,6415,0x0097b9cfe64455eed479292671a1121f502bc954,0x5e765c50311fcab251f60f13121a974a40010d43,24.984375,seaport,19021279,1705430932,0x83b1f17ef18a84817f086f016aa15c1cc98e610d1669b32c3a6d4694dcc1be8c
BoredApeYachtClub,0xBC4CA0EdA7647A8aB7C2061c2E118A18a936f13D,1246,0xa8aad55c115a9213d790e11ad90a60f3540fee72,0x1e30f1bf8559090ab5a6b219efd98f8c275b2715,0.0,seaport,19020415,1705420474,0x588c7578a6f8f8fc064ab98887e387c29059933c2f0878c7da891e7e017c6a85
BoredApeYachtClub,0xBC4CA0EdA7647A8aB7C2061c2E118A18a936f13D,4773,0x6d0267156f1c6ce44caa4bf129b76009d3d41830,0xf011f97d87ba4ac949c940a84b12e276e13f0529,26.5,x2y2,19016966,1705378727,0xb52af7f9b2f3fd70a785e3d7b7754c5fb65b6b325a8be4de2bcc2dc8d880183d
BoredApeYachtClub,0xBC4CA0EdA7647A8aB7C2061c2E118A18a936f13D,6921,0xae805b9eaa5a04f307b439484ed881e75d36ac73,0xae805b9eaa5a04f307b439484ed881e75d36ac73,27.3,seaport,19015559,1705361697,0x0b1b0d1e07bd6188311b39387933f7b4757e6ef468968c38a4efc5fa8dae3709
BoredApeYachtClub,0xBC4CA0EdA7647A8aB7C2061c2E118A18a936f13D,6921,0xda05849b2fe63075266a22e972ea65f6d445daf1,0xae805b9eaa5a04f307b439484ed881e75d36ac73,28.7,seaport,19015559,1705361697,0x0b1b0d1e07bd6188311b39387933f7b4757e6ef468968c38a4efc5fa8dae3709
BoredApeYachtClub,0xBC4CA0EdA7647A8aB7C2061c2E118A18a936f13D,8954,0xa8aad55c115a9213d790e11ad90a60f3540fee72,0x0d1abd92905b877b0c42d955cc53ac655e3e7ba3,2.0,seaport,19015504,1705361031,0x3df52ab1368de23a31635e8f0faa95d7878f616a32eeed07d1d64ecc7ccaf9a2
BoredApeYachtClub,0xBC4CA0EdA7647A8aB7C2061c2E118A18a936f13D,810,0x7ed7f89d01dca1b60bf8bc5882f7603b8ae900d9,0x69a04b4f19be369e89ad798c8de930ba1d03a113,25.9,seaport,19014779,1705352256,0x9804d503310a7ccb347f6614e7709e21720f48b009a2f990795e77db256a931e
BoredApeYachtClub,0xBC4CA0EdA7647A8aB7C2061c2E118A18a936f13D,9530,0x7ed7f89d01dca1b60bf8bc5882f7603b8ae900d9,0x8dd77eaba64018dab36dcff7bf464f2f5027f044,30.0,seaport,19014771,1705352159,0x4a7fd16ea0425d39acb1ddf5a913431fddc2056bf1c485ea22c898bdf710219b
BoredApeYachtClub,0xBC4CA0EdA7647A8aB7C2061c2E118A18a936f13D,4884,0x388aa8f5ee2d5dd914634e003ab230bd46233e95,0x99d81318e6dc3933ff30325aa2283474981c4e7d,23.9,seaport,19013904,1705341665,0x795bfbd14156d0583fe27fee706c349fcc9622858dee4a5264b73d6d544d311a
BoredApeYachtClub,0xBC4CA0EdA7647A8aB7C2061c2E118A18a936f13D,7244,0xe338266c92426b2ce3a49c807726361fa4bc6dc4,0x7070c563ca28a43fb25417719a5e5268b91d42c5,35.0,seaport,19010436,1705299689,0x81748752fb60cc7b99e6d7aa518a72ef53bfd7fdf3c1a25b909735fa92204cd4
BoredApeYachtClub,0xBC4CA0EdA7647A8aB7C2061c2E118A18a936f13D,5780,0x020ca66c30bec2c4fe3861a94e4db4a498a35872,0x329d6299a10e543656c574f94e0282c80f9e5ba4,26.3,seaport,19009753,1705291422,0xa9590015e18b39eb4fa11a3af5ff71da07d7e71d798a07b1c30319a34696a5cf
BoredApeYachtClub,0xBC4CA0EdA7647A8aB7C2061c2E118A18a936f13D,8874,0xaa85839ec4324c3f1f341aed2e7e8efdb8455fe6,0xf15c93562bc3944a68e938ef75d2a3360d98ca57,27.3,seaport,19006329,1705249978,0x24cb6c4a0b335d1640852bc50e0e07f5e8f2d912c88ad155ef2706e635d31af0
BoredApeYachtClub,0xBC4CA0EdA7647A8aB7C2061c2E118A18a936f13D,4639,0x431d0fc06498dc8d4ee48264f07c8166603ac173,0xc9b730a2675ae5bacfeaafeded51dc575ef92b75,26.0,seaport,19004191,1705224100,0x30163e09c188ae39b608c5a89082b2686be334331aec6c70cb10d72550622750
BoredApeYachtClub,0xBC4CA0EdA7647A8aB7C2061c2E118A18a936f13D,112,0x020ca66c30bec2c4fe3861a94e4db4a498a35872,0x8081180206852e627d826363c01f62897d3e1575,24.399,seaport,19001844,1705195688,0xe23915cfa1ba1bf2797bd69a66cf2add70a32e7e18fd93d63fa72ca60777866e
BoredApeYachtClub,0xBC4CA0EdA7647A8aB7C2061c2E118A18a936f13D,8913,0x693dec49d39cf9b988d80a6407e3a2a3021737e4,0x631d96ce9876d48cd2300473ff4124f5e0e084e8,27.0,seaport,19000549,1705179963,0x4819a9130c1946cfacac87bcce343d02d2008d24eb2aed1743c31c2c1a421161
BoredApeYachtClub,0xBC4CA0EdA7647A8aB7C2061c2E118A18a936f13D,8510,0xf15c93562bc3944a68e938ef75d2a3360d98ca57,0x31936a1c81f7daca8176fbbe19ded77973cf5bd5,23.3,seaport,18999116,1705162563,0x4ed3abac4d2b0afe39a6158cae8a09f2587414f8930de4ea9008f9f4c0259a57
BoredApeYachtClub,0xBC4CA0EdA7647A8aB7C2061c2E118A18a936f13D,4757,0x6d596fdfd3381ebb5ecd526ebcaec8cc2ba019ff,0x538b0e61d5ff0f8df68bbf2debb8e9697df3264b,23.6,seaport,18998065,1705149801,0xce094f268051c0a5226d1fc764e96551770826e7de394da5e1c81ae315c19440
BoredApeYachtClub,0xBC4CA0EdA7647A8aB7C2061c2E118A18a936f13D,1957,0xcb415344cd0fc552ce7b48ee9375991ff5865895,0x6e353e91cb721fda5b3131ac40d945f7775c95e7,24.0,x2y2,18995629,1705120221,0x29aa8ecb500145c7f1e1de7b6dc881784db8a07e507d5fd7afe308076a9ab71c
BoredApeYachtClub,0xBC4CA0EdA7647A8aB7C2061c2E118A18a936f13D,966,0xdfc66e293430cec832467def2b334825e0662b1f,0x693dec49d39cf9b988d80a6407e3a2a3021737e4,40.0,seaport,18995426,1705117756,0x766862a0c0fd4bfce47ee1ea8c9cc8101ca33308c2556a2917631989d90f376d
BoredApeYachtClub,0xBC4CA0EdA7647A8aB7C2061c2E118A18a936f13D,9415,0x5e6bcb9225ca4b44a7158544d2fa741a9d433815,0x5e6bcb9225ca4b44a7158544d2fa741a9d433815,21.333,seaport,18994562,1705107265,0x7527c1e0c174342c464f5b862c427f2fda809f2006beaf9834a4e0bde244403e
BoredApeYachtClub,0xBC4CA0EdA7647A8aB7C2061c2E118A18a936f13D,9415,0xce841f783dc6d9df256af36b1cf6b3a52aa57cdc,0x5e6bcb9225ca4b44a7158544d2fa741a9d433815,22.427,seaport,18994562,1705107265,0x7527c1e0c174342c464f5b862c427f2fda809f2006beaf9834a4e0bde244403e
BoredApeYachtClub,0xBC4CA0EdA7647A8aB7C2061c2E118A18a936f13D,5221,0x7fc1c3f1875bc0ad592ff29a6b67bd8547e52324,0x5cadce51db28ab261e50743feb881a3f7aca0a69,22.3,seaport,18994082,1705101437,0xfb23444e8edcca9da8279f167f6d73aac43686edc5806addaef82bbc09d3f82f
BoredApeYachtClub,0xBC4CA0EdA7647A8aB7C2061c2E118A18a936f13D,8558,0xc1710053e48ce4fa1d7e39a0388fdbd297b40db8,0x2e7573445b46a305f6b80f86ba56e788b2db7e68,0.5,seaport,18993638,1705096045,0xf98020a6f034d25c97978a391d29a939881aecb0adc508078525b6b4c963e313
BoredApeYachtClub,0xBC4CA0EdA7647A8aB7C2061c2E118A18a936f13D,4390,0x020ca66c30bec2c4fe3861a94e4db4a498a35872,0x0959a5a5ddfc29244e35d6c5bcbf6b5b2f8e1a0c,25.0,seaport,18990780,1705061342,0x90a91b83b2f35d46d5f9c7cff66ea64ea77ab4a1dc8c81a45053e746f6e6d122
BoredApeYachtClub,0xBC4CA0EdA7647A8aB7C2061c2E118A18a936f13D,5907,0x88a589bdfe639a24808124531737f2f9d6ec7ad0,0x399de22777fc05600f1334226edaaeb7a6eae80b,35.68,seaport,18989968,1705051482,0x02e45df9e398fdcf8e942002c12b6df97f629739625894a95b3576cb7321fbce
BoredApeYachtClub,0xBC4CA0EdA7647A8aB7C2061c2E118A18a936f13D,6811,0x88a589bdfe639a24808124531737f2f9d6ec7ad0,0x693dec49d39cf9b988d80a6407e3a2a3021737e4,40.0,seaport,18989964,1705051434,0x41cc43eac8904d47e3d77de2f018f3e7de3dba371571044e0bdfdf0f3fa02101
BoredApeYachtClub,0xBC4CA0EdA7647A8aB7C2061c2E118A18a936f13D,2150,0x88a589bdfe639a24808124531737f2f9d6ec7ad0,0xaa85839ec4324c3f1f341aed2e7e8efdb8455fe6,48.0,seaport,18989961,1705051397,0x5444693a9af74f3af2482304f607192e304a7a336e0f39ab6f997005d24cd31c
BoredApeYachtClub,0xBC4CA0EdA7647A8aB7C2061c2E118A18a936f13D,8000,0xde9b4206b1499e56e4417f8edb7be4586fed30ba,0x138b9057d61e893b72b33ab2d17f24ac87bd33cb,26.0,x2y2,18988827,1705037628,0x04b59afc054c7f0df824e01a6de019e83f79098a4d4a93d05db8c3ceeb10b05e
BoredApeYachtClub,0xBC4CA0EdA7647A8aB7C2061c2E118A18a936f13D,8000,0xe315eb04fc42bea83ed213582e66051050a92f1c,0xe315eb04fc42bea83ed213582e66051050a92f1c,23.4,seaport,18988299,1705031216,0x2b66e1776b83651855d0f8b5f35274fa98b75df041640a924750837f9cfeb9c4
BoredApeYachtClub,0xBC4CA0EdA7647A8aB7C2061c2E118A18a936f13D,8000,0x138b9057d61e893b72b33ab2d17f24ac87bd33cb,0xe315eb04fc42bea83ed213582e66051050a92f1c,24.6,seaport,18988299,1705031216,0x2b66e1776b83651855d0f8b5f35274fa98b75df041640a924750837f9cfeb9c4
BoredApeYachtClub,0xBC4CA0EdA7647A8aB7C2061c2E118A18a936f13D,7885,0x24e7a011f4bfe10202d47454404ded072b6f9dd6,0x13c843f1f9ddd893c27f3708b179385ec31531e1,24.4,seaport,18986886,1705014059,0x8348642aa3026c373eb26f8d23a607bd2875f36dfe14a7c16be6da7ac2c1cb58
BoredApeYachtClub,0xBC4CA0EdA7647A8aB7C2061c2E118A18a936f13D,9044,0x020ca66c30bec2c4fe3861a94e4db4a498a35872,0x7d935fb77f7f1ae608f5ef535a347e8b9965bc99,24.42,seaport,18986097,1705004478,0x5648e4cd0533f7fcb9f673a4bb34bcecb3cf8f734fcaa249267d6e5c048461c2
BoredApeYachtClub,0xBC4CA0EdA7647A8aB7C2061c2E118A18a936f13D,908,0xa17854326164cd3a720f6c1ba957d768a30239ed,0xa17854326164cd3a720f6c1ba957d768a30239ed,21.655725,seaport,18981653,1704950517,0xd20ecba59a996644b4172472f3a50323f1fb9a350d44e04acc919c1f823a3f01
BoredApeYachtClub,0xBC4CA0EdA7647A8aB7C2061c2E118A18a936f13D,908,0x41af51792cdcfab9bdc0239f1d1c274e0b2682ae,0xa17854326164cd3a720f6c1ba957d768a30239ed,22.766275,seaport,18981653,1704950517,0xd20ecba59a996644b4172472f3a50323f1fb9a350d44e04acc919c1f823a3f01
BoredApeYachtClub,0xBC4CA0EdA7647A8aB7C2061c2E118A18a936f13D,8163,0x97d1dbf04364163b3b26efba2f704dec1e2ffac4,0x441c5d77fb66c185235844a1036e02b8c425d7e3,23.99,seaport,18980642,1704938240,0xe4752064c2ed135e3f8fd1a1af6f738f4d30b71298ffb73693e778b0c5523a9e
BoredApeYachtClub,0xBC4CA0EdA7647A8aB7C2061c2E118A18a936f13D,8275,0x97d1dbf04364163b3b26efba2f704dec1e2ffac4,0xd8b9c8951dd24019ee4e0d5902ac18530f3f7b21,25.1,seaport,18980640,1704938216,0xab67ee3f36583d7414617a1dd35fa8176ac79ad00a48835f51b77e53913c34da
BoredApeYachtClub,0xBC4CA0EdA7647A8aB7C2061c2E118A18a936f13D,5228,0xe31235bc3880eb1fbb4c53fd7d882d2f5cbe56f3,0xc1b29f84b8df1a48b34f63250732bf47b474f904,22.59,seaport,18978261,1704909329,0x9828cb097f599a96d82e9c304c92e8bc1736b30c1bb3c6c88cc96d0874318fcb
BoredApeYachtClub,0xBC4CA0EdA7647A8aB7C2061c2E118A18a936f13D,9393,0x1366f651ac53e0ab4ab0058e5a3162b194eee6e5,0x1366f651ac53e0ab4ab0058e5a3162b194eee6e5,21.479835,seaport,18977622,1704901570,0x7fd7af2b45bb4e4fae9a13e858f97ef0ab5af95a60e87da2eb4b2f716f4c28eb
BoredApeYachtClub,0xBC4CA0EdA7647A8aB7C2061c2E118A18a936f13D,9393,0x0097b9cfe64455eed479292671a1121f502bc954,0x1366f651ac53e0ab4ab0058e5a3162b194eee6e5,22.581365,seaport,18977622,1704901570,0x7fd7af2b45bb4e4fae9a13e858f97ef0ab5af95a60e87da2eb4b2f716f4c28eb
BoredApeYachtClub,0xBC4CA0EdA7647A8aB7C2061c2E118A18a936f13D,3684,0x1366f651ac53e0ab4ab0058e5a3162b194eee6e5,0x1366f651ac53e0ab4ab0058e5a3162b194eee6e5,20.90988,seaport,18977607,1704901388,0x8bab5c3e94f9b94543e07949929b3cc2d7a0b6ce62bf30bad1a34cca59074edf
BoredApeYachtClub,0xBC4CA0EdA7647A8aB7C2061c2E118A18a936f13D,3684,0xf15c93562bc3944a68e938ef75d2a3360d98ca57,0x1366f651ac53e0ab4ab0058e5a3162b194eee6e5,23.11092,seaport,18977607,1704901388,0x8bab5c3e94f9b94543e07949929b3cc2d7a0b6ce62bf30bad1a34cca59074edf
BoredApeYachtClub,0xBC4CA0EdA7647A8aB7C2061c2E118A18a936f13D,234,0xf701615f0ab5b295062fa15a8ea89d2f2181fbf8,0xf15c93562bc3944a68e938ef75d2a3360d98ca57,23.98999,seaport,18977586,1704901133,0x908611a850f67616109618038884eb483e281dd04a6b194497758f3b78cfb2b1
BoredApeYachtClub,0xBC4CA0EdA7647A8aB7C2061c2E118A18a936f13D,706,0xbc3ac1ec5f155ab95551780cd4575e48da26cc12,0x7d935fb77f7f1ae608f5ef535a347e8b9965bc99,0.15,seaport,18975150,1704871553,0xf5d7b2e6b4870c19614ffdee685b7123a2f49656f49f21b46e60b7c5e8cf08ff
BoredApeYachtClub,0xBC4CA0EdA7647A8aB7C2061c2E118A18a936f13D,8206,0x9d30ca11c4a2fa4479ca14710c60a3bd4c1ca2f1,0x7c1958ba95ab3170f6069dadf4de304b0c00000c,24.98,seaport,18973511,1704851652,0xf75012229ca912fadd572572429b471ccd2113c58670fe91b250febf4034ee3e
BoredApeYachtClub,0xBC4CA0EdA7647A8aB7C2061c2E118A18a936f13D,3655,0xe80f586d33d7e5277af092587b3eec9e34406942,0x2e7573445b46a305f6b80f86ba56e788b2db7e68,25.8,seaport,18967211,1704775153,0x6ab69e2badee8a03a4092c04e82d8b690e52d27bf834e16c3eb1779269857c8d
BoredApeYachtClub,0xBC4CA0EdA7647A8aB7C2061c2E118A18a936f13D,7882,0x7d544a853dbcd39a53315e7002f4951a6d2f080d,0xf0d3c4d9045c7ab60aeacc77013e0087b743283c,42.69,seaport,18966070,1704761299,0x83482f8fcb74b2ef24f35eb1650fb67ce33cccfeacb018e26184fea0255c5217
BoredApeYachtClub,0xBC4CA0EdA7647A8aB7C2061c2E118A18a936f13D,8640,0x4af79ffcabb09083af6ccc3b2c20fe989519f6d7,0x3e316f6abe52fc5cf70a6c9c0932dcb1fcbf3d62,26.249999,seaport,18958857,1704673714,0xf4d285c94cfecf12ec8d5107488daf625d638e89c382b6d9b15a30a379e20f9f
BoredApeYachtClub,0xBC4CA0EdA7647A8aB7C2061c2E118A18a936f13D,4492,0x4af79ffcabb09083af6ccc3b2c20fe989519f6d7,0x5579eb0e583cc436bac568473bfc64bde256aac2,26.25,seaport,18958840,1704673508,0xe00c9bf69a63bcda8e0514c9b3ee706859738da5d47233383d67a3ed2e45698f
BoredApeYachtClub,0xBC4CA0EdA7647A8aB7C2061c2E118A18a936f13D,4975,0x01afa08645f62e8492f05ec78c87d7116939b0d8,0x93af1b9bdd5a98ba92d746dbb8217e652309c857,27.25,seaport,18954763,1704624003,0x1366e69557f5d5fdc0f19ab9c80d4cd3eb35e063baef4943efa5961ad161db80
BoredApeYachtClub,0xBC4CA0EdA7647A8aB7C2061c2E118A18a936f13D,9238,0x01afa08645f62e8492f05ec78c87d7116939b0d8,0xcafba4ca4a4886ae0938cc8ef91b605db9e4bf08,27.23,seaport,18954763,1704624003,0x1366e69557f5d5fdc0f19ab9c80d4cd3eb35e063baef4943efa5961ad161db80
BoredApeYachtClub,0xBC4CA0EdA7647A8aB7C2061c2E118A18a936f13D,912,0x01afa08645f62e8492f05ec78c87d7116939b0d8,0xf15c93562bc3944a68e938ef75d2a3360d98ca57,27.2299,seaport,18954763,1704624003,0x1366e69557f5d5fdc0f19ab9c80d4cd3eb35e063baef4943efa5961ad161db80
BoredApeYachtClub,0xBC4CA0EdA7647A8aB7C2061c2E118A18a936f13D,4942,0xc9ff792d842ce164478d810437834725e4aa330e,0xce841f783dc6d9df256af36b1cf6b3a52aa57cdc,27.5,x2y2,18954348,1704618963,0xd926a94b4f950bbaeee1be09488571716881b9a65fd565a6cd0f2501601275b2
BoredApeYachtClub,0xBC4CA0EdA7647A8aB7C2061c2E118A18a936f13D,4438,0x4341f1bdd076760013ffc1aeff9fcf1c2c815fab,0x2a138e24cf857f189826600463c05d0cac5aeede,26.3,seaport,18949871,1704564601,0x734ee62357f497c7d2d345aedb7e0a933877d704447487bc0d0b93fe286c9355
BoredApeYachtClub,0xBC4CA0EdA7647A8aB7C2061c2E118A18a936f13D,240,0xbc42e6ad4e959e653d405c282696b1ea5434ea11,0xbc42e6ad4e959e653d405c282696b1ea5434ea11,25.47675,seaport,18941113,1704458256,0x78470f97a0871952d0298aabdfabb0e51d51de843d6726eac7a3dbabf3ab7060
BoredApeYachtClub,0xBC4CA0EdA7647A8aB7C2061c2E118A18a936f13D,240,0xce841f783dc6d9df256af36b1cf6b3a52aa57cdc,0xbc42e6ad4e959e653d405c282696b1ea5434ea11,26.78325,seaport,18941113,1704458256,0x78470f97a0871952d0298aabdfabb0e51d51de843d6726eac7a3dbabf3ab7060
BoredApeYachtClub,0xBC4CA0EdA7647A8aB7C2061c2E118A18a936f13D,9291,0x693dec49d39cf9b988d80a6407e3a2a3021737e4,0x693dec49d39cf9b988d80a6407e3a2a3021737e4,55.575,seaport,18939304,1704436290,0x2166c654c65238d56e15c75fac04b923c8154513a1b181b85bd88a33f03d067f
BoredApeYachtClub,0xBC4CA0EdA7647A8aB7C2061c2E118A18a936f13D,9291,0xe36f995b33e9f473fba125347f9a058f5650952f,0x693dec49d39cf9b988d80a6407e3a2a3021737e4,58.425,seaport,18939304,1704436290,0x2166c654c65238d56e15c75fac04b923c8154513a1b181b85bd88a33f03d067f
BoredApeYachtClub,0xBC4CA0EdA7647A8aB7C2061c2E118A18a936f13D,9238,0x0aaaac358f29ca7290f78651ae9b08285b5e16d4,0x0aaaac358f29ca7290f78651ae9b08285b5e16d4,25.872893,seaport,18938466,1704426115,0x545333ae4b452fba16dfeab056281fd929af2199756a6a1c795eb5d6df0929d4
BoredApeYachtClub,0xBC4CA0EdA7647A8aB7C2061c2E118A18a936f13D,9238,0x0097b9cfe64455eed479292671a1121f502bc954,0x0aaaac358f29ca7290f78651ae9b08285b5e16d4,27.199708,seaport,18938466,1704426115,0x545333ae4b452fba16dfeab056281fd929af2199756a6a1c795eb5d6df0929d4
BoredApeYachtClub,0xBC4CA0EdA7647A8aB7C2061c2E118A18a936f13D,5209,0xe6f31dc1cbc6dede46b20d087049af6c252ece96,0xe6f31dc1cbc6dede46b20d087049af6c252ece96,25.945238,seaport,18936466,1704401830,0xff9e8b27d07fb145a710104e32adcdeacc8be52399b25e439e37b51b0c1da965
BoredApeYachtClub,0xBC4CA0EdA7647A8aB7C2061c2E118A18a936f13D,5209,0x41af51792cdcfab9bdc0239f1d1c274e0b2682ae,0xe6f31dc1cbc6dede46b20d087049af6c252ece96,27.275762,seaport,18936466,1704401830,0xff9e8b27d07fb145a710104e32adcdeacc8be52399b25e439e37b51b0c1da965
BoredApeYachtClub,0xBC4CA0EdA7647A8aB7C2061c2E118A18a936f13D,8640,0xa9dddaa0d1b6bf797eca3dbbab4161e46f1434f4,0xa9dddaa0d1b6bf797eca3dbbab4161e46f1434f4,25.89015,seaport,18934589,1704379038,0xff3e3f662bf2e72d520924d58a989d9908e31828d90dcdfc148c32e015b006d7
BoredApeYachtClub,0xBC4CA0EdA7647A8aB7C2061c2E118A18a936f13D,8640,0x0097b9cfe64455eed479292671a1121f502bc954,0xa9dddaa0d1b6bf797eca3dbbab4161e46f1434f4,27.21785,seaport,18934589,1704379038,0xff3e3f662bf2e72d520924d58a989d9908e31828d90dcdfc148c32e015b006d7
BoredApeYachtClub,0xBC4CA0EdA7647A8aB7C2061c2E118A18a936f13D,3655,0x13c843f1f9ddd893c27f3708b179385ec31531e1,0x13c843f1f9ddd893c27f3708b179385ec31531e1,26.030648,seaport,18931280,1704338858,0xe6046c4d89b6d7cb6f7d2977802e197fafe8cd4ed6f7ab3c03d2b30f268874da
BoredApeYachtClub,0xBC4CA0EdA7647A8aB7C2061c2E118A18a936f13D,3655,0x0097b9cfe64455eed479292671a1121f502bc954,0x13c843f1f9ddd893c27f3708b179385ec31531e1,27.365552,seaport,18931280,1704338858,0xe6046c4d89b6d7cb6f7d2977802e197fafe8cd4ed6f7ab3c03d2b30f268874da
BoredApeYachtClub,0xBC4CA0EdA7647A8aB7C2061c2E118A18a936f13D,5778,0xe2da4a72234ac4a3c6e1a62fc01dfe3d7885f003,0x46aa400ebe1d5026cc6d12af9036fed33bd6e271,1.0,x2y2,18930462,1704328926,0x2be9970a7652b4aed76485f56684ccc1bf5817136e3bd8368db61216522241df
BoredApeYachtClub,0xBC4CA0EdA7647A8aB7C2061c2E118A18a936f13D,4975,0x5e42793bcfbdf446c8a1d64c6dbf0b9e74d291a4,0x5e42793bcfbdf446c8a1d64c6dbf0b9e74d291a4,25.84725,seaport,18928392,1704303791,0xeac3a02c0da4d0c2e79aac4690b70a40673071505f09bbaa428506928c8d0617
BoredApeYachtClub,0xBC4CA0EdA7647A8aB7C2061c2E118A18a936f13D,4975,0x0097b9cfe64455eed479292671a1121f502bc954,0x5e42793bcfbdf446c8a1d64c6dbf0b9e74d291a4,27.17275,seaport,18928392,1704303791,0xeac3a02c0da4d0c2e79aac4690b70a40673071505f09bbaa428506928c8d0617
BoredApeYachtClub,0xBC4CA0EdA7647A8aB7C2061c2E118A18a936f13D,3596,0x3f483c70cc63fc6c569172c29431c524867ffb49,0x3f483c70cc63fc6c569172c29431c524867ffb49,25.783875,seaport,18928359,1704303390,0x3b3a566248de504d7f6277ef5b87833e69e64dffc5121f99a72a925990be51d8
BoredApeYachtClub,0xBC4CA0EdA7647A8aB7C2061c2E118A18a936f13D,3596,0x41af51792cdcfab9bdc0239f1d1c274e0b2682ae,0x3f483c70cc63fc6c569172c29431c524867ffb49,27.106125,seaport,18928359,1704303390,0x3b3a566248de504d7f6277ef5b87833e69e64dffc5121f99a72a925990be51d8
BoredApeYachtClub,0xBC4CA0EdA7647A8aB7C2061c2E118A18a936f13D,1540,0xbaf7b33ec9af4fd874ad9052dad94cefb57a9c1d,0xbaf7b33ec9af4fd874ad9052dad94cefb57a9c1d,25.987163,seaport,18926246,1704277758,0x8911d43e8ee0efa5bf537102b19cbe1518146dd4546af5553bd8e6af25320152
BoredApeYachtClub,0xBC4CA0EdA7647A8aB7C2061c2E118A18a936f13D,1540,0x0097b9cfe64455eed479292671a1121f502bc954,0xbaf7b33ec9af4fd874ad9052dad94cefb57a9c1d,27.319838,seaport,18926246,1704277758,0x8911d43e8ee0efa5bf537102b19cbe1518146dd4546af5553bd8e6af25320152
BoredApeYachtClub,0xBC4CA0EdA7647A8aB7C2061c2E118A18a936f13D,1420,0x025db729c5869db0df7a18fccb2d80b2bbb01071,0x025db729c5869db0df7a18fccb2d80b2bbb01071,25.79265,seaport,18924240,1704253425,0x0626c6c6db396ebe38ba611ea394b3f627a60ec87d2de999167637506f1cc853
BoredApeYachtClub,0xBC4CA0EdA7647A8aB7C2061c2E118A18a936f13D,1420,0x0097b9cfe64455eed479292671a1121f502bc954,0x025db729c5869db0df7a18fccb2d80b2bbb01071,27.11535,seaport,18924240,1704253425,0x0626c6c6db396ebe38ba611ea394b3f627a60ec87d2de999167637506f1cc853
BoredApeYachtClub,0xBC4CA0EdA7647A8aB7C2061c2E118A18a936f13D,5521,0xbbe3f53618d75c6c17e69c50abe00e3c00e76d5f,0xbbe3f53618d75c6c17e69c50abe00e3c00e76d5f,25.791675,seaport,18923738,1704247335,0x06b51cd53b7f9b36d72ba48ee080262f4afe775c0b49419e42977ee8562b45db
BoredApeYachtClub,0xBC4CA0EdA7647A8aB7C2061c2E118A18a936f13D,5521,0x0097b9cfe64455eed479292671a1121f502bc954,0xbbe3f53618d75c6c17e69c50abe00e3c00e76d5f,27.114325,seaport,18923738,1704247335,0x06b51cd53b7f9b36d72ba48ee080262f4afe775c0b49419e42977ee8562b45db
BoredApeYachtClub,0xBC4CA0EdA7647A8aB7C2061c2E118A18a936f13D,6538,0x361d48e3aa0007500a659607cf65b72c8673531a,0x361d48e3aa0007500a659607cf65b72c8673531a,25.701,seaport,18922256,1704229358,0x36d2af7920801b39ea82b8ea2ed6d881aba518e1e520ee794ea9e563d2208d4a
BoredApeYachtClub,0xBC4CA0EdA7647A8aB7C2061c2E118A18a936f13D,6538,0x0097b9cfe64455eed479292671a1121f502bc954,0x361d48e3aa0007500a659607cf65b72c8673531a,27.019,seaport,18922256,1704229358,0x36d2af7920801b39ea82b8ea2ed6d881aba518e1e520ee794ea9e563d2208d4a
BoredApeYachtClub,0xBC4CA0EdA7647A8aB7C2061c2E118A18a936f13D,6039,0x2dca7bf37c703e685b8ffc2985f6ee6c96a3f9ed,0x2dca7bf37c703e685b8ffc2985f6ee6c96a3f9ed,25.701,seaport,18922189,1704228545,0x378ca8c2a408cb112139e5070011add7d2b4b367b26a7ad1898fdc3628387a8f
BoredApeYachtClub,0xBC4CA0EdA7647A8aB7C2061c2E118A18a936f13D,6039,0x0097b9cfe64455eed479292671a1121f502bc954,0x2dca7bf37c703e685b8ffc2985f6ee6c96a3f9ed,27.019,seaport,18922189,1704228545,0x378ca8c2a408cb112139e5070011add7d2b4b367b26a7ad1898fdc3628387a8f
BoredApeYachtClub,0xBC4CA0EdA7647A8aB7C2061c2E118A18a936f13D,2680,0x8b5abf01b87f87fb8e0ffc60d32ed7dd29b1f06b,0x32e4805550a638a1012b83d01ae0c32487b55605,32.0,seaport,18920426,1704207159,0x11eb73775b64ce1ef9861107bc89bc96acb21a2f3f0c066a01b639cdad31163e
BoredApeYachtClub,0xBC4CA0EdA7647A8aB7C2061c2E118A18a936f13D,4492,0x5579eb0e583cc436bac568473bfc64bde256aac2,0x03e558c1353a5c06c97c8dae5c3095e8760b52e2,27.25,seaport,18916784,1704162980,0xba88e7c236a04ab5e1171e7307d1e5e0c08374980c4ded3447faff57982aa30e
BoredApeYachtClub,0xBC4CA0EdA7647A8aB7C2061c2E118A18a936f13D,5778,0x46aa400ebe1d5026cc6d12af9036fed33bd6e271,0x1599575eceec056872a4f19baa4e5d86e1756ab7,1.0,x2y2,18910882,1704091386,0x4ed9cab061b9796c067db5c5f2b52d38c0955befc13d3440a91f5060612331fb
BoredApeYachtClub,0xBC4CA0EdA7647A8aB7C2061c2E118A18a936f13D,7755,0x8d2c826a0620b7fe05266fbdb29febb9761880d9,0x8d2c826a0620b7fe05266fbdb29febb9761880d9,25.47675,seaport,18910616,1704088159,0x1c21e572601bbddbf775388a2fd3a2dcab897cdf2bcfde6a07c4be2112e7cae2
BoredApeYachtClub,0xBC4CA0EdA7647A8aB7C2061c2E118A18a936f13D,7755,0xce841f783dc6d9df256af36b1cf6b3a52aa57cdc,0x8d2c826a0620b7fe05266fbdb29febb9761880d9,26.78325,seaport,18910616,1704088159,0x1c21e572601bbddbf775388a2fd3a2dcab897cdf2bcfde6a07c4be2112e7cae2
BoredApeYachtClub,0xBC4CA0EdA7647A8aB7C2061c2E118A18a936f13D,4942,0xbbe3f53618d75c6c17e69c50abe00e3c00e76d5f,0xbbe3f53618d75c6c17e69c50abe00e3c00e76d5f,25.49625,seaport,18910362,1704085078,0xabcd7bf3b6ec9d25250342bd69bbc89c894b476e97bc716c339f0981c7acf129
BoredApeYachtClub,0xBC4CA0EdA7647A8aB7C2061c2E118A18a936f13D,4942,0xce841f783dc6d9df256af36b1cf6b3a52aa57cdc,0xbbe3f53618d75c6c17e69c50abe00e3c00e76d5f,26.80375,seaport,18910362,1704085078,0xabcd7bf3b6ec9d25250342bd69bbc89c894b476e97bc716c339f0981c7acf129
BoredApeYachtClub,0xBC4CA0EdA7647A8aB7C2061c2E118A18a936f13D,3512,0xd64e1f3a2df4c153f26e7cb79e42673df385d239,0x8b9cc341084337c0a5828bc0d5e20dadb197d991,26.95,x2y2,18909208,1704071079,0xf36171172ffbb63d75534475567243735b1f8dce7ffc7e1139ee74ce1e957d42
BoredApeYachtClub,0xBC4CA0EdA7647A8aB7C2061c2E118A18a936f13D,8653,0x8511109151ba0c2a57eebd1d13f127a47c117631,0x8511109151ba0c2a57eebd1d13f127a47c117631,25.325625,seaport,18908140,1704058124,0x969d67bcd5677a8647cfd5dfeb91b680abb782a029c8e839426b6b39b366a376
BoredApeYachtClub,0xBC4CA0EdA7647A8aB7C2061c2E118A18a936f13D,8653,0x0097b9cfe64455eed479292671a1121f502bc954,0x8511109151ba0c2a57eebd1d13f127a47c117631,26.624375,seaport,18908140,1704058124,0x969d67bcd5677a8647cfd5dfeb91b680abb782a029c8e839426b6b39b366a376
BoredApeYachtClub,0xBC4CA0EdA7647A8aB7C2061c2E118A18a936f13D,5259,0x6cc99abc7e8cc8520d1b2d35b50512ed4a7963e2,0xcb415344cd0fc552ce7b48ee9375991ff5865895,30.0,x2y2,18905653,1704027955,0x17cec8204d352b003739c45bc4fb6e7972b5949acc72bd083c35816ddf35efbb
BoredApeYachtClub,0xBC4CA0EdA7647A8aB7C2061c2E118A18a936f13D,7444,0x75d4ce24b0b67b286fd3665e9285158bd4090231,0x0097b9cfe64455eed479292671a1121f502bc954,27.6688,seaport,18904276,1704011252,0x923b6634545020cf5c3add9337a19a341b51264639335fc183948fa10fe1f0a9
BoredApeYachtClub,0xBC4CA0EdA7647A8aB7C2061c2E118A18a936f13D,7838,0x853216d55149ae11ab719738842d63230152ffdf,0x8019c3978670fb5bbbc5877a1305ca347af56fa2,29.2,seaport,18902552,1703990339,0x4fc33b8be0685fd9e5e2c7d0e4aa52de519e581130df5d08d1d1efc031c7f15b
BoredApeYachtClub,0xBC4CA0EdA7647A8aB7C2061c2E118A18a936f13D,5259,0xcb415344cd0fc552ce7b48ee9375991ff5865895,0x26e3339fb69b22c1aa620434860dadbe2332be4e,28.5,x2y2,18902506,1703989781,0xab3ee5bdf47f71fcd3e132dc2ffcccca68dc28c76520d1c99ad33666962665b6
BoredApeYachtClub,0xBC4CA0EdA7647A8aB7C2061c2E118A18a936f13D,5426,0x2e7573445b46a305f6b80f86ba56e788b2db7e68,0x8081180206852e627d826363c01f62897d3e1575,0.0,seaport,18902012,1703983788,0x39a7e4b112a8653c93a615b75b90550f3f31f508ac099b63b6fecf6a77338cca
BoredApeYachtClub,0xBC4CA0EdA7647A8aB7C2061c2E118A18a936f13D,5259,0x26e3339fb69b22c1aa620434860dadbe2332be4e,0xe9581fb58eb6fdcbd45fcba793149bab6b0e0c4b,27.0,x2y2,18900574,1703966345,0x667bbc53192db376b02db59c19f8e5fab85c06b5496d02f6a6060cb5ad697714
BoredApeYachtClub,0xBC4CA0EdA7647A8aB7C2061c2E118A18a936f13D,8461,0xe9581fb58eb6fdcbd45fcba793149bab6b0e0c4b,0x26e3339fb69b22c1aa620434860dadbe2332be4e,30.5,x2y2,18900566,1703966248,0x1b00dc4a3bd98bb7d71a55c30f23a723bb0c143459e90785326239b854fed9e3
BoredApeYachtClub,0xBC4CA0EdA7647A8aB7C2061c2E118A18a936f13D,8461,0x26e3339fb69b22c1aa620434860dadbe2332be4e,0xe9581fb58eb6fdcbd45fcba793149bab6b0e0c4b,30.5,x2y2,18900538,1703965908,0x03d07f30cffb536e9189c9ec84c623544432c5b69e58ab32fe50df5567f1c9fa
BoredApeYachtClub,0xBC4CA0EdA7647A8aB7C2061c2E118A18a936f13D,5259,0xe9581fb58eb6fdcbd45fcba793149bab6b0e0c4b,0x26e3339fb69b22c1aa620434860dadbe2332be4e,27.0,x2y2,18900522,1703965714,0xee43f51b9a1b7837717ebb47dd980eddda9563cc61a6ac85b7c2d83216c25623
BoredApeYachtClub,0xBC4CA0EdA7647A8aB7C2061c2E118A18a936f13D,8683,0x7ea2be433ce2db294890e7226ce49fca7e16e13c,0x7ea2be433ce2db294890e7226ce49fca7e16e13c,25.370378,seaport,18899995,1703959321,0xa1dbe8c4e231fc0c35918a23d02f1464c4edcc90c8e452619503baab0e1cb2d1
BoredApeYachtClub,0xBC4CA0EdA7647A8aB7C2061c2E118A18a936f13D,8683,0x41af51792cdcfab9bdc0239f1d1c274e0b2682ae,0x7ea2be433ce2db294890e7226ce49fca7e16e13c,26.671423,seaport,18899995,1703959321,0xa1dbe8c4e231fc0c35918a23d02f1464c4edcc90c8e452619503baab0e1cb2d1
BoredApeYachtClub,0xBC4CA0EdA7647A8aB7C2061c2E118A18a936f13D,1247,0x7ea2be433ce2db294890e7226ce49fca7e16e13c,0x7ea2be433ce2db294890e7226ce49fca7e16e13c,25.372425,seaport,18898051,1703935739,0x43a71427c2ae8aef9ed963a5abb9b9bfe8ff17f6c76242d4f894bdf857a3c225
BoredApeYachtClub,0xBC4CA0EdA7647A8aB7C2061c2E118A18a936f13D,1247,0x41af51792cdcfab9bdc0239f1d1c274e0b2682ae,0x7ea2be433ce2db294890e7226ce49fca7e16e13c,26.673575,seaport,18898051,1703935739,0x43a71427c2ae8aef9ed963a5abb9b9bfe8ff17f6c76242d4f894bdf857a3c225
BoredApeYachtClub,0xBC4CA0EdA7647A8aB7C2061c2E118A18a936f13D,2622,0x8471a680d80c6edd1c6e8d879487510f000ee466,0x8471a680d80c6edd1c6e8d879487510f000ee466,25.361798,seaport,18896788,1703920419,0xb0e7961da08754b96d2aa7bd854e054115e4fc7f4f541d194fefdb7f965f1241
BoredApeYachtClub,0xBC4CA0EdA7647A8aB7C2061c2E118A18a936f13D,2622,0x41af51792cdcfab9bdc0239f1d1c274e0b2682ae,0x8471a680d80c6edd1c6e8d879487510f000ee466,26.662402,seaport,18896788,1703920419,0xb0e7961da08754b96d2aa7bd854e054115e4fc7f4f541d194fefdb7f965f1241
BoredApeYachtClub,0xBC4CA0EdA7647A8aB7C2061c2E118A18a936f13D,2579,0xaedcb01ae7c5b7f3225e91b38c11145700eeff7e,0xcb415344cd0fc552ce7b48ee9375991ff5865895,29.48,seaport,18892882,1703873037,0xfe04567c30fab3d00add4b956224bd4a44c2043012faa2f2a2cef8725da416bc
BoredApeYachtClub,0xBC4CA0EdA7647A8aB7C2061c2E118A18a936f13D,4238,0xcb415344cd0fc552ce7b48ee9375991ff5865895,0x04b98dc3b9fe0c5bb6c47df76a73f7558933e0d8,40.0,x2y2,18889082,1703826941,0xea2699732915a0ba3063ade284449ec47913b07faabb69114f50254031f9e424
BoredApeYachtClub,0xBC4CA0EdA7647A8aB7C2061c2E118A18a936f13D,7690,0x4f8eb9f09470d5c76a318f6159af1695d77a3e56,0x0d9b191f089212425deae5b79e85fcdce896413e,28.0,seaport,18888973,1703825619,0x0f39559e1e153fa11df7048db5f114c11289979936730d1c1ea252185cc43a77
BoredApeYachtClub,0xBC4CA0EdA7647A8aB7C2061c2E118A18a936f13D,112,0x2e7573445b46a305f6b80f86ba56e788b2db7e68,0x8069cbc475d530be7c3b31b903c00ddcae73d996,3.0,seaport,18888179,1703815987,0x1222be54bf6f2e94c3521e074190cb103a81c2c1c40b06b351ccff90a9886816
BoredApeYachtClub,0xBC4CA0EdA7647A8aB7C2061c2E118A18a936f13D,6203,0x22290f198be49fe8245cc84d11e4f4747a2000ae,0x947ff1d931db1035282cbd45bbc7aa6b6a7825aa,2.5,seaport,18888168,1703815854,0x28350416fb0f80aa36f4d555f8237edb1f1f54ddfbc5ac5f7a2a2878fb7a9f70
BoredApeYachtClub,0xBC4CA0EdA7647A8aB7C2061c2E118A18a936f13D,4383,0xbbe3f53618d75c6c17e69c50abe00e3c00e76d5f,0xbbe3f53618d75c6c17e69c50abe00e3c00e76d5f,25.540418,seaport,18881938,1703740281,0x15bb7855022cb1a00b76f5c3e37e5f8c2fc3529340b290a574d2804f7cddd3b1
BoredApeYachtClub,0xBC4CA0EdA7647A8aB7C2061c2E118A18a936f13D,4383,0x41af51792cdcfab9bdc0239f1d1c274e0b2682ae,0xbbe3f53618d75c6c17e69c50abe00e3c00e76d5f,26.850182,seaport,18881938,1703740281,0x15bb7855022cb1a00b76f5c3e37e5f8c2fc3529340b290a574d2804f7cddd3b1
BoredApeYachtClub,0xBC4CA0EdA7647A8aB7C2061c2E118A18a936f13D,3138,0x162c6f80a62bf1dbf011da8096b58616d08561e4,0xfe51c1bbb0147955d186f0a7ef8c9889b85ecdb1,40.0,seaport,18874810,1703653815,0x180fd5130ebb077c8f4f016454192681e4cbb2d061b6c21dae3df8ae7ad29cb3
BoredApeYachtClub,0xBC4CA0EdA7647A8aB7C2061c2E118A18a936f13D,127,0x51270b2b92d1080a27d05c6ebcdedec4824d5efb,0x51270b2b92d1080a27d05c6ebcdedec4824d5efb,26.324707,seaport,18870380,1703600077,0x61b1fa3d75496f7a8013d13e567e3650c42a1b131f96464f74d24484b98f3207
BoredApeYachtClub,0xBC4CA0EdA7647A8aB7C2061c2E118A18a936f13D,127,0x41af51792cdcfab9bdc0239f1d1c274e0b2682ae,0x51270b2b92d1080a27d05c6ebcdedec4824d5efb,27.674692,seaport,18870380,1703600077,0x61b1fa3d75496f7a8013d13e567e3650c42a1b131f96464f74d24484b98f3207
BoredApeYachtClub,0xBC4CA0EdA7647A8aB7C2061c2E118A18a936f13D,3164,0xe8a879b8b435631b63183f5b8eece4d276614bf2,0x853122933448d4ecbb5403bc72605dadc1caab71,28.0,seaport,18870113,1703596838,0xc6d031e1b263a6cfcc99addb99fd5a5a9e9b4a709abf43183b649a5c8ab37813
BoredApeYachtClub,0xBC4CA0EdA7647A8aB7C2061c2E118A18a936f13D,3514,0xe7efa8bb7642cb7eb57ae5e689f8642746f11ca9,0xe7efa8bb7642cb7eb57ae5e689f8642746f11ca9,34.125,seaport,18870104,1703596729,0x4a4ea8dcfe412434dd42c8b08ad30a08cf59ee41de2531c4c7d9ba57057aab95
BoredApeYachtClub,0xBC4CA0EdA7647A8aB7C2061c2E118A18a936f13D,3514,0x24da444834c9b30ae6402cf0f36b966277998a5d,0xe7efa8bb7642cb7eb57ae5e689f8642746f11ca9,35.875,seaport,18870104,1703596729,0x4a4ea8dcfe412434dd42c8b08ad30a08cf59ee41de2531c4c7d9ba57057aab95
BoredApeYachtClub,0xBC4CA0EdA7647A8aB7C2061c2E118A18a936f13D,1479,0x95ff3f04eccfa15a2bd12d6daf3ccfc5ad354510,0x7eac8f5d958e0e6f188b1f9512a17e70dfe5fa11,27.37,seaport,18867932,1703570381,0x981c54928bf737791460431fca247e189f566cda496e343ad781c496ebccc1b1
BoredApeYachtClub,0xBC4CA0EdA7647A8aB7C2061c2E118A18a936f13D,2549,0xe487d9258835103fc73f6944de2fdd513908b1bd,0xe487d9258835103fc73f6944de2fdd513908b1bd,25.847738,seaport,18866832,1703557038,0xf3b22f4c3c06f638ade6c79be2f86cbdfb4ac86beef70746772f1bb8e2611309
BoredApeYachtClub,0xBC4CA0EdA7647A8aB7C2061c2E118A18a936f13D,2549,0x41af51792cdcfab9bdc0239f1d1c274e0b2682ae,0xe487d9258835103fc73f6944de2fdd513908b1bd,27.173262,seaport,18866832,1703557038,0xf3b22f4c3c06f638ade6c79be2f86cbdfb4ac86beef70746772f1bb8e2611309
BoredApeYachtClub,0xBC4CA0EdA7647A8aB7C2061c2E118A18a936f13D,3655,0x822d5bcf95a51fdeaa6787b63ebd130204a6c021,0x822d5bcf95a51fdeaa6787b63ebd130204a6c021,27.11375,seaport,18866460,1703552525,0x3a683b6af88a070154999fe98dbc4f96b4108c91c2802d30faef59c482a807d5
BoredApeYachtClub,0xBC4CA0EdA7647A8aB7C2061c2E118A18a936f13D,3655,0x13c843f1f9ddd893c27f3708b179385ec31531e1,0x822d5bcf95a51fdeaa6787b63ebd130204a6c021,27.38625,seaport,18866460,1703552525,0x3a683b6af88a070154999fe98dbc4f96b4108c91c2802d30faef59c482a807d5
BoredApeYachtClub,0xBC4CA0EdA7647A8aB7C2061c2E118A18a936f13D,9908,0x396e0c41a7e55223b8797b6fdb7faa53504e9d29,0x8567038ee230181aef3f147b7246a22d034dce8a,26.79,seaport,18864679,1703530921,0x7e7541f0ec21b351901507d79d74551650096fe74d76554e69517aa517de2f57
BoredApeYachtClub,0xBC4CA0EdA7647A8aB7C2061c2E118A18a936f13D,6838,0x13c843f1f9ddd893c27f3708b179385ec31531e1,0x13c843f1f9ddd893c27f3708b179385ec31531e1,29.98125,seaport,18862233,1703501250,0x275df8e739ce8c3ae602d1d47e9f093a2e93ee8fc45398e7c2afcd6b18f7c9f5
BoredApeYachtClub,0xBC4CA0EdA7647A8aB7C2061c2E118A18a936f13D,6838,0x5f4934fc98eae6061a01868a4700c53c1ffb7d2e,0x13c843f1f9ddd893c27f3708b179385ec31531e1,31.51875,seaport,18862233,1703501250,0x275df8e739ce8c3ae602d1d47e9f093a2e93ee8fc45398e7c2afcd6b18f7c9f5
BoredApeYachtClub,0xBC4CA0EdA7647A8aB7C2061c2E118A18a936f13D,1104,0x8b8d7195ac43bc979e74c611690e3344d9c8d3bd,0x8b8d7195ac43bc979e74c611690e3344d9c8d3bd,25.6425,seaport,18860472,1703479888,0x5b3bf7ed982516588a22e44bbf2d97ed53e9d26fa5658ed0726c27ba82b647f4
BoredApeYachtClub,0xBC4CA0EdA7647A8aB7C2061c2E118A18a936f13D,1104,0x0097b9cfe64455eed479292671a1121f502bc954,0x8b8d7195ac43bc979e74c611690e3344d9c8d3bd,26.9575,seaport,18860472,1703479888,0x5b3bf7ed982516588a22e44bbf2d97ed53e9d26fa5658ed0726c27ba82b647f4
BoredApeYachtClub,0xBC4CA0EdA7647A8aB7C2061c2E118A18a936f13D,8043,0x6d0267156f1c6ce44caa4bf129b76009d3d41830,0x7c1958ba95ab3170f6069dadf4de304b0c00000c,26.5,seaport,18859868,1703472561,0xe601026c306184c6fb05bf545374b2a7b507ece0477035efc86ce05e488804f6
BoredApeYachtClub,0xBC4CA0EdA7647A8aB7C2061c2E118A18a936f13D,175,0x6cfdad0772edc2ea15076a9706ec7c1f0a791ac1,0xf011f97d87ba4ac949c940a84b12e276e13f0529,26.05,x2y2,18858845,1703460152,0xe909ba48b0c5b421e4ec210c08d4a541912d3edbf59777425ebbf2ba434dc121
BoredApeYachtClub,0xBC4CA0EdA7647A8aB7C2061c2E118A18a936f13D,1281,0x92add03e9d08d994f99e6ec7524cd8b49cdf9cf1,0x87d411bb593218f43b1c76278769a0f5d1b740f4,34.69,seaport,18857733,1703446663,0x5f972a283430f6682b051ba785cfec8234782c52a80cd91425c74334a1219c6f
BoredApeYachtClub,0xBC4CA0EdA7647A8aB7C2061c2E118A18a936f13D,6001,0x9b29b87b8428fab4228a16d8d38a6482cb7e68eb,0xcafba4ca4a4886ae0938cc8ef91b605db9e4bf08,28.39,seaport,18853009,1703389358,0x9ceeb442224ba9fb9c2b6f3a164b59ec658407b6ee3f89adc9f31879bd6b1f50
BoredApeYachtClub,0xBC4CA0EdA7647A8aB7C2061c2E118A18a936f13D,8843,0x6c9a2fd96616dca3f2d19ff021ae23d1d6d6c007,0xca0816b39c9d28d732608a259d8daaff41b4f8e2,30.0,seaport,18849369,1703345203,0x972f75d404163ecd6a10ff44e01f4c47c504bb57028a5003805b665aae6023c4
BoredApeYachtClub,0xBC4CA0EdA7647A8aB7C2061c2E118A18a936f13D,4109,0x29e9b0c1a98ac1496ae1a1f9e16b691372a6e066,0x29e9b0c1a98ac1496ae1a1f9e16b691372a6e066,25.098352,seaport,18839729,1703228265,0x4e42880273eae6aca8f34b6952a7eb69521601b67ee5705d7e0abdf300fbec35
BoredApeYachtClub,0xBC4CA0EdA7647A8aB7C2061c2E118A18a936f13D,4109,0x0097b9cfe64455eed479292671a1121f502bc954,0x29e9b0c1a98ac1496ae1a1f9e16b691372a6e066,26.385448,seaport,18839729,1703228265,0x4e42880273eae6aca8f34b6952a7eb69521601b67ee5705d7e0abdf300fbec35
BoredApeYachtClub,0xBC4CA0EdA7647A8aB7C2061c2E118A18a936f13D,4083,0x70da65c9153f2f2e1e25996fc3c5d6138c1b37a5,0x8567038ee230181aef3f147b7246a22d034dce8a,27.3,seaport,18836251,1703186076,0x2719971cd8725db5997bec6cfde0a76f8b1fa883c7c00a095e71219c8c00830a
BoredApeYachtClub,0xBC4CA0EdA7647A8aB7C2061c2E118A18a936f13D,4847,0xb0cd110791db97601cfa6c38ad38952ebd739ba5,0xb0cd110791db97601cfa6c38ad38952ebd739ba5,25.643475,seaport,18835280,1703174297,0x7c6174c7afe7b069f822d798e8266dd1e9516fff7f6eebe58c78e984061d9f4f
BoredApeYachtClub,0xBC4CA0EdA7647A8aB7C2061c2E118A18a936f13D,4847,0x41af51792cdcfab9bdc0239f1d1c274e0b2682ae,0xb0cd110791db97601cfa6c38ad38952ebd739ba5,26.958525,seaport,18835280,1703174297,0x7c6174c7afe7b069f822d798e8266dd1e9516fff7f6eebe58c78e984061d9f4f
BoredApeYachtClub,0xBC4CA0EdA7647A8aB7C2061c2E118A18a936f13D,813,0x03d3390ab7c66b4e3ae2eca87dcfea98191a2a77,0x03d3390ab7c66b4e3ae2eca87dcfea98191a2a77,25.686375,seaport,18833480,1703152462,0x6ffa84d5f4e24b1aec2b7b718db956750a6e18d80118610958f53a5661404b6a
BoredApeYachtClub,0xBC4CA0EdA7647A8aB7C2061c2E118A18a936f13D,813,0x41af51792cdcfab9bdc0239f1d1c274e0b2682ae,0x03d3390ab7c66b4e3ae2eca87dcfea98191a2a77,27.003625,seaport,18833480,1703152462,0x6ffa84d5f4e24b1aec2b7b718db956750a6e18d80118610958f53a5661404b6a
BoredApeYachtClub,0xBC4CA0EdA7647A8aB7C2061c2E118A18a936f13D,3368,0x9ade3067e2f6e9915d0f276687877fbe1515a006,0x931d1156b4c2f95b21d61f129d1e1b640bb30932,27.33,seaport,18830561,1703117053,0x312fdd0353ddade5e0abf765593c8f6a886b131128696c3745d686b8cb058edb
BoredApeYachtClub,0xBC4CA0EdA7647A8aB7C2061c2E118A18a936f13D,4773,0xf011f97d87ba4ac949c940a84b12e276e13f0529,0xb1f32d8e47fd4e57f236418cdd34a719f4124f93,30.0,x2y2,18829436,1703103406,0xebf5d276ed6734713c56f4395a9fa95ff29a85e6389ed2d9061bf58e8822cf9e
BoredApeYachtClub,0xBC4CA0EdA7647A8aB7C2061c2E118A18a936f13D,3643,0xa27c8e38a5b577d4c1aadd0426363ca83255c6d7,0x804726468544f30f9e36d558361417c7c75e160e,30.0,x2y2,18822646,1703021103,0xc7d6bfeb5514f50317e4ec9a1cf65caf58432477aff95ae700030e9b3bc9b590
BoredApeYachtClub,0xBC4CA0EdA7647A8aB7C2061c2E118A18a936f13D,3643,0x804726468544f30f9e36d558361417c7c75e160e,0xa27c8e38a5b577d4c1aadd0426363ca83255c6d7,30.0,x2y2,18822620,1703020788,0x1423fd4485b36cc4c1a7e14e29e338390fd8912a960a3cfe8e58861f8db77a94
BoredApeYachtClub,0xBC4CA0EdA7647A8aB7C2061c2E118A18a936f13D,3622,0x0097b9cfe64455eed479292671a1121f502bc954,0x1e04bfb945dfa23ed8bdea67947ca0d7b5fff75d,25.7,x2y2,18821446,1703006570,0x53b8696ca94822f1e9ad9963e143d09fc258dd2cb6f3520f90c06937854e9b12
BoredApeYachtClub,0xBC4CA0EdA7647A8aB7C2061c2E118A18a936f13D,7799,0x467a68f37a139b23987533305a1436de19ed9fdb,0x5e2eabfaddf49615f84734724b77eeeebc5ebd71,28.85,seaport,18821413,1703006171,0x686f95ff44731d364582ab785b8dbcfa054641b3c17cf4eed991e6c1388329ff
BoredApeYachtClub,0xBC4CA0EdA7647A8aB7C2061c2E118A18a936f13D,1072,0x2f65b836c448fcee425695d55bbdc16e8210ac27,0x1e04bfb945dfa23ed8bdea67947ca0d7b5fff75d,28.0,seaport,18821380,1703005771,0xc364ac115cd78b4c080e3ef8f7da0c2f4b7415c0d7acc446c9fd0fd7876708bf
BoredApeYachtClub,0xBC4CA0EdA7647A8aB7C2061c2E118A18a936f13D,9968,0x7366cd5483c35d8a1843a354c9d26d4f3b9eba7d,0xb82843f9f8f94f148e2f52bd856a61da2b4722fa,27.888,seaport,18820554,1702995767,0x2641866f94e65ffbf0b3e64090fbee836b98af488000ee61c5c79e3a552cf6e7
BoredApeYachtClub,0xBC4CA0EdA7647A8aB7C2061c2E118A18a936f13D,4104,0x08a91695d0650b4f39818d6372f8e410d14746c0,0x08a91695d0650b4f39818d6372f8e410d14746c0,25.229392,seaport,18820139,1702990741,0xf226a89a0be3b872cc35d74df81310223eab23bea04d8e317d2b13bd1a163850
BoredApeYachtClub,0xBC4CA0EdA7647A8aB7C2061c2E118A18a936f13D,4104,0x41af51792cdcfab9bdc0239f1d1c274e0b2682ae,0x08a91695d0650b4f39818d6372f8e410d14746c0,26.523208,seaport,18820139,1702990741,0xf226a89a0be3b872cc35d74df81310223eab23bea04d8e317d2b13bd1a163850
BoredApeYachtClub,0xBC4CA0EdA7647A8aB7C2061c2E118A18a936f13D,6173,0xea4252da4424d13c6e0db702e3632bf22cde0f4d,0xcb415344cd0fc552ce7b48ee9375991ff5865895,27.88,seaport,18814893,1702927208,0x081a440cb364587ef025386291fcb6e91d8c01c9996f3b348a7953c3870dc159
BoredApeYachtClub,0xBC4CA0EdA7647A8aB7C2061c2E118A18a936f13D,6101,0xf47df1833ceb43dab013109fbc6ec1e816e2c1fc,0xcb415344cd0fc552ce7b48ee9375991ff5865895,5.0,seaport,18813804,1702914019,0x0e5af646118f04d837e8c6262af0f1218bef3cfba34ce8e04e0ef3945a1ca955
BoredApeYachtClub,0xBC4CA0EdA7647A8aB7C2061c2E118A18a936f13D,2235,0x9558f5583c34bdabbe77ebbc29a49830f7c5b826,0x403615b70c893e6247ae4bc7627a775c1a4dbe85,27.4979,seaport,18812993,1702904197,0x766b0c1dacda5e4e5640663bf354403d69ff068ae29c4d2c31cd0df66b162ed5
BoredApeYachtClub,0xBC4CA0EdA7647A8aB7C2061c2E118A18a936f13D,8630,0x6a9de2d4382df88a0c80351c4055fc0397f3fc2b,0xfb149f6d732b6061f67ebdf111d7828c31e40ff2,29.99,seaport,18812832,1702902248,0xeefcd690b7268ea5542408eea5c6007bea51caa9bd7b8273ca29ec4f1ff0313d
BoredApeYachtClub,0xBC4CA0EdA7647A8aB7C2061c2E118A18a936f13D,4408,0x60234626602fd85591769b6de3043610c779f8a5,0x60234626602fd85591769b6de3043610c779f8a5,25.35,seaport,18812284,1702895611,0x6490b398ede0ba13397999c0af868b71ed66eeb9e636059fe4c7263dc968b11d
BoredApeYachtClub,0xBC4CA0EdA7647A8aB7C2061c2E118A18a936f13D,4408,0x5cb89f3789985d9024b83b8cee91978dd405eb43,0x60234626602fd85591769b6de3043610c779f8a5,26.65,seaport,18812284,1702895611,0x6490b398ede0ba13397999c0af868b71ed66eeb9e636059fe4c7263dc968b11d
BoredApeYachtClub,0xBC4CA0EdA7647A8aB7C2061c2E118A18a936f13D,2774,0x5e2edc210e572812976151c2da9d2c1c5f10ef85,0x1e04bfb945dfa23ed8bdea67947ca0d7b5fff75d,27.99,seaport,18808174,1702845835,0x9f4b1787f6cb8c5e6f638e4b06b192bf5c1c9f7557b0040fcf68fc915260e80c
BoredApeYachtClub,0xBC4CA0EdA7647A8aB7C2061c2E118A18a936f13D,5293,0x5bd7c4f2c442b98ceb7468a16aa6d5ead0fa6786,0xe29ffbea82221748f47d8432a8e24c6dbe83f423,27.0,seaport,18806833,1702829595,0xf383e1f18ceb59f5893e0ef7d58e5ded6d7a6d7d30d4b702767e928a3e4b28ec
BoredApeYachtClub,0xBC4CA0EdA7647A8aB7C2061c2E118A18a936f13D,1155,0x48c1bee964913d883c4cf19ba76493b62bc34fcb,0x48c1bee964913d883c4cf19ba76493b62bc34fcb,25.251233,seaport,18805999,1702819494,0x546c7038242479291dec4b9c37a2da548baa8661e9628ea679e5b9456dfa8548
BoredApeYachtClub,0xBC4CA0EdA7647A8aB7C2061c2E118A18a936f13D,1155,0x41af51792cdcfab9bdc0239f1d1c274e0b2682ae,0x48c1bee964913d883c4cf19ba76493b62bc34fcb,26.546168,seaport,18805999,1702819494,0x546c7038242479291dec4b9c37a2da548baa8661e9628ea679e5b9456dfa8548
BoredApeYachtClub,0xBC4CA0EdA7647A8aB7C2061c2E118A18a936f13D,6101,0xcb415344cd0fc552ce7b48ee9375991ff5865895,0xe803057dabbc2256d796ce146792d23943dc7582,29.0,seaport,18803806,1702792935,0x4196d54c5db65e128a921e33b44fa54dfaf8772aa9bb4734d564ce5ca725711e
BoredApeYachtClub,0xBC4CA0EdA7647A8aB7C2061c2E118A18a936f13D,5058,0xb74f8069bbcc605292dbb93e55818690ab5bd00b,0x4ecf4bc90510794f5a4074136efb716485ae0da1,27.089,seaport,18803231,1702785972,0xa11906291f3c4dcb861428899b97ca30ebd2cd9300f361de53c46bbfe264e239
BoredApeYachtClub,0xBC4CA0EdA7647A8aB7C2061c2E118A18a936f13D,9763,0x01a23eba5023064d505dd45fbfa683a601c7685b,0x01a23eba5023064d505dd45fbfa683a601c7685b,24.375,seaport,18800163,1702748816,0xb87220664df29479118da942464ff0156987bc80d21f375c46cf68e1923ea670
BoredApeYachtClub,0xBC4CA0EdA7647A8aB7C2061c2E118A18a936f13D,9763,0x41af51792cdcfab9bdc0239f1d1c274e0b2682ae,0x01a23eba5023064d505dd45fbfa683a601c7685b,25.625,seaport,18800163,1702748816,0xb87220664df29479118da942464ff0156987bc80d21f375c46cf68e1923ea670
BoredApeYachtClub,0xBC4CA0EdA7647A8aB7C2061c2E118A18a936f13D,6255,0x01a23eba5023064d505dd45fbfa683a601c7685b,0x01a23eba5023064d505dd45fbfa683a601c7685b,25.421565,seaport,18800147,1702748622,0xfcd3e62cc888ae78369391b4f2ca568c66c5e1015a0f72351728b20b747f05ee
BoredApeYachtClub,0xBC4CA0EdA7647A8aB7C2061c2E118A18a936f13D,6255,0x0097b9cfe64455eed479292671a1121f502bc954,0x01a23eba5023064d505dd45fbfa683a601c7685b,26.725235,seaport,18800147,1702748622,0xfcd3e62cc888ae78369391b4f2ca568c66c5e1015a0f72351728b20b747f05ee
BoredApeYachtClub,0xBC4CA0EdA7647A8aB7C2061c2E118A18a936f13D,3861,0xa82c097ba522acd978b4c38cf609772dce434ee8,0x8567038ee230181aef3f147b7246a22d034dce8a,28.48,seaport,18799121,1702736196,0x8c66975f1e85dd7fc765e740b503941e754129dacb3266546ffe27790890f477
BoredApeYachtClub,0xBC4CA0EdA7647A8aB7C2061c2E118A18a936f13D,1201,0x1610634c1fcda56b9934d67f885b30dc73f938cb,0x22154ec3f542483b2c35d67cb5e75a905338c259,37.0,x2y2,18798806,1702732381,0x3df5da176cc61b5882aa03dcf09e71e5ba781eb172463370ce41655eb5d97ebf
BoredApeYachtClub,0xBC4CA0EdA7647A8aB7C2061c2E118A18a936f13D,2069,0x7c6d8d785c0932ea2b768feba7d1d8ef4b34fc86,0x0097b9cfe64455eed479292671a1121f502bc954,28.4588,seaport,18798651,1702730504,0xa5b977280d9bdfbd5bf5ed91432d58fe4fc4c847c663c1cfd3f4150049a5507b
BoredApeYachtClub,0xBC4CA0EdA7647A8aB7C2061c2E118A18a936f13D,1201,0x22154ec3f542483b2c35d67cb5e75a905338c259,0x3c63ec009037cb7b07711ee3e726fa121e594b3b,35.0,x2y2,18798241,1702725539,0xc34574d9f967a67ab15c4f7cf1480435f65b4817a650f92873380b00f4d5404d
BoredApeYachtClub,0xBC4CA0EdA7647A8aB7C2061c2E118A18a936f13D,9985,0x63fe66a44b55ef7dae9322f88305de0bdec86aef,0x743dbd073d951bc1e7ee276eb79a285595993d63,31.110236,seaport,18789823,1702623590,0x4a256ff78481c6466f9722f2b82b6ce69321d6f120a7c2ba23650d5d808cf9da
BoredApeYachtClub,0xBC4CA0EdA7647A8aB7C2061c2E118A18a936f13D,577,0xa270342b148aaf4c8750700f66bf5040b0fba475,0xa270342b148aaf4c8750700f66bf5040b0fba475,26.237738,seaport,18786030,1702577653,0x05aedb90ac19e6f59363994b2631d7fdd28910cdf68bdcc88663931e9caa5f81
BoredApeYachtClub,0xBC4CA0EdA7647A8aB7C2061c2E118A18a936f13D,577,0x0097b9cfe64455eed479292671a1121f502bc954,0xa270342b148aaf4c8750700f66bf5040b0fba475,27.583263,seaport,18786030,1702577653,0x05aedb90ac19e6f59363994b2631d7fdd28910cdf68bdcc88663931e9caa5f81
BoredApeYachtClub,0xBC4CA0EdA7647A8aB7C2061c2E118A18a936f13D,2786,0x5513beed7a5b6888969a5b2e6d8c9ae023c3a89f,0x11e5f31fd0e62654912eaea3d403b5a761fb6fd4,29.05,seaport,18785851,1702575485,0x791054400d5d28f39fb0573ddd387fa249db30a72ca57818f71aaa33c5616166
BoredApeYachtClub,0xBC4CA0EdA7647A8aB7C2061c2E118A18a936f13D,9399,0x095a240530027d45daaeeafbc8a9fd2ad50ca824,0x095a240530027d45daaeeafbc8a9fd2ad50ca824,26.66586,seaport,18785547,1702571804,0x08ca6ca0bd0b092a6db93518a559c82e9dbf0df00fdb6d7a1cb9662ff02a0609
BoredApeYachtClub,0xBC4CA0EdA7647A8aB7C2061c2E118A18a936f13D,9399,0x0097b9cfe64455eed479292671a1121f502bc954,0x095a240530027d45daaeeafbc8a9fd2ad50ca824,28.03334,seaport,18785547,1702571804,0x08ca6ca0bd0b092a6db93518a559c82e9dbf0df00fdb6d7a1cb9662ff02a0609
BoredApeYachtClub,0xBC4CA0EdA7647A8aB7C2061c2E118A18a936f13D,7433,0xe64734836a37df1f92aca5f8f218f035340c0fd5,0xb8f0f88edb25717acaab9ee86ab837a3a6307919,32.0,seaport,18783493,1702546928,0x38c734b1244ec59837b9412d4bee97af507f8cc29d5b47989ba498857932ae33
BoredApeYachtClub,0xBC4CA0EdA7647A8aB7C2061c2E118A18a936f13D,5709,0x81a0dda9e1c154889778a327481e65460c19996a,0x85eb9da2de808a7d9f811368d82fcfea4bbc8a52,29.0,seaport,18782689,1702537191,0xdf6d077653d3061811e23087879bd00a29841f1fb2c3e159a6f92954511c1449
BoredApeYachtClub,0xBC4CA0EdA7647A8aB7C2061c2E118A18a936f13D,3059,0x48c1bee964913d883c4cf19ba76493b62bc34fcb,0x48c1bee964913d883c4cf19ba76493b62bc34fcb,26.66625,seaport,18780773,1702513987,0xc5b3995599fd2e0e8cb372a9251706dc74f35c66f8e7c8d7fc1b64d5f89328de
BoredApeYachtClub,0xBC4CA0EdA7647A8aB7C2061c2E118A18a936f13D,3059,0x0097b9cfe64455eed479292671a1121f502bc954,0x48c1bee964913d883c4cf19ba76493b62bc34fcb,28.03375,seaport,18780773,1702513987,0xc5b3995599fd2e0e8cb372a9251706dc74f35c66f8e7c8d7fc1b64d5f89328de
BoredApeYachtClub,0xBC4CA0EdA7647A8aB7C2061c2E118A18a936f13D,9578,0x48c1bee964913d883c4cf19ba76493b62bc34fcb,0x48c1bee964913d883c4cf19ba76493b62bc34fcb,26.11835,seaport,18780598,1702511867,0x91684cd82ff7555f0e6e62d9482dfaa798b6a8bdb029fd026606fe78562856ce
BoredApeYachtClub,0xBC4CA0EdA7647A8aB7C2061c2E118A18a936f13D,9578,0xf15c93562bc3944a68e938ef75d2a3360d98ca57,0x48c1bee964913d883c4cf19ba76493b62bc34fcb,28.86765,seaport,18780598,1702511867,0x91684cd82ff7555f0e6e62d9482dfaa798b6a8bdb029fd026606fe78562856ce
BoredApeYachtClub,0xBC4CA0EdA7647A8aB7C2061c2E118A18a936f13D,956,0x4341f1bdd076760013ffc1aeff9fcf1c2c815fab,0xd883fb2c3285c0700d45ddfbd6ebe836a75cb07f,0.222,seaport,18775573,1702451010,0x1bb2087a82c8c3a112442d3e600205716d65291550c61a49d9f649d54bd616f9
BoredApeYachtClub,0xBC4CA0EdA7647A8aB7C2061c2E118A18a936f13D,9968,0xb82843f9f8f94f148e2f52bd856a61da2b4722fa,0x4341f1bdd076760013ffc1aeff9fcf1c2c815fab,0.5,seaport,18769891,1702382197,0xd7b04dc9b61088ca2408acaf8037f1f72301202a3d85136ea20e2e3c9ac11df4
BoredApeYachtClub,0xBC4CA0EdA7647A8aB7C2061c2E118A18a936f13D,4689,0xf93e8ef5447398973566cfa718ed7f60ae2eca6b,0xf93e8ef5447398973566cfa718ed7f60ae2eca6b,27.982012,seaport,18769773,1702380768,0xc8bec31a4e4ad2287bebaef7121e7e6c91080e5f5b10e1e86f28792fcab179c8
BoredApeYachtClub,0xBC4CA0EdA7647A8aB7C2061c2E118A18a936f13D,4689,0x0097b9cfe64455eed479292671a1121f502bc954,0xf93e8ef5447398973566cfa718ed7f60ae2eca6b,29.416988,seaport,18769773,1702380768,0xc8bec31a4e4ad2287bebaef7121e7e6c91080e5f5b10e1e86f28792fcab179c8
BoredApeYachtClub,0xBC4CA0EdA7647A8aB7C2061c2E118A18a936f13D,9968,0x4341f1bdd076760013ffc1aeff9fcf1c2c815fab,0xc4d469c1419bd07d7223ab4ecedbfa639bb87233,3.0,seaport,18766882,1702345755,0x412f8435067ca9456894efe7eb4d168fa9af5821816720beb2a88c6e8b4919d2
BoredApeYachtClub,0xBC4CA0EdA7647A8aB7C2061c2E118A18a936f13D,1284,0x30740e74136bd521564f6233b0af7b6dd628ab5c,0x30740e74136bd521564f6233b0af7b6dd628ab5c,28.073955,seaport,18766406,1702339990,0x0c0b180fbf495b3e6d4c653761996c423373903aa1517f8553553aca940c1cf0
BoredApeYachtClub,0xBC4CA0EdA7647A8aB7C2061c2E118A18a936f13D,1284,0x0097b9cfe64455eed479292671a1121f502bc954,0x30740e74136bd521564f6233b0af7b6dd628ab5c,29.513645,seaport,18766406,1702339990,0x0c0b180fbf495b3e6d4c653761996c423373903aa1517f8553553aca940c1cf0
BoredApeYachtClub,0xBC4CA0EdA7647A8aB7C2061c2E118A18a936f13D,5271,0x30740e74136bd521564f6233b0af7b6dd628ab5c,0x30740e74136bd521564f6233b0af7b6dd628ab5c,27.3543,seaport,18766404,1702339966,0x5500b4a63bcabc6245ed3ac635b7b378164c8a6b53006f3442275e9db45783dc
BoredApeYachtClub,0xBC4CA0EdA7647A8aB7C2061c2E118A18a936f13D,5271,0xf15c93562bc3944a68e938ef75d2a3360d98ca57,0x30740e74136bd521564f6233b0af7b6dd628ab5c,30.2337,seaport,18766404,1702339966,0x5500b4a63bcabc6245ed3ac635b7b378164c8a6b53006f3442275e9db45783dc
BoredApeYachtClub,0xBC4CA0EdA7647A8aB7C2061c2E118A18a936f13D,7000,0xbf4173a531e504d2c67d783927c2012ec8d1c620,0xcb415344cd0fc552ce7b48ee9375991ff5865895,30.0,x2y2,18764390,1702315575,0x9db287e39e91b8dfa6df6535a11560dac7725d325372b9c40dca634ca154e828
BoredApeYachtClub,0xBC4CA0EdA7647A8aB7C2061c2E118A18a936f13D,7000,0xcb415344cd0fc552ce7b48ee9375991ff5865895,0x49c4dfc5367b42f2445621479dc9421908414402,29.5,x2y2,18763097,1702299916,0x32bc6ab29970d55e167d8731b068367f2c36b64dc7f334dcd92617c86d5d7d84
BoredApeYachtClub,0xBC4CA0EdA7647A8aB7C2061c2E118A18a936f13D,3511,0xa17854326164cd3a720f6c1ba957d768a30239ed,0xa17854326164cd3a720f6c1ba957d768a30239ed,28.5675,seaport,18754381,1702194358,0x9f3faefecb0c00bfbe11569a9d685a795f1766b37732ea10014f71659f43e93f
BoredApeYachtClub,0xBC4CA0EdA7647A8aB7C2061c2E118A18a936f13D,3511,0x72532c4925c2f20e11ea16a50ecdc350dd37fc37,0xa17854326164cd3a720f6c1ba957d768a30239ed,30.0325,seaport,18754381,1702194358,0x9f3faefecb0c00bfbe11569a9d685a795f1766b37732ea10014f71659f43e93f
BoredApeYachtClub,0xBC4CA0EdA7647A8aB7C2061c2E118A18a936f13D,7641,0x6942049509693fbb63d7f1395dae5cfe1ccec1ba,0x6942049509693fbb63d7f1395dae5cfe1ccec1ba,28.7625,seaport,18752085,1702166551,0x8ec0c6178ae5d6e4076000dab7b141585854fab1a25500cfbb401f91e62b4711
BoredApeYachtClub,0xBC4CA0EdA7647A8aB7C2061c2E118A18a936f13D,7641,0x388aa8f5ee2d5dd914634e003ab230bd46233e95,0x6942049509693fbb63d7f1395dae5cfe1ccec1ba,30.2375,seaport,18752085,1702166551,0x8ec0c6178ae5d6e4076000dab7b141585854fab1a25500cfbb401f91e62b4711
BoredApeYachtClub,0xBC4CA0EdA7647A8aB7C2061c2E118A18a936f13D,7773,0xffbd7fab5872b40f3dcdad233fcf6d118cc4ee04,0xffbd7fab5872b40f3dcdad233fcf6d118cc4ee04,28.626,seaport,18746528,1702099251,0x57c9fb7d9a233633826244120f7845c0c347d456d2ad9244f9981dd02b127b1b
BoredApeYachtClub,0xBC4CA0EdA7647A8aB7C2061c2E118A18a936f13D,7773,0x0097b9cfe64455eed479292671a1121f502bc954,0xffbd7fab5872b40f3dcdad233fcf6d118cc4ee04,30.094,seaport,18746528,1702099251,0x57c9fb7d9a233633826244120f7845c0c347d456d2ad9244f9981dd02b127b1b
BoredApeYachtClub,0xBC4CA0EdA7647A8aB7C2061c2E118A18a936f13D,4413,0x248230127f082f54952ca5b46553bd86fa185f14,0xd9d7046933bd3d0a3e869959ef95e4c41522c1bf,35.69,seaport,18742493,1702050384,0x041e7e4e6c444f7ae5dbd4ee8fca0216fce26eb9238c6e8cbebe19c0d628fdef
BoredApeYachtClub,0xBC4CA0EdA7647A8aB7C2061c2E118A18a936f13D,6795,0x01afa08645f62e8492f05ec78c87d7116939b0d8,0x2e7573445b46a305f6b80f86ba56e788b2db7e68,30.1,seaport,18741821,1702042246,0xaf001cd4167d446f98c8469505223b6d1861b725ecfaa47ffbaaa2ea68a80bd1
BoredApeYachtClub,0xBC4CA0EdA7647A8aB7C2061c2E118A18a936f13D,1589,0x01afa08645f62e8492f05ec78c87d7116939b0d8,0x388aa8f5ee2d5dd914634e003ab230bd46233e95,30.0,seaport,18741821,1702042246,0xaf001cd4167d446f98c8469505223b6d1861b725ecfaa47ffbaaa2ea68a80bd1
BoredApeYachtClub,0xBC4CA0EdA7647A8aB7C2061c2E118A18a936f13D,2226,0xb3d9fc7ed24284af0c00066aa3c62652e19fc586,0xcb415344cd0fc552ce7b48ee9375991ff5865895,7.0,seaport,18735628,1701967243,0x8cd922ce19c7d5705fbef85aa31a0b046fd5d27b92727e1e7ad5e3e49265f67f
BoredApeYachtClub,0xBC4CA0EdA7647A8aB7C2061c2E118A18a936f13D,899,0x024c7cb048bb1e635319fa63e44585414c1ea635,0x4341f1bdd076760013ffc1aeff9fcf1c2c815fab,35.0,seaport,18731812,1701921028,0xf189664a4d7a58d1f0cdc13078723bcaf83052d3be53acd773e09df312cf8d41
BoredApeYachtClub,0xBC4CA0EdA7647A8aB7C2061c2E118A18a936f13D,9584,0xffbd08371fae1e00e28be21d7a274790ba2dbaf6,0xf15c93562bc3944a68e938ef75d2a3360d98ca57,30.4399,seaport,18729648,1701894821,0x670bce6b1692823061e8c0a92def25264a90554acd0495923959ae0aeaf3beab
BoredApeYachtClub,0xBC4CA0EdA7647A8aB7C2061c2E118A18a936f13D,6039,0x6e1924386f8b73d37d8292033da73513e5edf011,0x388aa8f5ee2d5dd914634e003ab230bd46233e95,30.296,seaport,18727947,1701874220,0x00c31b18f037dc7b6f2759e27da2408a5c0ada1c133e896609f9b78f750b23a3
BoredApeYachtClub,0xBC4CA0EdA7647A8aB7C2061c2E118A18a936f13D,886,0x7ae93f30e82f600b37f219d1105bb79885edad38,0x0e73d837b29ac157d072c946ad65d3fa9a5750ba,0.0,seaport,18725238,1701841412,0xa9f092e2474012b3c54ee05320f449e8ee37f1d21976719c1ff06113e5ef23d0
BoredApeYachtClub,0xBC4CA0EdA7647A8aB7C2061c2E118A18a936f13D,3158,0xb63680891278b189f7e75c323a8b541855dc8fc5,0x388aa8f5ee2d5dd914634e003ab230bd46233e95,31.189,seaport,18721405,1701794991,0x959b250f31d4c92482a4808f3a277fdedd9f62c400fcb6512a2bda5caa150d5e
BoredApeYachtClub,0xBC4CA0EdA7647A8aB7C2061c2E118A18a936f13D,554,0xec19ccb2bf9273574f23e0345f540ffc15b73619,0x8b9acd4be3a852571ec71293348e3c7bb1d70b02,30.36,seaport,18720049,1701778569,0xf44e26f29303e3cbaac0c0cbf41ea4cd75315b530d71f22a42bc138a499505ea
BoredApeYachtClub,0xBC4CA0EdA7647A8aB7C2061c2E118A18a936f13D,2912,0x4341f1bdd076760013ffc1aeff9fcf1c2c815fab,0x90ee4f34956585f67e2ed423e32936661116b2ba,32.25,x2y2,18716696,1701737961,0xe319523c6838d89253d40acd68473eaef14aa0377834a7e49dbdab6a9ac43b70
BoredApeYachtClub,0xBC4CA0EdA7647A8aB7C2061c2E118A18a936f13D,655,0x0000db5c8b030ae20308ac975898e09741e70000,0x2d66b7ea0c89158d7274aef1019423d968f7864f,0.0,blur,18716039,1701730004,0x05f6f04b60d8ad3e9ac7abe4b66e666d8fd6b4702f3e051f382abef7d4ab3bb3
BoredApeYachtClub,0xBC4CA0EdA7647A8aB7C2061c2E118A18a936f13D,2579,0xcb415344cd0fc552ce7b48ee9375991ff5865895,0xad331bfb67d00c1601175819acf0d74c6c23f93c,31.42,seaport,18714627,1701712904,0xe883d885df8214b399b40291527696751130093a189be286d0a7a7f4c324698b
BoredApeYachtClub,0xBC4CA0EdA7647A8aB7C2061c2E118A18a936f13D,5663,0xedc6f6424056c2482886d429e9fe593df75a4016,0x19c79a0c102a74d7bd317b4e51c229ea81769075,32.5,seaport,18713165,1701695198,0xc738ebac8c453bab7cd80606d4969ab414c08d58955831f716f853016a67b8dd
BoredApeYachtClub,0xBC4CA0EdA7647A8aB7C2061c2E118A18a936f13D,1528,0xe1b6cf019ff269c8df7a917a1f180ecbf9c9ed8f,0x36f9d68246329fd3d11d31a9d6947af2ea7de136,39.0,seaport,18713037,1701693648,0x59af79b10a8465394174b79cf9593436cbd15f409fc8539757d3c01524c0591c
BoredApeYachtClub,0xBC4CA0EdA7647A8aB7C2061c2E118A18a936f13D,4004,0x148fee3cf6d6408e8441c343ad88da74458203d1,0xf15c93562bc3944a68e938ef75d2a3360d98ca57,32.41,seaport,18712383,1701685727,0x315fcc0b5b692cf983cff8dbcda356842b695591ae0b421e2d95ec5dd7f9e72b
BoredApeYachtClub,0xBC4CA0EdA7647A8aB7C2061c2E118A18a936f13D,613,0xf4099998b8ec1a5abff44a588665e201b91f57f2,0x681a8d5212855d6953ba425f8d6e94cccaf26d5c,35.0,seaport,18706175,1701610543,0x709656e8aae979f70073cf51dfc142c04cb9b483b784e74476f4db49bedb1f78
BoredApeYachtClub,0xBC4CA0EdA7647A8aB7C2061c2E118A18a936f13D,2323,0x80ac8b749a57d8ef514ec8f88059ed40d58c3767,0x2e7573445b46a305f6b80f86ba56e788b2db7e68,31.5,seaport,18705962,1701607964,0x400e547a40a8315e5dddd76cda31f25e4f04fbc6a2ee6f10a42a438ba3b4661d
BoredApeYachtClub,0xBC4CA0EdA7647A8aB7C2061c2E118A18a936f13D,1889,0xf15c93562bc3944a68e938ef75d2a3360d98ca57,0x2e7573445b46a305f6b80f86ba56e788b2db7e68,0.0,seaport,18702530,1701566399,0xd71bba10244462ce6fb9947abb896254fe3bbab61973604f6083fc0a7ebe4a3a
BoredApeYachtClub,0xBC4CA0EdA7647A8aB7C2061c2E118A18a936f13D,1054,0xf49eb4f047ae0fefafa72a0546fb15a9cce125b4,0x2e7573445b46a305f6b80f86ba56e788b2db7e68,30.66,seaport,18701114,1701549250,0xedd4623216353602e911aea8c940496a2312ff10aee7691695a3db0816f8afbd
BoredApeYachtClub,0xBC4CA0EdA7647A8aB7C2061c2E118A18a936f13D,4109,0xb17cf8ef22a650b6de374a14fb1cabda635fdd8b,0xc4d469c1419bd07d7223ab4ecedbfa639bb87233,0.5,seaport,18699302,1701527305,0x348b76441961cd78f2f299a80021c59a45501f50c467b1b7a079027b27dee4e9
BoredApeYachtClub,0xBC4CA0EdA7647A8aB7C2061c2E118A18a936f13D,1551,0xe2a0a79bdc6e61e51a3eae8ed288065fcccf867b,0xe2a0a79bdc6e61e51a3eae8ed288065fcccf867b,28.08,seaport,18696087,1701488370,0x88d61ac67fe34a3029dfeff7212f14b57c8ec306971330f0e6d2bd7771eceb24
BoredApeYachtClub,0xBC4CA0EdA7647A8aB7C2061c2E118A18a936f13D,1551,0x0097b9cfe64455eed479292671a1121f502bc954,0xe2a0a79bdc6e61e51a3eae8ed288065fcccf867b,29.52,seaport,18696087,1701488370,0x88d61ac67fe34a3029dfeff7212f14b57c8ec306971330f0e6d2bd7771eceb24
BoredApeYachtClub,0xBC4CA0EdA7647A8aB7C2061c2E118A18a936f13D,989,0x996044571161533bf51d68fa9a2d3e0b7e62fc93,0x996044571161533bf51d68fa9a2d3e0b7e62fc93,28.226737,seaport,18695929,1701486459,0xd2f026c1bcfa6b3a1c19ca58707e8c6f377c5ae32c31721b05d623800ab27b03
BoredApeYachtClub,0xBC4CA0EdA7647A8aB7C2061c2E118A18a936f13D,989,0x41af51792cdcfab9bdc0239f1d1c274e0b2682ae,0x996044571161533bf51d68fa9a2d3e0b7e62fc93,29.674263,seaport,18695929,1701486459,0xd2f026c1bcfa6b3a1c19ca58707e8c6f377c5ae32c31721b05d623800ab27b03
BoredApeYachtClub,0xBC4CA0EdA7647A8aB7C2061c2E118A18a936f13D,7410,0x34cf7ac942a815ddeddf1319ce91dea69af46dcb,0x0097b9cfe64455eed479292671a1121f502bc954,29.8,x2y2,18686644,1701374142,0x8d6f37a9c472dca11c7c01e79a146c35b5906e59584bbdc043806ab383b8ebc5
BoredApeYachtClub,0xBC4CA0EdA7647A8aB7C2061c2E118A18a936f13D,7410,0xc3acad1b1dde3555283e39b809f40bd32ee19ebd,0xc3acad1b1dde3555283e39b809f40bd32ee19ebd,27.39282,seaport,18686314,1701370150,0xcc78c60c66693337e8f99513a7809852c7087d7039248c5dbdd5aa110f1a9f7e
BoredApeYachtClub,0xBC4CA0EdA7647A8aB7C2061c2E118A18a936f13D,7410,0x0097b9cfe64455eed479292671a1121f502bc954,0xc3acad1b1dde3555283e39b809f40bd32ee19ebd,28.79758,seaport,18686314,1701370150,0xcc78c60c66693337e8f99513a7809852c7087d7039248c5dbdd5aa110f1a9f7e
BoredApeYachtClub,0xBC4CA0EdA7647A8aB7C2061c2E118A18a936f13D,2841,0xc4d504682a0c4a1e739847cd3b0ea6b42cd9646a,0xc4d504682a0c4a1e739847cd3b0ea6b42cd9646a,26.63895,seaport,18685711,1701362856,0x91a8b35265d494b5f3689923a97844b3fdbc508b613bd6a0760e28ab192dedd2
BoredApeYachtClub,0xBC4CA0EdA7647A8aB7C2061c2E118A18a936f13D,2841,0xf15c93562bc3944a68e938ef75d2a3360d98ca57,0xc4d504682a0c4a1e739847cd3b0ea6b42cd9646a,29.44305,seaport,18685711,1701362856,0x91a8b35265d494b5f3689923a97844b3fdbc508b613bd6a0760e28ab192dedd2
BoredApeYachtClub,0xBC4CA0EdA7647A8aB7C2061c2E118A18a936f13D,2130,0xfede5ecbad4a767ad576c7597034a9f5383fdc7b,0x2c2ed4b3876c442fee80bee76ce0ee2ca2a512af,140.0,x2y2,18681921,1701317010,0x6543153df869b08c105453f891251ca0b9828c82e818fa15046d36cbd5a6a425
BoredApeYachtClub,0xBC4CA0EdA7647A8aB7C2061c2E118A18a936f13D,5847,0xfede5ecbad4a767ad576c7597034a9f5383fdc7b,0x179730c6106b450c29e6b22f504be3261207de56,138.0,x2y2,18679776,1701291063,0xb71dd7268e7c54f11ecb61f4c2e56b324425f71769cc7fb0fda49e69aee2bfe0
BoredApeYachtClub,0xBC4CA0EdA7647A8aB7C2061c2E118A18a936f13D,9930,0xcb415344cd0fc552ce7b48ee9375991ff5865895,0xf1bf1c0ac768a90c8a09162ab5d975255855b1c1,30.3,x2y2,18675969,1701245011,0xa5846d82e9e08417e00eb2468b4b589b67b280edb783a0fb90628f4d0e18c6d5
BoredApeYachtClub,0xBC4CA0EdA7647A8aB7C2061c2E118A18a936f13D,2876,0x0f8bd7b597c655869e58b9c1bcfa4ddfe590259d,0x1e04bfb945dfa23ed8bdea67947ca0d7b5fff75d,0.5,seaport,18673769,1701218399,0x3b4f8dfb4e935cc249a2fe6eabc0753614c4d0a0987c5805efa9a33e5cbc0196
BoredApeYachtClub,0xBC4CA0EdA7647A8aB7C2061c2E118A18a936f13D,1072,0x9ef962826e0be862e25a337c58dcf0917b904a58,0x9ef962826e0be862e25a337c58dcf0917b904a58,28.7625,seaport,18673419,1701214165,0x0dc5726db7c2bfa7bd1287a5c6b6356dbbaad4f109083b97ad8c5fc583c9bdd9
BoredApeYachtClub,0xBC4CA0EdA7647A8aB7C2061c2E118A18a936f13D,1072,0x0f8bd7b597c655869e58b9c1bcfa4ddfe590259d,0x9ef962826e0be862e25a337c58dcf0917b904a58,30.2375,seaport,18673419,1701214165,0x0dc5726db7c2bfa7bd1287a5c6b6356dbbaad4f109083b97ad8c5fc583c9bdd9
BoredApeYachtClub,0xBC4CA0EdA7647A8aB7C2061c2E118A18a936f13D,8599,0x2c2ed4b3876c442fee80bee76ce0ee2ca2a512af,0x8b9acd4be3a852571ec71293348e3c7bb1d70b02,30.25,x2y2,18673251,1701212133,0x92daa4f92beb9d877e7129d0bfeef6525dcc4b6578e1424beba53c02291a8f0b
BoredApeYachtClub,0xBC4CA0EdA7647A8aB7C2061c2E118A18a936f13D,2078,0xc81e0629ea05897326f227c4b42dd9d72e5a2a5d,0x3424cd7d170949636c300e62674a3dfb7706fc35,0.0,seaport,18670537,1701179303,0x717c5836db1e7120b0ffa1aab5b63cdb8707c8f7ecea5f26aac7b574767af17c
BoredApeYachtClub,0xBC4CA0EdA7647A8aB7C2061c2E118A18a936f13D,1744,0xc13f537b7880b80e3bacefcf8c23d1831a29c38f,0x8b9acd4be3a852571ec71293348e3c7bb1d70b02,29.99,seaport,18668157,1701150513,0x13986a6c0d949039e28e78f51da8c9590844ef7f5994d28489e6a18e41d80a41
BoredApeYachtClub,0xBC4CA0EdA7647A8aB7C2061c2E118A18a936f13D,2323,0x3d28e511c10a51bd45dc57a438d411c627802f89,0x3d28e511c10a51bd45dc57a438d411c627802f89,28.16085,seaport,18664729,1701109046,0x2ccc12e8b3866ebd5058cdc816aa5b906ea891a4905d90c7b47ec1c26a5616d2
BoredApeYachtClub,0xBC4CA0EdA7647A8aB7C2061c2E118A18a936f13D,2323,0xf15c93562bc3944a68e938ef75d2a3360d98ca57,0x3d28e511c10a51bd45dc57a438d411c627802f89,31.12515,seaport,18664729,1701109046,0x2ccc12e8b3866ebd5058cdc816aa5b906ea891a4905d90c7b47ec1c26a5616d2
BoredApeYachtClub,0xBC4CA0EdA7647A8aB7C2061c2E118A18a936f13D,4533,0xc1710053e48ce4fa1d7e39a0388fdbd297b40db8,0x1e04bfb945dfa23ed8bdea67947ca0d7b5fff75d,32.5,x2y2,18663624,1701095680,0x087123fa967dd090b87cb7b4d6cb9924e0ae92c93346c697af2545dd8d7b8d59
BoredApeYachtClub,0xBC4CA0EdA7647A8aB7C2061c2E118A18a936f13D,2837,0x01afa08645f62e8492f05ec78c87d7116939b0d8,0xcb415344cd0fc552ce7b48ee9375991ff5865895,30.88,seaport,18661244,1701066890,0x5d08657745b78c65510ba0e41aed0bda5b7df81abcd13f0f3ef114c32fabd7b0
BoredApeYachtClub,0xBC4CA0EdA7647A8aB7C2061c2E118A18a936f13D,3458,0x388aa8f5ee2d5dd914634e003ab230bd46233e95,0x59a851891e2f0a1ea91351b042dd75b10af095d0,30.8,x2y2,18660032,1701052229,0x437f07acc9033a79c4c9943541e1532b08026f87e9bcea6744cf796696343d11
BoredApeYachtClub,0xBC4CA0EdA7647A8aB7C2061c2E118A18a936f13D,4069,0x4341f1bdd076760013ffc1aeff9fcf1c2c815fab,0x248230127f082f54952ca5b46553bd86fa185f14,47.0,x2y2,18659285,1701043193,0xc47a2f4ed912926e73eeb4dc19116cab813e5ea53323c95fc2de6d7b4dd58631
BoredApeYachtClub,0xBC4CA0EdA7647A8aB7C2061c2E118A18a936f13D,8206,0xf011f97d87ba4ac949c940a84b12e276e13f0529,0xf15c93562bc3944a68e938ef75d2a3360d98ca57,30.5,seaport,18659231,1701042539,0x9b21b62fb62666cef47ed56e0218fb4b78388292d1ef81aeee5cd773a2d00f58
BoredApeYachtClub,0xBC4CA0EdA7647A8aB7C2061c2E118A18a936f13D,5778,0x33c1feffbf7217d7b2244dc9051f04c497a04a02,0x33c1feffbf7217d7b2244dc9051f04c497a04a02,29.445,seaport,18657644,1701023342,0xe4a8525697ed3d6f4710bb99ed52fc07559b586ae3b000618754541a047c3291
BoredApeYachtClub,0xBC4CA0EdA7647A8aB7C2061c2E118A18a936f13D,5778,0x8b9acd4be3a852571ec71293348e3c7bb1d70b02,0x33c1feffbf7217d7b2244dc9051f04c497a04a02,30.955,seaport,18657644,1701023342,0xe4a8525697ed3d6f4710bb99ed52fc07559b586ae3b000618754541a047c3291
BoredApeYachtClub,0xBC4CA0EdA7647A8aB7C2061c2E118A18a936f13D,8435,0xbcd21dd8200c02332f677b8a3684ce082f879d11,0x65249532663d15a76007688a8bfa1b109973ad41,3.55,seaport,18655464,1700996972,0x6d41f855b19ecd5c5fe44d9e6d978601cf39eb7ba2e4298286ec815efb0d0c54
BoredApeYachtClub,0xBC4CA0EdA7647A8aB7C2061c2E118A18a936f13D,7582,0x441c5d77fb66c185235844a1036e02b8c425d7e3,0x4341f1bdd076760013ffc1aeff9fcf1c2c815fab,40.0,seaport,18655111,1700992702,0xecca58693d103628085090bf9fc2cf17e03adae4e9db34f128b4a7ae9427f4cc
BoredApeYachtClub,0xBC4CA0EdA7647A8aB7C2061c2E118A18a936f13D,2010,0x5eca53f6aa3910628d7e8b30c0e35adff6cc0b9c,0x5eca53f6aa3910628d7e8b30c0e35adff6cc0b9c,29.39625,seaport,18654735,1700988153,0xc29a975fc52fe40f284b912c6a233c64446c4925d6efe9cd5bfbdef5b83a3d0a
BoredApeYachtClub,0xBC4CA0EdA7647A8aB7C2061c2E118A18a936f13D,2010,0x0097b9cfe64455eed479292671a1121f502bc954,0x5eca53f6aa3910628d7e8b30c0e35adff6cc0b9c,30.90375,seaport,18654735,1700988153,0xc29a975fc52fe40f284b912c6a233c64446c4925d6efe9cd5bfbdef5b83a3d0a
BoredApeYachtClub,0xBC4CA0EdA7647A8aB7C2061c2E118A18a936f13D,9605,0x81269781e647eb0843dc3a8febc55a38ce69b4eb,0xcb415344cd0fc552ce7b48ee9375991ff5865895,30.7,x2y2,18653302,1700970819,0x8d1cb824d423ed7f3c4532784116d27084f89b62bfe434b6e3a44c400ff8f6c1
BoredApeYachtClub,0xBC4CA0EdA7647A8aB7C2061c2E118A18a936f13D,6435,0xc42590551efb807dc30d18aae557b5504b018754,0xd08fad95846465203d76807cc50555b7323ff517,49.0,x2y2,18653295,1700970734,0x45059bfca05e96e7ad093afc59fe9f384dd7b187c9b9aa86a9ecaa8bbc3bad0d
BoredApeYachtClub,0xBC4CA0EdA7647A8aB7C2061c2E118A18a936f13D,4389,0x2c2ed4b3876c442fee80bee76ce0ee2ca2a512af,0xcb415344cd0fc552ce7b48ee9375991ff5865895,6.5,seaport,18653081,1700968146,0xabf4c0295fc1ee02b0948c12f29126734bcdb048e490107b5340ecd36c9255c6
BoredApeYachtClub,0xBC4CA0EdA7647A8aB7C2061c2E118A18a936f13D,1824,0x441c5d77fb66c185235844a1036e02b8c425d7e3,0x242559cceece552cc790bd3f2f9d890921ed6125,23.1,seaport,18651706,1700951513,0x837040d323bf3a7e4719a19041fc55d5fe616eb02ada7a4672ea598809eb08a7
BoredApeYachtClub,0xBC4CA0EdA7647A8aB7C2061c2E118A18a936f13D,8508,0xfef05f6fa3a5f6463902e8f6325f4d633b4c0218,0x22154ec3f542483b2c35d67cb5e75a905338c259,32.25,x2y2,18651445,1700948356,0x5be8c9cecc357eed9b5d932d5ad1d6c16ed6383eaf0fafcab43e6a6d10a7ac12
BoredApeYachtClub,0xBC4CA0EdA7647A8aB7C2061c2E118A18a936f13D,7582,0x4341f1bdd076760013ffc1aeff9fcf1c2c815fab,0x81269781e647eb0843dc3a8febc55a38ce69b4eb,37.0,x2y2,18650714,1700939513,0x0916f6a7bdb4ab18ab5edf3e92ebf097f785e5083e4ccebd2d4022bf0a8f4d72
BoredApeYachtClub,0xBC4CA0EdA7647A8aB7C2061c2E118A18a936f13D,4389,0xcb415344cd0fc552ce7b48ee9375991ff5865895,0x2307be8a887581834de6242b8ab31b2a16adb967,35.0,x2y2,18647623,1700902123,0x923e764cf6fc863e1e044f0af43410df5374393414ccf194ce0abde486bb083e
BoredApeYachtClub,0xBC4CA0EdA7647A8aB7C2061c2E118A18a936f13D,8096,0x11c5a5464437898cbc5eb86869b2812443da7075,0x6a1c25a33c4e1f844af37324271de384508189f7,29.5,seaport,18644502,1700864369,0xf023d5b01132d6b267c24c37ad1aa610b58e1ec150381f069fd895d8f75d2cbc
BoredApeYachtClub,0xBC4CA0EdA7647A8aB7C2061c2E118A18a936f13D,9528,0x17d7a5754304ffc13c82ebee0aa1cd3b21cc5069,0x17d7a5754304ffc13c82ebee0aa1cd3b21cc5069,28.32219,seaport,18642283,1700837527,0x6f880e2c51825ccd82785e3cd7f209caa968df44e21dac8e7eaa7430fdead55e
BoredApeYachtClub,0xBC4CA0EdA7647A8aB7C2061c2E118A18a936f13D,9528,0x41af51792cdcfab9bdc0239f1d1c274e0b2682ae,0x17d7a5754304ffc13c82ebee0aa1cd3b21cc5069,29.77461,seaport,18642283,1700837527,0x6f880e2c51825ccd82785e3cd7f209caa968df44e21dac8e7eaa7430fdead55e
BoredApeYachtClub,0xBC4CA0EdA7647A8aB7C2061c2E118A18a936f13D,7251,0xffbd08371fae1e00e28be21d7a274790ba2dbaf6,0x8b9acd4be3a852571ec71293348e3c7bb1d70b02,29.36,seaport,18641996,1700834055,0xff9a0634e0139a55a543c287f15078a31897039119b23a7f49cdb7d668e3a8a2
BoredApeYachtClub,0xBC4CA0EdA7647A8aB7C2061c2E118A18a936f13D,7299,0xb06114b9997a4a16a078c4107d8eba74a869be4e,0xcd906717bd1811cd1e2104d6343df9360bc6f5a3,30.0,seaport,18641704,1700830523,0xf7989e26a4e38ff67d596d4838ca9c956397685666db473d7064941ad6f392e8
BoredApeYachtClub,0xBC4CA0EdA7647A8aB7C2061c2E118A18a936f13D,2673,0x8639eb2f2e9db036b57ff1eaf4643cedaf2e0f65,0x0f732cd6a97330f7c5fb4f41199f1bf1229ed179,30.69,seaport,18640966,1700821596,0x1d65cc66ce0010119bff3c92b954b36f10d27aec1d6d80ae84addc06abf35cd5
BoredApeYachtClub,0xBC4CA0EdA7647A8aB7C2061c2E118A18a936f13D,9528,0x17d7a5754304ffc13c82ebee0aa1cd3b21cc5069,0x33240aa1f6a7b558429cf34f7d88a2834ce8c89f,5.0,seaport,18639976,1700809620,0x1bcfdff7055d8f0ae70bfffbc28f4fd201d85e1a33848d545f1bd58542808f3d
BoredApeYachtClub,0xBC4CA0EdA7647A8aB7C2061c2E118A18a936f13D,7165,0x388aa8f5ee2d5dd914634e003ab230bd46233e95,0xef778c139cfc1fbdc17b7a59eda2f282f5719f69,29.29,seaport,18639169,1700799858,0xcc30cc1abe2a4c3cb9abdca48ee176da397665829e7937177cf29ce5381b9070
BoredApeYachtClub,0xBC4CA0EdA7647A8aB7C2061c2E118A18a936f13D,1508,0xeab974fae1582aa8707586b836c7b6313c47992f,0x3bca87d51dea28d26d6cb401bf027e1317448a64,45.0,x2y2,18637646,1700781435,0x3746cdd6f9a8d5dae8847f62100a531a94dba6d90df9e73debcd38ab16582b03
BoredApeYachtClub,0xBC4CA0EdA7647A8aB7C2061c2E118A18a936f13D,3553,0x6d0267156f1c6ce44caa4bf129b76009d3d41830,0x2e7573445b46a305f6b80f86ba56e788b2db7e68,32.0,seaport,18635946,1700760871,0xf3600b1c09b43550973acc50e1c0ee0f5d884b85bcd1c20ea6749cf15924a1c0
BoredApeYachtClub,0xBC4CA0EdA7647A8aB7C2061c2E118A18a936f13D,3033,0x128086fb203c4e29af7878d157520abc4cf65da3,0x5f5817ce3b422d8fc90d27f0440c01486303dc5c,30.33,x2y2,18635528,1700755815,0xe26c37c3cfa66d31116b333c3cac7ffc8b9e665e663f53c92bd3669b02be40f0
BoredApeYachtClub,0xBC4CA0EdA7647A8aB7C2061c2E118A18a936f13D,5013,0xf8e2ead493aa69f5d178ad8b45919a29dbbfd3ae,0x36f9d68246329fd3d11d31a9d6947af2ea7de136,30.0,seaport,18632607,1700720481,0xe3531b6a323290277bbe289f3cb8fecbb3220fca72ba3d24da71851360a22ee7
BoredApeYachtClub,0xBC4CA0EdA7647A8aB7C2061c2E118A18a936f13D,6948,0x7e35fe41789a6bc7668b8c5a44928b29ed7f41e2,0x0e73d837b29ac157d072c946ad65d3fa9a5750ba,30.69,x2y2,18631806,1700710792,0x31d0d3b3abb11e2beec625045becfe4973a9d1a390669202218f377d56ba5b52
BoredApeYachtClub,0xBC4CA0EdA7647A8aB7C2061c2E118A18a936f13D,8481,0xa7631836db2e3ec13cb2e7cfbc687c168dbed336,0x30e926d4a4d3272171c5da4879d409174b360857,27.5,seaport,18631092,1700702155,0x07b53762cc798081bdbdfdedb7586635965bf3feeb0ca5251b15f99b16b10754
BoredApeYachtClub,0xBC4CA0EdA7647A8aB7C2061c2E118A18a936f13D,4533,0xa4fb0e1f6ad0a87a3ec2427ca3a944c42d19d1ca,0xbc4c2aeb7f520c1a834795d45c60a66e135f4b31,28.0,seaport,18628928,1700675978,0xaba208b7ba7fb64ac5fd73e6a62433d193561a337025999bf9393874f952e3de
BoredApeYachtClub,0xBC4CA0EdA7647A8aB7C2061c2E118A18a936f13D,4238,0xc8f206bff752bc3adc491f5f5c6ec063a7e381ec,0xfb14fcfe90db46abb847eb9a961f0e6a2d46611a,55.55,seaport,18628583,1700671804,0xb674c7d903ae6b93e9c3120ae5995a3610200ad5cb181108e93830d36040efc9
BoredApeYachtClub,0xBC4CA0EdA7647A8aB7C2061c2E118A18a936f13D,6377,0xca39a299230a96a89dc74f47a682ba88cca7b79c,0x8b9acd4be3a852571ec71293348e3c7bb1d70b02,26.89,seaport,18626864,1700651010,0x70061fb22ed921b6f0328e90571d4f08aab0906d803618f7e3da7ebd1d66c92b
BoredApeYachtClub,0xBC4CA0EdA7647A8aB7C2061c2E118A18a936f13D,981,0x25bdfc6f2792ef6123695a159905542af3ac4b37,0x6d0267156f1c6ce44caa4bf129b76009d3d41830,44.0,x2y2,18625292,1700631995,0x2610388371d6d10df943528b09d87152ed0ae6cc9907a6324854f998c9184ffd
BoredApeYachtClub,0xBC4CA0EdA7647A8aB7C2061c2E118A18a936f13D,8251,0xf5a0ba5d66f9c9730bc61594fd229225398deb64,0x7cf53d109076301cb4c4b36c05887ac77c32cea4,26.5,seaport,18623864,1700614721,0x446cb2f649e15e9d4ae0f8cdeb61028536105daa375e8b10ced3d64fe10e5e86
BoredApeYachtClub,0xBC4CA0EdA7647A8aB7C2061c2E118A18a936f13D,7607,0x8e02c045c6690749393e9c3b8fd6befa651cb718,0x8e02c045c6690749393e9c3b8fd6befa651cb718,25.223835,seaport,18622042,1700592681,0xbbf3c4a0a04b89546fb0e1e0db8051f84bec9e52c3209f298ba8840662433fd5
BoredApeYachtClub,0xBC4CA0EdA7647A8aB7C2061c2E118A18a936f13D,7607,0x0097b9cfe64455eed479292671a1121f502bc954,0x8e02c045c6690749393e9c3b8fd6befa651cb718,26.517365,seaport,18622042,1700592681,0xbbf3c4a0a04b89546fb0e1e0db8051f84bec9e52c3209f298ba8840662433fd5
BoredApeYachtClub,0xBC4CA0EdA7647A8aB7C2061c2E118A18a936f13D,6452,0xb7ef760f30d139097ba547bd6f0dfaecbf148452,0x7cf53d109076301cb4c4b36c05887ac77c32cea4,28.5,seaport,18615876,1700518094,0x03d084b9a21fa1415b7b698c1287a7fcacce595562a8b01687ecd18f0d2b72c3
BoredApeYachtClub,0xBC4CA0EdA7647A8aB7C2061c2E118A18a936f13D,2118,0x9f195fc8c58695ca1c34c9f29d52c950a6b2418f,0xa4fb0e1f6ad0a87a3ec2427ca3a944c42d19d1ca,32.75,x2y2,18615088,1700508561,0xba5b2992b1183064f1f9b3b6fef0620798992fa6f57c1e03f9e9f5daab723226
BoredApeYachtClub,0xBC4CA0EdA7647A8aB7C2061c2E118A18a936f13D,1906,0x01afa08645f62e8492f05ec78c87d7116939b0d8,0xd8b9c8951dd24019ee4e0d5902ac18530f3f7b21,29.338,seaport,18612497,1700477219,0x01de983492e6c5cb5703e4ff88f75d8d1b810b480f68409ad51659013bd0042c
BoredApeYachtClub,0xBC4CA0EdA7647A8aB7C2061c2E118A18a936f13D,2440,0x947ff1d931db1035282cbd45bbc7aa6b6a7825aa,0x0097b9cfe64455eed479292671a1121f502bc954,27.999956,x2y2,18611118,1700460538,0xf4fe986e675fd4aae65f929d0fd65e98d97225926abe705a55c8abbbce843de4
BoredApeYachtClub,0xBC4CA0EdA7647A8aB7C2061c2E118A18a936f13D,6533,0xbf37e6ef3d1877b850683482fc265b9c644c654b,0xbf37e6ef3d1877b850683482fc265b9c644c654b,27.495,seaport,18608706,1700431361,0x59e14dacb54f3f957c9c73dd2751530a5482f7cebc03c7d461f2aef8303e9801
BoredApeYachtClub,0xBC4CA0EdA7647A8aB7C2061c2E118A18a936f13D,6533,0xa4fb0e1f6ad0a87a3ec2427ca3a944c42d19d1ca,0xbf37e6ef3d1877b850683482fc265b9c644c654b,28.905,seaport,18608706,1700431361,0x59e14dacb54f3f957c9c73dd2751530a5482f7cebc03c7d461f2aef8303e9801
BoredApeYachtClub,0xBC4CA0EdA7647A8aB7C2061c2E118A18a936f13D,2758,0xe25e6d365ae3a86ef0b28cc8c943b1b518780d7b,0x0f8bd7b597c655869e58b9c1bcfa4ddfe590259d,38.5,seaport,18607243,1700413664,0x3f3f5745208c6727954f5a6951ec58ff8064a08aa16b56d58416bd83a2d3e716
BoredApeYachtClub,0xBC4CA0EdA7647A8aB7C2061c2E118A18a936f13D,554,0x07557f6138ed55485d82d64eea175043e4f2bbb4,0x2e7573445b46a305f6b80f86ba56e788b2db7e68,0.25,seaport,18605891,1700397310,0x25c4c61919c03648875a06ef23e250957625f201176be9aabf60fb57ce5da2ba
BoredApeYachtClub,0xBC4CA0EdA7647A8aB7C2061c2E118A18a936f13D,1246,0xa4fb0e1f6ad0a87a3ec2427ca3a944c42d19d1ca,0x9963c58d36cf34e81068925c8f862d6c2fada0b8,46.0,x2y2,18605031,1700386907,0xa8aef0e2a4d205f7185e6b9288a3bb715bca6dc8cabbac2f10ddf0e009a21a11
BoredApeYachtClub,0xBC4CA0EdA7647A8aB7C2061c2E118A18a936f13D,2543,0x776a04f108001252e88a09e2c77726299644edce,0x43abb86231de37f2b363b3155fccbb15a0327346,33.0,seaport,18599127,1700315536,0x8154dd90873386a97a3a0c178fc4bb36b842edae983ac5590306ee1f6db107e5
BoredApeYachtClub,0xBC4CA0EdA7647A8aB7C2061c2E118A18a936f13D,4305,0xcb415344cd0fc552ce7b48ee9375991ff5865895,0x5e7e8060da508b3daf3600a543da99ebf97bdb63,41.0,x2y2,18599046,1700314556,0xe20b4ef5681c24e1474a48310428dfb65fe41020a88f275fbbaf5132daf51a44
BoredApeYachtClub,0xBC4CA0EdA7647A8aB7C2061c2E118A18a936f13D,9968,0x2f97d7b5352cd52b507db7842be9abb571c9f6ab,0x07557f6138ed55485d82d64eea175043e4f2bbb4,1.85,seaport,18598710,1700310495,0x4178e1f9abef81f591969379e4325fdf83eaa49c63f4a4d6cc19cbae8bae9cc5
BoredApeYachtClub,0xBC4CA0EdA7647A8aB7C2061c2E118A18a936f13D,1032,0xc1710053e48ce4fa1d7e39a0388fdbd297b40db8,0x6bee7c98ca5a1e42ec5f8b2fb9c09442a192ac1b,29.0,x2y2,18596761,1700286934,0xd8e363d671f85b2f17b8a8c982ff014a5962390423afa607ac07f89c2801bb00
BoredApeYachtClub,0xBC4CA0EdA7647A8aB7C2061c2E118A18a936f13D,978,0x4fbec4a8400843f2a88612ee188ce8150589cb12,0x2c2ed4b3876c442fee80bee76ce0ee2ca2a512af,37.69,seaport,18596646,1700285544,0x9f8e0004dd50773c14da3d7475c488adb890eb348f777fdd7c46adfb976c3488
BoredApeYachtClub,0xBC4CA0EdA7647A8aB7C2061c2E118A18a936f13D,9575,0xe0fa77eb3877c0606a2972d0a7980b934e8a313c,0x1e30f1bf8559090ab5a6b219efd98f8c275b2715,33.0,seaport,18595139,1700267326,0xa27650933afc5ada313c7e2da6c126bda7ce2336aefc2cb6870a4c614839e9b6
BoredApeYachtClub,0xBC4CA0EdA7647A8aB7C2061c2E118A18a936f13D,6531,0xd64e1f3a2df4c153f26e7cb79e42673df385d239,0x2e7573445b46a305f6b80f86ba56e788b2db7e68,0.9,seaport,18593062,1700242218,0xcb11e45309e6a745e9d4d270c2aabea3b720990ccb192f0791ad84636748bf4a
BoredApeYachtClub,0xBC4CA0EdA7647A8aB7C2061c2E118A18a936f13D,872,0x441c5d77fb66c185235844a1036e02b8c425d7e3,0x4341f1bdd076760013ffc1aeff9fcf1c2c815fab,42.0,seaport,18592736,1700238278,0x09f9fd02f9a93f4d301fb4274428d3cca9ae80a5047017f91641583a1734dbec
BoredApeYachtClub,0xBC4CA0EdA7647A8aB7C2061c2E118A18a936f13D,5043,0x8eb92a6b29d560d1953c885b9b9ed6da77132d49,0x128086fb203c4e29af7878d157520abc4cf65da3,35.5,x2y2,18589071,1700193973,0x94b7fc17a84218b0c7d4eefcd0227b47e4d91e29d591058bfd5df54e3b2cd64a
BoredApeYachtClub,0xBC4CA0EdA7647A8aB7C2061c2E118A18a936f13D,4193,0x80235a6ed349bd3318181a1c3f50b44014ec7e4f,0xcb415344cd0fc552ce7b48ee9375991ff5865895,33.2,seaport,18584383,1700137302,0xba76d67427e4d4ef061a7f022628da7ee2fcbc28aa468e9101116ad62fef5d8c
BoredApeYachtClub,0xBC4CA0EdA7647A8aB7C2061c2E118A18a936f13D,4068,0x88a589bdfe639a24808124531737f2f9d6ec7ad0,0x3e51ea678942245457eb62917cc3daa0bad8bc2e,40.69,seaport,18583401,1700125431,0xaf4ee19fd219fcbd2b969368b8032df88d239e8aec97837f2c8cf77ffc3b9a5f
BoredApeYachtClub,0xBC4CA0EdA7647A8aB7C2061c2E118A18a936f13D,1054,0xd9d7046933bd3d0a3e869959ef95e4c41522c1bf,0x5e525f13ebec9a839e7a5d69a901c726110ef179,31.0,x2y2,18578642,1700067901,0x04dbf3f0f7f4a95ed0082f36f5158590c21bce9d8aa2eb67c9c2f9c5810eec2b
BoredApeYachtClub,0xBC4CA0EdA7647A8aB7C2061c2E118A18a936f13D,2874,0x3c2421d0f429c2788712053b178f03363be68e6b,0x3c2421d0f429c2788712053b178f03363be68e6b,28.665,seaport,18577834,1700058134,0x25553ae979730d016f5157ba5a956757a3133366e63357db5f26e86ff57688ec
BoredApeYachtClub,0xBC4CA0EdA7647A8aB7C2061c2E118A18a936f13D,2874,0xb74f8069bbcc605292dbb93e55818690ab5bd00b,0x3c2421d0f429c2788712053b178f03363be68e6b,30.135,seaport,18577834,1700058134,0x25553ae979730d016f5157ba5a956757a3133366e63357db5f26e86ff57688ec
BoredApeYachtClub,0xBC4CA0EdA7647A8aB7C2061c2E118A18a936f13D,802,0xb74f8069bbcc605292dbb93e55818690ab5bd00b,0x3c2421d0f429c2788712053b178f03363be68e6b,30.694,seaport,18577829,1700058073,0x1f0a30037e62405530b7f3d501ae55446f91594e58b8cbae58064435221f501a
BoredApeYachtClub,0xBC4CA0EdA7647A8aB7C2061c2E118A18a936f13D,9406,0xd77d9d54fe41774f12188ef8132058646c7ed079,0x0097b9cfe64455eed479292671a1121f502bc954,29.989,seaport,18577487,1700053939,0xcdf173e38a099f878ead9e549af1e0ccc058a04ea5b9db027b2a4ce41cd53aa1
BoredApeYachtClub,0xBC4CA0EdA7647A8aB7C2061c2E118A18a936f13D,8669,0xb963ea0cc289a06459a2b7b53b16ce6dc3112b1e,0x7c1958ba95ab3170f6069dadf4de304b0c00000c,31.98,seaport,18576585,1700043035,0x22c3aaa29ab837a38939ed1443100aa7aaa56e25338a86bc8c822eda5fbc6b84
BoredApeYachtClub,0xBC4CA0EdA7647A8aB7C2061c2E118A18a936f13D,5005,0xffbd08371fae1e00e28be21d7a274790ba2dbaf6,0xcafba4ca4a4886ae0938cc8ef91b605db9e4bf08,29.8985,seaport,18576418,1700041016,0x062837a87b35600604d8c605987367a3d354dad288307c13bbb9cbed073ec2bd
BoredApeYachtClub,0xBC4CA0EdA7647A8aB7C2061c2E118A18a936f13D,5409,0xffbd08371fae1e00e28be21d7a274790ba2dbaf6,0xf15c93562bc3944a68e938ef75d2a3360d98ca57,29.8984,seaport,18576415,1700040980,0x2fc0f2d8c785d72213cc58311042c75a7fda3c97ad95435484d508359dbdde6d
BoredApeYachtClub,0xBC4CA0EdA7647A8aB7C2061c2E118A18a936f13D,3478,0x2f97d7b5352cd52b507db7842be9abb571c9f6ab,0xbf2570ccf0ee6778f4133ea547ded7fde980bde3,32.8,seaport,18575665,1700031914,0x17f929a5b135a33531974fc6d3e744ad9a2c90f8a8bf2d27e32a52d77cdfcdf0
BoredApeYachtClub,0xBC4CA0EdA7647A8aB7C2061c2E118A18a936f13D,2504,0x77c3e1d2b389e445cfa957c9f1e025636d1163a1,0xfef05f6fa3a5f6463902e8f6325f4d633b4c0218,31.7,seaport,18575244,1700026824,0x3291a133461b903b187c4aae2f812e7087c271ca5453169f060cc2eed6239e95
BoredApeYachtClub,0xBC4CA0EdA7647A8aB7C2061c2E118A18a936f13D,4225,0x6e3e58357526bb85b220a12708b1019b539c5b96,0x6e3e58357526bb85b220a12708b1019b539c5b96,28.28826,seaport,18574507,1700017915,0xda255ba85d1a500a09df1d36913212731a99242aa8186fbcbc117c22c6fa43ed
BoredApeYachtClub,0xBC4CA0EdA7647A8aB7C2061c2E118A18a936f13D,4225,0x0097b9cfe64455eed479292671a1121f502bc954,0x6e3e58357526bb85b220a12708b1019b539c5b96,29.73894,seaport,18574507,1700017915,0xda255ba85d1a500a09df1d36913212731a99242aa8186fbcbc117c22c6fa43ed
BoredApeYachtClub,0xBC4CA0EdA7647A8aB7C2061c2E118A18a936f13D,3400,0x7d0f1c7ee03a768ead115098203ba94a9c06bd80,0x4816fde32c01e1aa7fd3728abb2feab5d21d1a1e,34.0,seaport,18574029,1700012137,0xe6cb1cff6d4025419656d3df19771e3e70b788ee9dce7435d2844ccbaf8a5f6a
BoredApeYachtClub,0xBC4CA0EdA7647A8aB7C2061c2E118A18a936f13D,840,0xf52393e120f918ffba50410b90a29b1f8250c879,0xf52393e120f918ffba50410b90a29b1f8250c879,34.125,seaport,18572686,1699995902,0x056689e3837773ccd7d46deed20718fc8388f1811981ad8b9f423cbfd3830797
BoredApeYachtClub,0xBC4CA0EdA7647A8aB7C2061c2E118A18a936f13D,840,0x87d411bb593218f43b1c76278769a0f5d1b740f4,0xf52393e120f918ffba50410b90a29b1f8250c879,35.875,seaport,18572686,1699995902,0x056689e3837773ccd7d46deed20718fc8388f1811981ad8b9f423cbfd3830797
BoredApeYachtClub,0xBC4CA0EdA7647A8aB7C2061c2E118A18a936f13D,938,0x024c7cb048bb1e635319fa63e44585414c1ea635,0x805076bb8b11466ae76cfd2d4b67bcb69f449070,69.0,x2y2,18571869,1699986026,0xf9f85f2d0f75228934054ee4c45bb7e362c5904a751596c00b9e7e66f65cb4e8
BoredApeYachtClub,0xBC4CA0EdA7647A8aB7C2061c2E118A18a936f13D,2150,0x859395156baebfc08e979722dfc84549f3df5112,0xf15c93562bc3944a68e938ef75d2a3360d98ca57,30.098,seaport,18570910,1699974433,0x1370cb346a1e0d0729f715fef7034316b5f3457fc660df79768d5586d30ef877
BoredApeYachtClub,0xBC4CA0EdA7647A8aB7C2061c2E118A18a936f13D,978,0x2c2ed4b3876c442fee80bee76ce0ee2ca2a512af,0x8b9acd4be3a852571ec71293348e3c7bb1d70b02,33.5,x2y2,18564972,1699902651,0x6d559d7edbf2df844bd8891cbc8df937126e5d22d6a22de5a580fc1e64609f0c
BoredApeYachtClub,0xBC4CA0EdA7647A8aB7C2061c2E118A18a936f13D,8954,0x2c2ed4b3876c442fee80bee76ce0ee2ca2a512af,0xd8b9c8951dd24019ee4e0d5902ac18530f3f7b21,32.3,x2y2,18564969,1699902614,0x31a39737d6efbccd5d236f6e0519490d368bd3086886508e548509089931fdde
BoredApeYachtClub,0xBC4CA0EdA7647A8aB7C2061c2E118A18a936f13D,7601,0x103304a208ad7e23ef5ce3e6e43f66579578bc81,0x7c1958ba95ab3170f6069dadf4de304b0c00000c,33.76,seaport,18562075,1699867630,0x4112040247ad7d7927acde8e2640908e653d11a80863fd467f57fbd816637bbe
BoredApeYachtClub,0xBC4CA0EdA7647A8aB7C2061c2E118A18a936f13D,8199,0xdac7503901ed81445b7e24ddaba3bb15372c808c,0x7c1958ba95ab3170f6069dadf4de304b0c00000c,30.14,seaport,18561644,1699862420,0xb4eceba19160412d29ad566dd6daa974cef40b6066db204a7da775d3c0c5b2bb
BoredApeYachtClub,0xBC4CA0EdA7647A8aB7C2061c2E118A18a936f13D,3788,0x64f7eca950d71d8f684f06208e07df77772f6610,0x441c5d77fb66c185235844a1036e02b8c425d7e3,33.69,seaport,18561417,1699859676,0x90cc7640bd1270629b137bec7cd721627a688a608cedd16a984394eb904a35a9
BoredApeYachtClub,0xBC4CA0EdA7647A8aB7C2061c2E118A18a936f13D,7349,0x57e3cf0221e6a15c55ade85f3c314abe0d41fee6,0xbf4fe3a0005c8d903ab5c772b45fb619645860d8,31.9,seaport,18556054,1699794845,0x6a45821c6b1b02b4672da1633b7a74a4d1d206d2e17c9ed9f4b8e70962d12ae7
BoredApeYachtClub,0xBC4CA0EdA7647A8aB7C2061c2E118A18a936f13D,859,0x441c5d77fb66c185235844a1036e02b8c425d7e3,0x4341f1bdd076760013ffc1aeff9fcf1c2c815fab,43.0,seaport,18554676,1699778187,0x080fd92eaa16586b54c4dbdb7361c89b0d17ef14267bf0a2d69a61732c23c633
BoredApeYachtClub,0xBC4CA0EdA7647A8aB7C2061c2E118A18a936f13D,3027,0xf15c93562bc3944a68e938ef75d2a3360d98ca57,0x07557f6138ed55485d82d64eea175043e4f2bbb4,0.65,seaport,18551196,1699736119,0xea44de025be6b121dd78bb9785c1fa73bc934f3606b8dd38c2780701f13c49aa
BoredApeYachtClub,0xBC4CA0EdA7647A8aB7C2061c2E118A18a936f13D,928,0xb6f0f50a084a8fa6c120c3cfa49e873da76d7154,0xd8b9c8951dd24019ee4e0d5902ac18530f3f7b21,32.48,seaport,18551010,1699733870,0xeca7d3959c8fceb7a2a5c95eeae6c154b8ad17f8bed1774851320a66aeb64920
BoredApeYachtClub,0xBC4CA0EdA7647A8aB7C2061c2E118A18a936f13D,7123,0xbd0f764ade4ecc77ab5c9ba64f495db2deb8159e,0x07557f6138ed55485d82d64eea175043e4f2bbb4,2.7,seaport,18549903,1699720488,0x96ee208b004dc68d22370f78e6e6353c9e52585104be8e5f48383fd6865a296f
BoredApeYachtClub,0xBC4CA0EdA7647A8aB7C2061c2E118A18a936f13D,360,0x70286f06f48e3a0299bf71df0b4cd9b077fb4276,0x6d0267156f1c6ce44caa4bf129b76009d3d41830,37.5,x2y2,18549409,1699714516,0x4ca91dd9c1df3d0405cd9b9d6d5c4aab92408aef882c9cae46c63e30b42732b5
BoredApeYachtClub,0xBC4CA0EdA7647A8aB7C2061c2E118A18a936f13D,7606,0x7d514128a2663d832a3e9d9ef6fb35644707cee9,0x30c71678de63eb89478920357560f29813e5bed7,37.0,seaport,18549017,1699709778,0xdbb13596ffb262fd1fa2b69a545f7945595b5827050d50ee4492ad0f4fd17af2
BoredApeYachtClub,0xBC4CA0EdA7647A8aB7C2061c2E118A18a936f13D,2541,0xa02dbb068a11bbce034d46010e611dadf6241692,0xb7fe14738b6952a63d6b47244d16ec5add29033e,32.0,seaport,18548518,1699703746,0xd0e9fe03736f8c46420132f4b94fc6d304f7b7d6f40cb3805a4b37342579fd90
BoredApeYachtClub,0xBC4CA0EdA7647A8aB7C2061c2E118A18a936f13D,6518,0x061ce8fa4b840afd7097983bbe6af5b036a13e9c,0xb82843f9f8f94f148e2f52bd856a61da2b4722fa,31.788,seaport,18547988,1699697339,0x4eee4d3e05ead09fec600d9cb054ed8c5c8f6f7b5b6308c0ef59e4305227c5af
BoredApeYachtClub,0xBC4CA0EdA7647A8aB7C2061c2E118A18a936f13D,1608,0x279679e6b44ec547c6e0466e5efd7d47ef3a400f,0x2e7573445b46a305f6b80f86ba56e788b2db7e68,31.75,seaport,18546890,1699684065,0x0144a87a9fd87b090a0e6712f947740e0552d3dbe39b5ab6bc955eb42a900560
BoredApeYachtClub,0xBC4CA0EdA7647A8aB7C2061c2E118A18a936f13D,8757,0x279679e6b44ec547c6e0466e5efd7d47ef3a400f,0x209327b591aa003f4a7e3ae14d4e0e7198002c1a,56.0,seaport,18546886,1699684017,0x4ab694994f12409c2c219aa6b1d7b49d79e86062cade8e80f73e7bad79abbdee
BoredApeYachtClub,0xBC4CA0EdA7647A8aB7C2061c2E118A18a936f13D,1747,0x279679e6b44ec547c6e0466e5efd7d47ef3a400f,0x1e30f1bf8559090ab5a6b219efd98f8c275b2715,40.0,seaport,18546860,1699683703,0xf49fda3513bc740f4f7724db8f9b361c25429708a350bc7d690f806d8489611f
BoredApeYachtClub,0xBC4CA0EdA7647A8aB7C2061c2E118A18a936f13D,29,0x19cca2f33098a977c9d1a551f49649b453a12095,0x33d4b1c41ba877e97cb366e4c53e426cc898896b,55.0,x2y2,18546490,1699679230,0xa5292a8a1e14d785b58cb0e5de0c10ea1a9e47aa3549880d06164bb095dc9eb9
BoredApeYachtClub,0xBC4CA0EdA7647A8aB7C2061c2E118A18a936f13D,7803,0x0f8bd7b597c655869e58b9c1bcfa4ddfe590259d,0x69986d5af481c14ca1351c8f330a34a0afcd90bd,32.69,x2y2,18544466,1699654763,0x5ac38118d68bc33235157de668b8bcfc8df7e997fb92e130fb0c728c03396558
BoredApeYachtClub,0xBC4CA0EdA7647A8aB7C2061c2E118A18a936f13D,7438,0x69986d5af481c14ca1351c8f330a34a0afcd90bd,0x85bc76aaf14ac2112bf87bf8f28a73c526b86ba2,1.369,seaport,18544442,1699654473,0x596cc6273a90dc377b17bd142c3f8b83c511501d6f64c873822cf1113bb1441f
BoredApeYachtClub,0xBC4CA0EdA7647A8aB7C2061c2E118A18a936f13D,4193,0xcb415344cd0fc552ce7b48ee9375991ff5865895,0x2a138e24cf857f189826600463c05d0cac5aeede,33.0,x2y2,18544438,1699654424,0x73550f63127a5a498a439ecbe9d4a15e3bca03b285ee4fc23b08aa53bf22073f
BoredApeYachtClub,0xBC4CA0EdA7647A8aB7C2061c2E118A18a936f13D,3171,0x2ffa7f3adede46267eb0b93b8a28322f39b6b090,0xa8aad55c115a9213d790e11ad90a60f3540fee72,38.69,seaport,18543798,1699646687,0x80acb5cc36ad941fbdefe4157837279d434ab1fc6dc3851b28f2b4f1bab704be
BoredApeYachtClub,0xBC4CA0EdA7647A8aB7C2061c2E118A18a936f13D,1856,0x441c5d77fb66c185235844a1036e02b8c425d7e3,0xf5225e8312758f962e4ecfd8a4fcaf32f8d3e982,31.5,x2y2,18543667,1699645104,0x11524ad536516da77ca295c619a48b28e608cc7f6c53ef912024e087ad0a5661
BoredApeYachtClub,0xBC4CA0EdA7647A8aB7C2061c2E118A18a936f13D,5103,0x5e525f13ebec9a839e7a5d69a901c726110ef179,0x0f8bd7b597c655869e58b9c1bcfa4ddfe590259d,31.8,x2y2,18543344,1699641199,0xedcc340e03405bff5fd001b02d8afd87bade43166566b46352302c3fbb575cc4
BoredApeYachtClub,0xBC4CA0EdA7647A8aB7C2061c2E118A18a936f13D,603,0x55a5bcb0e402c61e44a20cffc0971d87d34947a5,0x8b9acd4be3a852571ec71293348e3c7bb1d70b02,30.56,seaport,18542906,1699635905,0x8b14e96a3a9e4f062fc7bebd20c72ebb0d2b829a81eee386cd3ab244e1072a80
BoredApeYachtClub,0xBC4CA0EdA7647A8aB7C2061c2E118A18a936f13D,8463,0x4a8bdd15bdb8b1ab534d39c9f8d65a36011029f4,0x7c1958ba95ab3170f6069dadf4de304b0c00000c,41.77,seaport,18542838,1699635082,0xf65afb7eeba4a36a796bea3a74cf56f5c6bca4fe3721e6fb8e767dffd3270cc1
BoredApeYachtClub,0xBC4CA0EdA7647A8aB7C2061c2E118A18a936f13D,3818,0x04331bfe69b1f06bd47a179bcacf4c55ea9c31a8,0x441c5d77fb66c185235844a1036e02b8c425d7e3,42.0,x2y2,18542463,1699630549,0x0bb7123159fcc03ca43ee948ff9e3e4001726498a5815bc9e7c42a6b1a0b24b6
BoredApeYachtClub,0xBC4CA0EdA7647A8aB7C2061c2E118A18a936f13D,6342,0xb68d759d6c34bf631c172609a2ee0d63078a12ef,0xf7225294b6c87790880926821378f39c60c8baff,55.0,x2y2,18542387,1699629631,0xca3d05fb2e06d338202c8f562b38fb6140b8865da7f9db2706940a3f2f66b572
BoredApeYachtClub,0xBC4CA0EdA7647A8aB7C2061c2E118A18a936f13D,5828,0xa4fb0e1f6ad0a87a3ec2427ca3a944c42d19d1ca,0x55ab7ec373fd9f3c0cfe027f08ec68d8e5e014a8,35.0,seaport,18542093,1699626076,0xd88c79e20fe1a47b4700b0df1f0d1a5b6b3b47398a1ac1eb21f91f34dc9aad36
BoredApeYachtClub,0xBC4CA0EdA7647A8aB7C2061c2E118A18a936f13D,5388,0xe90b4d9a1b5995261e721f268a2a0f12bb835951,0xcb415344cd0fc552ce7b48ee9375991ff5865895,37.0,seaport,18541177,1699615003,0x740906cf0082f31d94af0326ea1b29d438f947dc6c61ecfc2bd7acfc9ab6ef52
BoredApeYachtClub,0xBC4CA0EdA7647A8aB7C2061c2E118A18a936f13D,3801,0xb806136280f083bd41756b7426daa368f35a2dea,0xedda2f91168dd41b08ed1abd8ffd69ec2c08f767,32.33,seaport,18540272,1699604063,0xdfb98e21d6a07fd007026d3b5fff8a6171b706fb5dd30be572435217beefe2ae
BoredApeYachtClub,0xBC4CA0EdA7647A8aB7C2061c2E118A18a936f13D,2422,0x0ac60a82f333d41586ede6cca2e2c475cf10d206,0xf15c93562bc3944a68e938ef75d2a3360d98ca57,33.74,seaport,18539343,1699592833,0x8f96f632c6c2979cff03574d9738c2fa6e270f0826e855a5a0b253e210f9b7f5
BoredApeYachtClub,0xBC4CA0EdA7647A8aB7C2061c2E118A18a936f13D,7604,0x969fa39f580aa68e72959fa279c8576da34e56d9,0xdc3d1c1de687cfaa8f8de2f37cd181c2ae3a9dfd,37.99,seaport,18538482,1699582425,0xe6960305d96aa759cd6ff458504c1c630fb1490d6a6b3e0b2660018c204ee1e7
BoredApeYachtClub,0xBC4CA0EdA7647A8aB7C2061c2E118A18a936f13D,945,0xc4d469c1419bd07d7223ab4ecedbfa639bb87233,0x2e7573445b46a305f6b80f86ba56e788b2db7e68,32.6,seaport,18538255,1699579681,0x395a5611d047444d34341674be8f8b3f2a7b78656e02df3b8059b9b29b080797
BoredApeYachtClub,0xBC4CA0EdA7647A8aB7C2061c2E118A18a936f13D,7844,0x55e54e3af4e3df2352d8005a7f883e2c125ca0b3,0x55e54e3af4e3df2352d8005a7f883e2c125ca0b3,29.35994,seaport,18537953,1699576030,0xc1880eb21ba5ef6b912a5ea1e1f8b9627d87fc8d8e588fb5d34d54d796fed1c2
BoredApeYachtClub,0xBC4CA0EdA7647A8aB7C2061c2E118A18a936f13D,7844,0xf15c93562bc3944a68e938ef75d2a3360d98ca57,0x55e54e3af4e3df2352d8005a7f883e2c125ca0b3,32.45046,seaport,18537953,1699576030,0xc1880eb21ba5ef6b912a5ea1e1f8b9627d87fc8d8e588fb5d34d54d796fed1c2
BoredApeYachtClub,0xBC4CA0EdA7647A8aB7C2061c2E118A18a936f13D,3720,0xe7e4f6a7b691af6d678335df2c1e2d4cb2dc16cf,0xc4d469c1419bd07d7223ab4ecedbfa639bb87233,35.99,seaport,18537464,1699570119,0x298f36fdb5eb7de88c3b8fd325ad722cbffb086adb45e71440a14542e6804620
BoredApeYachtClub,0xBC4CA0EdA7647A8aB7C2061c2E118A18a936f13D,8381,0x69986d5af481c14ca1351c8f330a34a0afcd90bd,0xd8b9c8951dd24019ee4e0d5902ac18530f3f7b21,32.724,x2y2,18536735,1699561306,0x2d2c7dd06e2be906f8707046a376c2e8845873a71f8ca378a204258ba5a6936f
BoredApeYachtClub,0xBC4CA0EdA7647A8aB7C2061c2E118A18a936f13D,3676,0xf4de4109175334d200e26da1324e80b215cc3b6f,0xf15c93562bc3944a68e938ef75d2a3360d98ca57,0.69,seaport,18536676,1699560593,0x220179730056d2c6cf4bb565a16ba66744acf2fcc3816944bac67e75cf5a6006
BoredApeYachtClub,0xBC4CA0EdA7647A8aB7C2061c2E118A18a936f13D,1312,0xc1710053e48ce4fa1d7e39a0388fdbd297b40db8,0xfef05f6fa3a5f6463902e8f6325f4d633b4c0218,34.0,x2y2,18536148,1699554210,0x23520c15ea10373aa88da1118478a940385ec6ff78cbe836195a883b64d938f6
BoredApeYachtClub,0xBC4CA0EdA7647A8aB7C2061c2E118A18a936f13D,2245,0x1bb35a7c55e90188e3cf31034c80a884c1edd922,0x69986d5af481c14ca1351c8f330a34a0afcd90bd,2.5,seaport,18535399,1699545156,0xb49d9cb256b1a0ea5b9d4ba1f55a6769319320c038d85020014f78a4ee3ce679
BoredApeYachtClub,0xBC4CA0EdA7647A8aB7C2061c2E118A18a936f13D,7216,0xfd07481b85118b322a0921bcc3c65db242cf272d,0x43f6804e203a6e96ace054784973073daea68246,32.5,seaport,18534152,1699530081,0x227929b067546e3501e0dafc256ab4e7862c1359a31a272e6d331bb242f5bd84
BoredApeYachtClub,0xBC4CA0EdA7647A8aB7C2061c2E118A18a936f13D,3881,0x6678980412c45d8f3ce85e2777e8cd06090fcaae,0x1e04bfb945dfa23ed8bdea67947ca0d7b5fff75d,32.25,seaport,18533489,1699522067,0x1f1a9b254121f1790213ec3a0799ddb1189e02430d9f3787633e568ef9ff7e54
BoredApeYachtClub,0xBC4CA0EdA7647A8aB7C2061c2E118A18a936f13D,4990,0xde02fffb824720e25674a604baf2277f21c66a0f,0xb7fe14738b6952a63d6b47244d16ec5add29033e,32.0,seaport,18533481,1699521970,0x32f04fd736df3cbb28ce67ec53014a87ad9203e1d37aefd28faf58d17109f446
BoredApeYachtClub,0xBC4CA0EdA7647A8aB7C2061c2E118A18a936f13D,9629,0x8639eb2f2e9db036b57ff1eaf4643cedaf2e0f65,0x691ea013171fa2c0a5f98ab32393703aaf1ac051,32.0,seaport,18533439,1699521462,0x5be4286fe7b110fba0583ca7c0f910c2c7728e074e1e287bd1d7d0bfa1614006
BoredApeYachtClub,0xBC4CA0EdA7647A8aB7C2061c2E118A18a936f13D,7123,0x07557f6138ed55485d82d64eea175043e4f2bbb4,0x2e7573445b46a305f6b80f86ba56e788b2db7e68,33.75,x2y2,18533297,1699519744,0x5515f07472cfffc4917eff5b2105c9142dd2f66edf72b05cddab8db302de4b16
BoredApeYachtClub,0xBC4CA0EdA7647A8aB7C2061c2E118A18a936f13D,4768,0x04ee22568b4abbff87a6827bc4f801b81d99146b,0xd1395ae3cad3d3a7c7ba923479f56bc2ad12e515,31.777,seaport,18532691,1699512412,0x1f649cefbee0e3b1e91aa56c2f79bb4c11e47926953b670473c6fb1b584653b5
BoredApeYachtClub,0xBC4CA0EdA7647A8aB7C2061c2E118A18a936f13D,2197,0x6d596fdfd3381ebb5ecd526ebcaec8cc2ba019ff,0x2cd3abaddbfc2a487a0c471056f31663f60087de,31.99,seaport,18532600,1699511311,0x4a93d063d1ab49b6fa2924b10c87938927b8985097bc27495e2b5cb4d3011182
BoredApeYachtClub,0xBC4CA0EdA7647A8aB7C2061c2E118A18a936f13D,6099,0xde02fffb824720e25674a604baf2277f21c66a0f,0x8fdd38fbff8a5169397f180807c4550e39599899,31.0,seaport,18532464,1699509666,0x331d7db27bfad6468c9891ff6fc1f6f032934013b85ab5a624b344eea0f7084b
BoredApeYachtClub,0xBC4CA0EdA7647A8aB7C2061c2E118A18a936f13D,3793,0x5f1ee29361206f1a129e808736f11598356c6031,0x5ef0f3c15b2371e7355f5b6594f706ab7417655e,31.0,seaport,18532460,1699509618,0x69a1fe0124add0e54c504438644d8d621c8720ce858bccb674ca835a2c6d9a90
BoredApeYachtClub,0xBC4CA0EdA7647A8aB7C2061c2E118A18a936f13D,2841,0xc4d504682a0c4a1e739847cd3b0ea6b42cd9646a,0xcafba4ca4a4886ae0938cc8ef91b605db9e4bf08,32.59,seaport,18531123,1699493442,0xf79228274360795deb8ab74874066ab603ea572a537791324ad3411d68794de5
BoredApeYachtClub,0xBC4CA0EdA7647A8aB7C2061c2E118A18a936f13D,6679,0x7a1d99c12c22fd8b64e62b1fbfc4677140f0cf8f,0x7a1d99c12c22fd8b64e62b1fbfc4677140f0cf8f,29.34945,seaport,18528849,1699465931,0x7b4497c37337738da7d13b42d425dc14d8ad00a7a6310d2ebfd4e4c10cce715e
BoredApeYachtClub,0xBC4CA0EdA7647A8aB7C2061c2E118A18a936f13D,6679,0x0097b9cfe64455eed479292671a1121f502bc954,0x7a1d99c12c22fd8b64e62b1fbfc4677140f0cf8f,30.85455,seaport,18528849,1699465931,0x7b4497c37337738da7d13b42d425dc14d8ad00a7a6310d2ebfd4e4c10cce715e
BoredApeYachtClub,0xBC4CA0EdA7647A8aB7C2061c2E118A18a936f13D,3563,0x9646aa0f9152c126b42f7ce4698f35fa700c8cde,0x86b4d38e451c707e4914ffceab9479e3a8685f98,38.0,seaport,18523863,1699405610,0x796d3309087f82d3884db2c15098f3f6be7e53f1aa4be07056ba2bd8c2a062b0
BoredApeYachtClub,0xBC4CA0EdA7647A8aB7C2061c2E118A18a936f13D,7577,0x6b596068368e4516c88a9c0b7f52d98bab43028a,0x69986d5af481c14ca1351c8f330a34a0afcd90bd,32.99,seaport,18521522,1699377289,0x3f3f3df35da70ec7bb94b80c77d122a3ac9d88a37fd1fc0c54b321c1d9a42407
BoredApeYachtClub,0xBC4CA0EdA7647A8aB7C2061c2E118A18a936f13D,2300,0x708ed7b90dce15a1b479f27539a3801cc70d9268,0x11e5f31fd0e62654912eaea3d403b5a761fb6fd4,31.73,seaport,18520982,1699370756,0xd693221a3b716beff6ed720b38df42ac4ca2de2dc0642c8441da2b5c270e2bdb
BoredApeYachtClub,0xBC4CA0EdA7647A8aB7C2061c2E118A18a936f13D,981,0x6d0267156f1c6ce44caa4bf129b76009d3d41830,0x4341f1bdd076760013ffc1aeff9fcf1c2c815fab,39.0,x2y2,18520503,1699364961,0xa6a74646b21997ac0e1556eff990d6d02e493974be5801b9ae163cfb0e1f58db
BoredApeYachtClub,0xBC4CA0EdA7647A8aB7C2061c2E118A18a936f13D,4995,0x69986d5af481c14ca1351c8f330a34a0afcd90bd,0x1e30f1bf8559090ab5a6b219efd98f8c275b2715,35.0,x2y2,18519766,1699356045,0x7cbcc7e99dbba85f70b9e7658d4ffa48e64ec8b8afc8414a126152f72ff55e20
BoredApeYachtClub,0xBC4CA0EdA7647A8aB7C2061c2E118A18a936f13D,4249,0x56e106c1aa3ba30888a6c6a577ac895bb01111ac,0x5e525f13ebec9a839e7a5d69a901c726110ef179,29.69,seaport,18519303,1699350443,0xe4685806d19fafda4044442103a54f5bc415e62d507ebf76cb86f6387f624101
BoredApeYachtClub,0xBC4CA0EdA7647A8aB7C2061c2E118A18a936f13D,4389,0xeb4a487c89cf7fe5aad5a975e8c576a6e9ab68bc,0x9f195fc8c58695ca1c34c9f29d52c950a6b2418f,37.99,seaport,18514865,1699296752,0x0e032b5a0f94c289dcdce6720fd62bca5ad496c71e3354701d4194058176b4eb
BoredApeYachtClub,0xBC4CA0EdA7647A8aB7C2061c2E118A18a936f13D,6153,0xfef05f6fa3a5f6463902e8f6325f4d633b4c0218,0x6d0267156f1c6ce44caa4bf129b76009d3d41830,31.2,x2y2,18514751,1699295373,0xdff98cb24643eb26cfaf7f3909d61b3fc36e4b5858f60e7109791de3a257dc74
BoredApeYachtClub,0xBC4CA0EdA7647A8aB7C2061c2E118A18a936f13D,28,0xcb415344cd0fc552ce7b48ee9375991ff5865895,0xb20b93921640007f1d752d3f5f44a267ab3f67b2,30.0,seaport,18514025,1699286590,0x90f18b0d15ad1f0ba2c04a4d023e5bc3e76f5c7e01ecf27012fc2bf16fc558d5
BoredApeYachtClub,0xBC4CA0EdA7647A8aB7C2061c2E118A18a936f13D,429,0xec19ccb2bf9273574f23e0345f540ffc15b73619,0xe5c3a3bad46475dd53100cdbecb0a7541aba0391,28.89,seaport,18513528,1699280577,0x8ba6891ded6c5b8a2ead2ca6b71ec1429658c7382eb2a97c18c10413d67b85d3
BoredApeYachtClub,0xBC4CA0EdA7647A8aB7C2061c2E118A18a936f13D,5698,0x3e9bc6492429bcc2367d3271dce1a941551aa7c4,0x3e9bc6492429bcc2367d3271dce1a941551aa7c4,26.93457,seaport,18511142,1699251711,0x7d37a94f881fe9902292af2c884151302fde38bedffbe7daffa66458fb844b6b
BoredApeYachtClub,0xBC4CA0EdA7647A8aB7C2061c2E118A18a936f13D,5698,0x41af51792cdcfab9bdc0239f1d1c274e0b2682ae,0x3e9bc6492429bcc2367d3271dce1a941551aa7c4,28.31583,seaport,18511142,1699251711,0x7d37a94f881fe9902292af2c884151302fde38bedffbe7daffa66458fb844b6b
BoredApeYachtClub,0xBC4CA0EdA7647A8aB7C2061c2E118A18a936f13D,8168,0x13ca2cf84365bd2daffd4a7e364ea11388607c37,0x7c1958ba95ab3170f6069dadf4de304b0c00000c,30.99,seaport,18510270,1699241161,0x3c043927dba677ef0d30fd477122a5c23b7a160295ce7069dc6da33b3e88486e
BoredApeYachtClub,0xBC4CA0EdA7647A8aB7C2061c2E118A18a936f13D,7375,0xdf969692c4121f317499f714c2dbd5e964301688,0x4e7d16eaf4ba65b8bd867f570c39252d6bc81d80,30.0,x2y2,18508868,1699224200,0x44a8f97b7de14bde6fc6532650ec5603db61df4c0f4dfdfd6a83e20f58d986b1
BoredApeYachtClub,0xBC4CA0EdA7647A8aB7C2061c2E118A18a936f13D,9617,0x84ff230923ca241f290c2c34e718a11441bcaca3,0x7c709e2c1e9f58f104dbf65aac9d0a6fc9773118,36.0,seaport,18499909,1699115813,0xc6837f7c69a8dbc5329349c6ee47a6607139c4fca0a33cee7ec789ee35058ffc
BoredApeYachtClub,0xBC4CA0EdA7647A8aB7C2061c2E118A18a936f13D,3511,0xdd29a6514ba7f92e51b42070f2c2ae8063096c7a,0xcafba4ca4a4886ae0938cc8ef91b605db9e4bf08,29.94,seaport,18498768,1699102009,0x20cdfcc6e1d3f3503348c288bb4c97126aafda8af1dbae3af3bda003855ab1c0
BoredApeYachtClub,0xBC4CA0EdA7647A8aB7C2061c2E118A18a936f13D,7993,0x1e655e4e3953488d362b05e892eab1cb29896e10,0x441c5d77fb66c185235844a1036e02b8c425d7e3,32.49,seaport,18498724,1699101477,0xaa96c8b4686e4b6a245dea531eabff9c23540eeb25b3c63a496b1e80febc18da
BoredApeYachtClub,0xBC4CA0EdA7647A8aB7C2061c2E118A18a936f13D,3315,0x880aa7cbf18e42fa185de3a82ad6308a86e2acc1,0xfef05f6fa3a5f6463902e8f6325f4d633b4c0218,33.85,seaport,18498561,1699099505,0xe6baf8d75d0964e886070bc5971004a62f3afd66fbeaf5950334117d38f16704
BoredApeYachtClub,0xBC4CA0EdA7647A8aB7C2061c2E118A18a936f13D,908,0xdd29a6514ba7f92e51b42070f2c2ae8063096c7a,0xbc4bbd7a2ce9001ca18324602ac66733731656ed,29.949951,seaport,18498527,1699099094,0xedd635b2ebb7a6ca91b503be139c2ea0e4757f2424733e2a802b6954537b50ff
BoredApeYachtClub,0xBC4CA0EdA7647A8aB7C2061c2E118A18a936f13D,2679,0x2d6c4d5b3668b15508cdfd367a8de89867e2e4fe,0x2d6c4d5b3668b15508cdfd367a8de89867e2e4fe,27.675765,seaport,18497927,1699091835,0x7b4bcc42e6c343d41f70903b4aeba66a153feec8253b06e4e519c0b31fc6d679
BoredApeYachtClub,0xBC4CA0EdA7647A8aB7C2061c2E118A18a936f13D,2679,0x0097b9cfe64455eed479292671a1121f502bc954,0x2d6c4d5b3668b15508cdfd367a8de89867e2e4fe,29.095035,seaport,18497927,1699091835,0x7b4bcc42e6c343d41f70903b4aeba66a153feec8253b06e4e519c0b31fc6d679
BoredApeYachtClub,0xBC4CA0EdA7647A8aB7C2061c2E118A18a936f13D,878,0x1edcccddb214cd3c20613708d9c9ead9cd2476db,0x47147c03b34e177020905afe309b77636ecac256,40.0,seaport,18495506,1699062546,0x43ec356c52381097a16694ccc3dcb2fbd009fa7fd132478ca6c2c0b6df052e6d
BoredApeYachtClub,0xBC4CA0EdA7647A8aB7C2061c2E118A18a936f13D,3676,0x1edcccddb214cd3c20613708d9c9ead9cd2476db,0x1edcccddb214cd3c20613708d9c9ead9cd2476db,26.94238,seaport,18495261,1699059582,0xc46b45e33e5920bc0b239fcc58aa34d9285553d68cda1b9f95460f3281b1a9ff
BoredApeYachtClub,0xBC4CA0EdA7647A8aB7C2061c2E118A18a936f13D,3676,0xf15c93562bc3944a68e938ef75d2a3360d98ca57,0x1edcccddb214cd3c20613708d9c9ead9cd2476db,29.77842,seaport,18495261,1699059582,0xc46b45e33e5920bc0b239fcc58aa34d9285553d68cda1b9f95460f3281b1a9ff
BoredApeYachtClub,0xBC4CA0EdA7647A8aB7C2061c2E118A18a936f13D,5031,0x6de2e2f6c36312ec38c0132e72c45cf486f81d92,0x0bfff40545a2250c3f11993e7b75dbbcb11e36ac,38.69,seaport,18494142,1699046044,0x23232d8f009750fe13f82e6f0edc02f5794784bddce451a193e5473069c7cfb4
BoredApeYachtClub,0xBC4CA0EdA7647A8aB7C2061c2E118A18a936f13D,4995,0xd9d728eb0d7e4ec9d256d458923eb64e59c5370f,0xd9d728eb0d7e4ec9d256d458923eb64e59c5370f,31.87275,seaport,18492825,1699030111,0x852f3d7a66d3ca822fe2946a8f5fd9cf8707908012f2b2d645c6663c488f7ce7
BoredApeYachtClub,0xBC4CA0EdA7647A8aB7C2061c2E118A18a936f13D,4995,0xa4fb0e1f6ad0a87a3ec2427ca3a944c42d19d1ca,0xd9d728eb0d7e4ec9d256d458923eb64e59c5370f,33.50725,seaport,18492825,1699030111,0x852f3d7a66d3ca822fe2946a8f5fd9cf8707908012f2b2d645c6663c488f7ce7
BoredApeYachtClub,0xBC4CA0EdA7647A8aB7C2061c2E118A18a936f13D,7256,0xb0e5cecada15d95ebb7a2a7c19bc5ed44b4aca12,0xb0e5cecada15d95ebb7a2a7c19bc5ed44b4aca12,33.345,seaport,18490857,1699006302,0x24a234e0326c056091aee29bfed4f51505ed39d927d213d90f2ca70d90132750
BoredApeYachtClub,0xBC4CA0EdA7647A8aB7C2061c2E118A18a936f13D,7256,0xfef05f6fa3a5f6463902e8f6325f4d633b4c0218,0xb0e5cecada15d95ebb7a2a7c19bc5ed44b4aca12,35.055,seaport,18490857,1699006302,0x24a234e0326c056091aee29bfed4f51505ed39d927d213d90f2ca70d90132750
BoredApeYachtClub,0xBC4CA0EdA7647A8aB7C2061c2E118A18a936f13D,3402,0x09c0f83a78e19a0268c5337467b3055423e42196,0x3e316f6abe52fc5cf70a6c9c0932dcb1fcbf3d62,30.2389,seaport,18490675,1699004100,0xf68c1e3974170d695221dc7b114406a8acffd2cd1f3756c5c4bde90a0b915db5
BoredApeYachtClub,0xBC4CA0EdA7647A8aB7C2061c2E118A18a936f13D,3158,0xc4fd1ebe33a26082b564ab909fd6a58e7eb47cbe,0xc4fd1ebe33a26082b564ab909fd6a58e7eb47cbe,29.5515,seaport,18487927,1698970854,0x09472fcb30198be994cfff8c94e1da82ca9e3bd7d81c6403a45eae26cf64bb97
BoredApeYachtClub,0xBC4CA0EdA7647A8aB7C2061c2E118A18a936f13D,3158,0x0e73d837b29ac157d072c946ad65d3fa9a5750ba,0xc4fd1ebe33a26082b564ab909fd6a58e7eb47cbe,29.8485,seaport,18487927,1698970854,0x09472fcb30198be994cfff8c94e1da82ca9e3bd7d81c6403a45eae26cf64bb97
BoredApeYachtClub,0xBC4CA0EdA7647A8aB7C2061c2E118A18a936f13D,6289,0xffbd08371fae1e00e28be21d7a274790ba2dbaf6,0xc361af36b90b9cca650547bd7f3357bd59f06e7e,31.4,seaport,18486723,1698956288,0x3aee9f7337c93ca62debee2429fdc706db92f3366c0ebaa24eea5a3296bc839e
BoredApeYachtClub,0xBC4CA0EdA7647A8aB7C2061c2E118A18a936f13D,644,0xffbd08371fae1e00e28be21d7a274790ba2dbaf6,0xd007058e9b58e74c33c6bf6fbcd38baab813cbb6,31.39,seaport,18486719,1698956240,0xbc08ff208826fbb83ed6cde035502540b7f163eb0ddf9d0530a20e9551e40ff7
BoredApeYachtClub,0xBC4CA0EdA7647A8aB7C2061c2E118A18a936f13D,4310,0xffbd08371fae1e00e28be21d7a274790ba2dbaf6,0xf15c93562bc3944a68e938ef75d2a3360d98ca57,30.69689,seaport,18486707,1698956095,0x9732613aa4010009146c55185a43bfa4a1a2a0b094595d8e1f4c553a4f3c936e
BoredApeYachtClub,0xBC4CA0EdA7647A8aB7C2061c2E118A18a936f13D,8990,0xffbd08371fae1e00e28be21d7a274790ba2dbaf6,0xd8b9c8951dd24019ee4e0d5902ac18530f3f7b21,30.55,seaport,18486701,1698956022,0x752d11c37ce71852b570d82960ad237a46e756cb33534636732d5a9819b1a3ff
BoredApeYachtClub,0xBC4CA0EdA7647A8aB7C2061c2E118A18a936f13D,8892,0xb77f661fdf4f5908b37db4536a150e549c934c5b,0xb77f661fdf4f5908b37db4536a150e549c934c5b,32.175,seaport,18486029,1698947892,0xc275085aa8b9ff66c06823b8e7d5d11f4b1f59fb5feb9c00e8cd0a2f6e71cbd0
BoredApeYachtClub,0xBC4CA0EdA7647A8aB7C2061c2E118A18a936f13D,8892,0x0d5489b63dde73e1ccb49c594da88257c60494c3,0xb77f661fdf4f5908b37db4536a150e549c934c5b,33.825,seaport,18486029,1698947892,0xc275085aa8b9ff66c06823b8e7d5d11f4b1f59fb5feb9c00e8cd0a2f6e71cbd0
BoredApeYachtClub,0xBC4CA0EdA7647A8aB7C2061c2E118A18a936f13D,8933,0x7fb6123f947dff6bd83f2f7a05fa35367abb7ced,0xf7898b99b31983cdd84fab65407b122ea8d0647f,32.0,seaport,18485211,1698937996,0xd9d2f6e7b64610c39f3984e811d6da6822c1e8ff372ceb1a78a68b2733db0e92
BoredApeYachtClub,0xBC4CA0EdA7647A8aB7C2061c2E118A18a936f13D,4310,0xf15c93562bc3944a68e938ef75d2a3360d98ca57,0xb8aba8123e5b94ec2d3963bfee75a0ab836cefb2,32.00799,seaport,18480567,1698881813,0xe275663d09e21aadd438614add05868373e3590f08b136d6290c3d71b5738420
BoredApeYachtClub,0xBC4CA0EdA7647A8aB7C2061c2E118A18a936f13D,6116,0xffbd08371fae1e00e28be21d7a274790ba2dbaf6,0xf15c93562bc3944a68e938ef75d2a3360d98ca57,31.5,seaport,18480206,1698877445,0x0732f1d6ea72a7ca567ee071e80469f55f624d8d100087af1987e5b5f0e825b5
BoredApeYachtClub,0xBC4CA0EdA7647A8aB7C2061c2E118A18a936f13D,4763,0xffbd08371fae1e00e28be21d7a274790ba2dbaf6,0x0097b9cfe64455eed479292671a1121f502bc954,31.689955,seaport,18480037,1698875401,0xc3494a59fa4ee04e62b94a17def464bd53692fd50027999e630d1144a3cf087b
BoredApeYachtClub,0xBC4CA0EdA7647A8aB7C2061c2E118A18a936f13D,7599,0xffbd08371fae1e00e28be21d7a274790ba2dbaf6,0x0cb4208a14cc99a6ac064e0bcad67d4b9576a80e,32.0,seaport,18480016,1698875147,0x88eaebaa2d27f6dbd2214f1bf885e3b4e9a92eedacad018939fdb61a5b3ddf62
BoredApeYachtClub,0xBC4CA0EdA7647A8aB7C2061c2E118A18a936f13D,2221,0xffbd08371fae1e00e28be21d7a274790ba2dbaf6,0xd8b9c8951dd24019ee4e0d5902ac18530f3f7b21,31.99,seaport,18479996,1698874905,0x8e67e6b69a5a40c2c41198d75881ddfe1fb8a116c1a3f1c1377cfbebe0017caf
BoredApeYachtClub,0xBC4CA0EdA7647A8aB7C2061c2E118A18a936f13D,1126,0x7fb6123f947dff6bd83f2f7a05fa35367abb7ced,0xd7d126110624a753cd36a5bbcc0345825ee428ec,36.36,seaport,18479065,1698863641,0xc55acdd8290561b496df1417025c7481563ed4db4656be0f8c195cf2f43b9669
BoredApeYachtClub,0xBC4CA0EdA7647A8aB7C2061c2E118A18a936f13D,3158,0x8ae57a027c63fca8070d1bf38622321de8004c67,0x36f9d68246329fd3d11d31a9d6947af2ea7de136,33.0,seaport,18478921,1698861899,0x080b265794020b9845a1100e387b6950f1da350727d5afdf49b02a5bb7f574b3
BoredApeYachtClub,0xBC4CA0EdA7647A8aB7C2061c2E118A18a936f13D,4944,0xd0c225f8b9f766a613c2ba6a5a9f8cc08dbc120e,0xd0c225f8b9f766a613c2ba6a5a9f8cc08dbc120e,30.070268,seaport,18477882,1698849329,0x22fcb1c024aceed82ff63cabce82daef4c8cf8503e25f9aa1b74815bc1456c1a
BoredApeYachtClub,0xBC4CA0EdA7647A8aB7C2061c2E118A18a936f13D,4944,0x41af51792cdcfab9bdc0239f1d1c274e0b2682ae,0xd0c225f8b9f766a613c2ba6a5a9f8cc08dbc120e,31.612333,seaport,18477882,1698849329,0x22fcb1c024aceed82ff63cabce82daef4c8cf8503e25f9aa1b74815bc1456c1a
BoredApeYachtClub,0xBC4CA0EdA7647A8aB7C2061c2E118A18a936f13D,367,0x0b8f4c4e7626a91460dac057eb43e0de59d5b44f,0x5e525f13ebec9a839e7a5d69a901c726110ef179,33.25,seaport,18477388,1698843353,0x4d104d5d711cc5254f91cce73340f3bf3555681de8a8f39d36ae2e8a47a0785b
BoredApeYachtClub,0xBC4CA0EdA7647A8aB7C2061c2E118A18a936f13D,4455,0x984fcef7a75f8bbc23e0168b049b19bbcd14f562,0x984fcef7a75f8bbc23e0168b049b19bbcd14f562,30.7125,seaport,18477163,1698840631,0x260f3b3462e20f1934779b231fce17dcfcfd4228d890dd8598b0f1c41c4b5095
BoredApeYachtClub,0xBC4CA0EdA7647A8aB7C2061c2E118A18a936f13D,4455,0x441c5d77fb66c185235844a1036e02b8c425d7e3,0x984fcef7a75f8bbc23e0168b049b19bbcd14f562,32.2875,seaport,18477163,1698840631,0x260f3b3462e20f1934779b231fce17dcfcfd4228d890dd8598b0f1c41c4b5095
BoredApeYachtClub,0xBC4CA0EdA7647A8aB7C2061c2E118A18a936f13D,8217,0x8185191ca6bfb4b76214abb3572be413e51d24bc,0x5e525f13ebec9a839e7a5d69a901c726110ef179,31.75,seaport,18476718,1698835247,0xeac18d8873cd45e71bc92b641839345c9ebf1eac441aedfb95268447195fd59b
BoredApeYachtClub,0xBC4CA0EdA7647A8aB7C2061c2E118A18a936f13D,3170,0x9f195fc8c58695ca1c34c9f29d52c950a6b2418f,0x58867fa928b92ca3dc1c709d058ea1bfa1fc28d5,31.15,seaport,18475511,1698820645,0x8dbaf5a909236fb73c19d01cf7855777e276124def9f7a0caded880ffe8e0d53
BoredApeYachtClub,0xBC4CA0EdA7647A8aB7C2061c2E118A18a936f13D,5200,0x7a3010b00d9866c80cadafeca573490e432ba3ac,0x69986d5af481c14ca1351c8f330a34a0afcd90bd,31.3,x2y2,18473621,1698797779,0xa4766a194525eb72dd8e03bf815c37415a767ae821c0330752d44c26964bc50c
BoredApeYachtClub,0xBC4CA0EdA7647A8aB7C2061c2E118A18a936f13D,493,0xf4099998b8ec1a5abff44a588665e201b91f57f2,0x11e5f31fd0e62654912eaea3d403b5a761fb6fd4,33.95,seaport,18473241,1698793182,0xfd58690e116e2b1e9171dff5dc0b86781e24f7d85d4a301a1a8e34aa67f4d95b
BoredApeYachtClub,0xBC4CA0EdA7647A8aB7C2061c2E118A18a936f13D,2341,0x467a68f37a139b23987533305a1436de19ed9fdb,0x6ebf686edfed3d949520c27eed148605f622cc9f,33.5,seaport,18471278,1698769434,0x26e68cc10c273fa0f51006620493d28c0ac36347f6b93520ac8e629c280cab5e
BoredApeYachtClub,0xBC4CA0EdA7647A8aB7C2061c2E118A18a936f13D,861,0x1bfc9a53345ec9abb362eb9d5953e7689ace1cd3,0x4341f1bdd076760013ffc1aeff9fcf1c2c815fab,35.0,x2y2,18470264,1698757166,0xf27078fb69f17e11294c1d0af436fae96ac0a829ca8374bdfdf787bfa9c439bb
BoredApeYachtClub,0xBC4CA0EdA7647A8aB7C2061c2E118A18a936f13D,3016,0xddfc0a12fd323ac34ad149e1473eb6f91155fdd6,0xcafba4ca4a4886ae0938cc8ef91b605db9e4bf08,30.99,seaport,18470086,1698755013,0x5f1aff618f9a133a36b57bd49a69df5578ffd309cbc85f05aa232c74953975b6
BoredApeYachtClub,0xBC4CA0EdA7647A8aB7C2061c2E118A18a936f13D,1186,0x1b523dc90a79cf5ee5d095825e586e33780f7188,0xa8aad55c115a9213d790e11ad90a60f3540fee72,40.0,x2y2,18468707,1698738329,0xf9df1d25229a8263d1dca0a52383e402205fa1c2dc4d6c4285db8d5a968f5db0
BoredApeYachtClub,0xBC4CA0EdA7647A8aB7C2061c2E118A18a936f13D,1824,0xce841f783dc6d9df256af36b1cf6b3a52aa57cdc,0xea70cf0e7d6b20ff329793fa9cad9d6551095688,31.2,seaport,18468269,1698733031,0x129e76fb9ca91cf6445a0c1932a3d0a072f0c42410db537051516a6ebf584b21
BoredApeYachtClub,0xBC4CA0EdA7647A8aB7C2061c2E118A18a936f13D,3229,0xf6d0ef27c140141aa144c3036f8bcf3ef1869067,0x002b05d19cb34a3336e9095c1de60248a12970dd,32.0,seaport,18466701,1698714064,0x6448bb38544ef3a2561fb1c441d3e213d379dc7ce55f55c397e25ea2be34f676
BoredApeYachtClub,0xBC4CA0EdA7647A8aB7C2061c2E118A18a936f13D,978,0x8b9acd4be3a852571ec71293348e3c7bb1d70b02,0x4341f1bdd076760013ffc1aeff9fcf1c2c815fab,32.5,x2y2,18464078,1698682336,0xd13e99ea650bb269f64398de74c88c11c3034a383a91f2819d3c7fdec35cc489
BoredApeYachtClub,0xBC4CA0EdA7647A8aB7C2061c2E118A18a936f13D,360,0x6d0267156f1c6ce44caa4bf129b76009d3d41830,0x441c5d77fb66c185235844a1036e02b8c425d7e3,34.8,seaport,18463893,1698680098,0x01df370ec4658b20dc3d705a99d08686533c079e2b868d2aacbc3e59723c56fe
BoredApeYachtClub,0xBC4CA0EdA7647A8aB7C2061c2E118A18a936f13D,3380,0xf5a0ba5d66f9c9730bc61594fd229225398deb64,0xad532e06fad45f1592cce514890130cb74802977,30.97,seaport,18463872,1698679844,0xaa03d55d87f6124b33f04b7284b47019f85802b6cce3ed163bfcba6c473dd15d
BoredApeYachtClub,0xBC4CA0EdA7647A8aB7C2061c2E118A18a936f13D,4312,0x9ade3067e2f6e9915d0f276687877fbe1515a006,0xc88646ba27442a507c965fef65bb870da9b5fd4f,29.99,seaport,18463432,1698674522,0x93314a63078984fc568539e40410ad2e8f2b8c1151fe032df06703584b98a70d
BoredApeYachtClub,0xBC4CA0EdA7647A8aB7C2061c2E118A18a936f13D,4389,0x441c5d77fb66c185235844a1036e02b8c425d7e3,0x764f6d5597842dcfc4f786fad8f5b6886c9165c9,5.0,seaport,18463183,1698671510,0xf8c434d228af81cf96fb0acf2172a7c0e19c5679ea4a6a6cc499188198c72d66
BoredApeYachtClub,0xBC4CA0EdA7647A8aB7C2061c2E118A18a936f13D,2069,0xd64e1f3a2df4c153f26e7cb79e42673df385d239,0xf15c93562bc3944a68e938ef75d2a3360d98ca57,29.95,seaport,18463096,1698670457,0x2f3e0dc576de567c609cb1dde96b0b0988af4efd73806d6ffc6442104cf808c2
BoredApeYachtClub,0xBC4CA0EdA7647A8aB7C2061c2E118A18a936f13D,3952,0x792411bb2047a7d813117ced62475d37d4c9481f,0x36f9d68246329fd3d11d31a9d6947af2ea7de136,29.9,seaport,18462159,1698659123,0x3e2eb71380bcbf5a89e74963358056bbc33d8b58a47673ce47e1b53ba96ce81c
BoredApeYachtClub,0xBC4CA0EdA7647A8aB7C2061c2E118A18a936f13D,648,0x6d0267156f1c6ce44caa4bf129b76009d3d41830,0xe487d9258835103fc73f6944de2fdd513908b1bd,45.0,seaport,18457258,1698599840,0x5e4301493cfd6ed5c0f229d233c46499ed1dd5df508ab340d40464acf1649ca4
BoredApeYachtClub,0xBC4CA0EdA7647A8aB7C2061c2E118A18a936f13D,4523,0x7d8ff8e3ff379db3a30d8704143e2de2bfee034c,0x69986d5af481c14ca1351c8f330a34a0afcd90bd,7.0,seaport,18456342,1698588760,0x0d13bb19f4cacda1aa5cc8714c70021d43cf00d503353f44ab900c80875a68cb
BoredApeYachtClub,0xBC4CA0EdA7647A8aB7C2061c2E118A18a936f13D,2245,0xd64e1f3a2df4c153f26e7cb79e42673df385d239,0xd9d7046933bd3d0a3e869959ef95e4c41522c1bf,28.95,x2y2,18452278,1698539601,0x76f47dfe16676eb62668a3e8298d83ef07fba71a09d340fd247ea1435215335e
BoredApeYachtClub,0xBC4CA0EdA7647A8aB7C2061c2E118A18a936f13D,1218,0xb33509bcf174a4d57110ecd2daf047ce74d444e8,0x2e7573445b46a305f6b80f86ba56e788b2db7e68,30.88,seaport,18450942,1698523441,0xa476eec0ef0ee0308d5931c993c6e9cc762b65bdfc87ee3a86442b7d874aaef6
BoredApeYachtClub,0xBC4CA0EdA7647A8aB7C2061c2E118A18a936f13D,6190,0xd13c1ba642d0c3b159df53204fb9e8ff892c5ca8,0xd13c1ba642d0c3b159df53204fb9e8ff892c5ca8,27.975285,seaport,18450224,1698514756,0xc6be83a0107a4476cd92b557700f022d9888cecb5915c92f0bc84a6907f2a1fb
BoredApeYachtClub,0xBC4CA0EdA7647A8aB7C2061c2E118A18a936f13D,6190,0x0097b9cfe64455eed479292671a1121f502bc954,0xd13c1ba642d0c3b159df53204fb9e8ff892c5ca8,29.409915,seaport,18450224,1698514756,0xc6be83a0107a4476cd92b557700f022d9888cecb5915c92f0bc84a6907f2a1fb
BoredApeYachtClub,0xBC4CA0EdA7647A8aB7C2061c2E118A18a936f13D,1687,0xf340ebaf2e016c953003d92079b602fa58bcb869,0x5e525f13ebec9a839e7a5d69a901c726110ef179,29.09,seaport,18448325,1698491785,0x265b9b795241576813ec9b30fe1bd262af0632de58f68784574b95b4c775ce66
BoredApeYachtClub,0xBC4CA0EdA7647A8aB7C2061c2E118A18a936f13D,7634,0xe25eb016220d500f13565450abd7ed60a9fbf67d,0x7c1958ba95ab3170f6069dadf4de304b0c00000c,32.99,seaport,18448253,1698490915,0x21b9a9c99eea816d8ff448a96302985f6ccee11f06741947ef77b0d90aee0dbd
BoredApeYachtClub,0xBC4CA0EdA7647A8aB7C2061c2E118A18a936f13D,3174,0x441c5d77fb66c185235844a1036e02b8c425d7e3,0x2c2ed4b3876c442fee80bee76ce0ee2ca2a512af,38.0,seaport,18448021,1698488108,0xac062e5de8c989a6b9188f1d36c23ad16fff7fe9a308971a14affc7ba61d5e8f
BoredApeYachtClub,0xBC4CA0EdA7647A8aB7C2061c2E118A18a936f13D,8178,0x6b92686c40747c85809a6772d0eda8e22a77c60c,0x05c250120ce07ba6fe361b39ac344148435c25ca,60.69,x2y2,18446184,1698465888,0x6c3e9c002637264818dba7d2b5afffcb06e8307ba7c00a016a3ed3a522323117
BoredApeYachtClub,0xBC4CA0EdA7647A8aB7C2061c2E118A18a936f13D,5467,0xc4d469c1419bd07d7223ab4ecedbfa639bb87233,0x69986d5af481c14ca1351c8f330a34a0afcd90bd,39.7,x2y2,18446100,1698464872,0x6bfade550b2909d1eeffe93ef1c21186024a10186b130479ae63bfbe96ee1f79
BoredApeYachtClub,0xBC4CA0EdA7647A8aB7C2061c2E118A18a936f13D,878,0x47147c03b34e177020905afe309b77636ecac256,0x3d6d603e0d85dfcd5dd5059f970d546bfe6ee73c,35.5,x2y2,18444963,1698451118,0xfea07731bed38ae4fc166cdf180b1229a215bf54bba1a724c029c926c2fbfd79
BoredApeYachtClub,0xBC4CA0EdA7647A8aB7C2061c2E118A18a936f13D,2250,0x7a3010b00d9866c80cadafeca573490e432ba3ac,0xbf24e4331022152b8da301560192d85a8ba91505,29.69,seaport,18444959,1698451070,0x37e8d91334c9bccb0651f69d7b87d33257be70e3101cbe77a9ad9886ab8f2b03
BoredApeYachtClub,0xBC4CA0EdA7647A8aB7C2061c2E118A18a936f13D,8428,0x3e6527de2cfec82ce5240d5559a8b09d256d5d6d,0x2244deba8c0e788a60b30b805ff970e082bdbc5a,28.15,x2y2,18443514,1698433591,0x2019992dfe47779a5d383d919fffc17f8ff8ba44bfe67acd3fa4f05d71546c72
BoredApeYachtClub,0xBC4CA0EdA7647A8aB7C2061c2E118A18a936f13D,2395,0xc02ea22b128fc4b2ad7e46666e3259ade2057953,0x11e5f31fd0e62654912eaea3d403b5a761fb6fd4,29.9,seaport,18443337,1698431450,0x40242de84d1bc0615d0344988c4f4284d8fe6a7346e15fe324e7a3a399ebd574
BoredApeYachtClub,0xBC4CA0EdA7647A8aB7C2061c2E118A18a936f13D,6371,0xa210887b0c79639d6909fde3ce0458cfd57bf23e,0x5e525f13ebec9a839e7a5d69a901c726110ef179,28.75,x2y2,18442637,1698422983,0x3158d6523c64aea602adc01016368d559f4bffda89b27ad04bf690c51a7767cc
BoredApeYachtClub,0xBC4CA0EdA7647A8aB7C2061c2E118A18a936f13D,6824,0xffbd08371fae1e00e28be21d7a274790ba2dbaf6,0x8b9acd4be3a852571ec71293348e3c7bb1d70b02,28.49,seaport,18442034,1698415689,0xcb982c0371f86d8deced501dad48237ef446cf897fe1d178184588e9b99ba342
BoredApeYachtClub,0xBC4CA0EdA7647A8aB7C2061c2E118A18a936f13D,6510,0xffbd08371fae1e00e28be21d7a274790ba2dbaf6,0xc7d64d4402702f6e068103e0e2af0998c063c5aa,28.0,seaport,18442032,1698415665,0x778228ec1834ece6b1240e4dccb702998bdf6045ad79039929e573c9199975a9
BoredApeYachtClub,0xBC4CA0EdA7647A8aB7C2061c2E118A18a936f13D,915,0x978852db1bf809e30576c951733227d2a8fcc07d,0x470e99a20f2dd39190a1df2ee2cd7726fa489d17,28.5,seaport,18442016,1698415471,0x17e0759607a133f092da1920c57955e2328568690ad5456d5ffd2ccf479904c8
BoredApeYachtClub,0xBC4CA0EdA7647A8aB7C2061c2E118A18a936f13D,9803,0x3f230a02f3e28f9ae50a608efd3ed495ed702094,0x69986d5af481c14ca1351c8f330a34a0afcd90bd,29.69,seaport,18441833,1698413257,0x0fe158c1f19a729fd3c3e26c50d439d0e5778a2d8353f8482f8cc17267ae725c
BoredApeYachtClub,0xBC4CA0EdA7647A8aB7C2061c2E118A18a936f13D,8217,0xc4d469c1419bd07d7223ab4ecedbfa639bb87233,0x87d411bb593218f43b1c76278769a0f5d1b740f4,27.99,seaport,18441568,1698410052,0x33c27dd2ecbe3a13380de0fa7db51d843f2b909f1b55eccf7a2759990dac2cea
BoredApeYachtClub,0xBC4CA0EdA7647A8aB7C2061c2E118A18a936f13D,9860,0x23436ed502bb75e3321d5ced7820785b9c84052b,0xd1395ae3cad3d3a7c7ba923479f56bc2ad12e515,27.99,seaport,18441516,1698409423,0xce0d2d446c3e0bf3cba1b99ae7ffab52e09732f0eea12511d04ba4f6c5a956b4
BoredApeYachtClub,0xBC4CA0EdA7647A8aB7C2061c2E118A18a936f13D,4189,0x1bfc9a53345ec9abb362eb9d5953e7689ace1cd3,0x4341f1bdd076760013ffc1aeff9fcf1c2c815fab,48.0,x2y2,18441369,1698407645,0x10bce5dc210f43e8cf1fef6cc392ae8ef1d33caaba4bbb2002a3407a45f0ae0e
BoredApeYachtClub,0xBC4CA0EdA7647A8aB7C2061c2E118A18a936f13D,9522,0xa7631836db2e3ec13cb2e7cfbc687c168dbed336,0xb9eb79e3e735ee636255dd8d65872a1287744e33,27.4,seaport,18440427,1698396250,0x561a5a50bb0182916170deba29df846d682ced9c1e7193cb10a41393f5d267c6
BoredApeYachtClub,0xBC4CA0EdA7647A8aB7C2061c2E118A18a936f13D,1695,0xcb7c4de1e766ca39fab4a83424756d2ffac9858c,0x260080aa1af8ef0b08f968d447bddcfd83a5a6a4,30.0,seaport,18439911,1698390009,0x2dc94516295369318bc158a708304c28b2c6b898e132e4a4df44c4da94a9e446
BoredApeYachtClub,0xBC4CA0EdA7647A8aB7C2061c2E118A18a936f13D,8317,0xcb7c4de1e766ca39fab4a83424756d2ffac9858c,0xcb7c4de1e766ca39fab4a83424756d2ffac9858c,26.47125,seaport,18439901,1698389888,0x784811231c9731bb67088b9b0d0b7b5e4a6d8195ebae1fd733a97cae9f807ac2
BoredApeYachtClub,0xBC4CA0EdA7647A8aB7C2061c2E118A18a936f13D,8317,0x0097b9cfe64455eed479292671a1121f502bc954,0xcb7c4de1e766ca39fab4a83424756d2ffac9858c,27.82875,seaport,18439901,1698389888,0x784811231c9731bb67088b9b0d0b7b5e4a6d8195ebae1fd733a97cae9f807ac2
BoredApeYachtClub,0xBC4CA0EdA7647A8aB7C2061c2E118A18a936f13D,4189,0x4341f1bdd076760013ffc1aeff9fcf1c2c815fab,0x74619cfc7ec552e5051c181f49428ccd154256f7,47.042069,seaport,18439538,1698385497,0xa52e59125fa4d9ad6a3fe9d6d3adfdbf71cc28d0e27f90bca9ce7946e7d21bda
BoredApeYachtClub,0xBC4CA0EdA7647A8aB7C2061c2E118A18a936f13D,6561,0x3d8e65063132746818158c2f4cb54e80c5599a34,0x6c93ef41d7854ed541e00ee035ebf43d5356e8d8,28.9,seaport,18434530,1698324919,0xad91655cf083088a4f56c355e6f0497f6784d8e73b7498e5af41b2ed5753558c
BoredApeYachtClub,0xBC4CA0EdA7647A8aB7C2061c2E118A18a936f13D,3964,0xcafba4ca4a4886ae0938cc8ef91b605db9e4bf08,0x63989a803b61581683b54ab6188ffa0f4baadf28,26.9,seaport,18434240,1698321412,0x173a45c8a1aab828ac1990a102af50ce2013d9241acf2a0679e3a53b1a21c0d4
BoredApeYachtClub,0xBC4CA0EdA7647A8aB7C2061c2E118A18a936f13D,9191,0x23436ed502bb75e3321d5ced7820785b9c84052b,0x8b9acd4be3a852571ec71293348e3c7bb1d70b02,26.79,seaport,18433521,1698312715,0x6f7b9cb8df7513500bc737072ce9fe31a70106a4d578bda26f3d3ebfd88724dd
BoredApeYachtClub,0xBC4CA0EdA7647A8aB7C2061c2E118A18a936f13D,2490,0xf4099998b8ec1a5abff44a588665e201b91f57f2,0x36f9d68246329fd3d11d31a9d6947af2ea7de136,27.9,seaport,18433218,1698309049,0xf30fd38f91ec39bd6259b2d6cad48c31eac12527824497efdae082bfef462f03
BoredApeYachtClub,0xBC4CA0EdA7647A8aB7C2061c2E118A18a936f13D,6991,0x6d596fdfd3381ebb5ecd526ebcaec8cc2ba019ff,0xd64e1f3a2df4c153f26e7cb79e42673df385d239,27.3,seaport,18432828,1698304332,0x9febf552ac364044edd1f2ca2cd1aec5735e5fd33a287932796c7707c881d997
BoredApeYachtClub,0xBC4CA0EdA7647A8aB7C2061c2E118A18a936f13D,2599,0x6a2b4a8edbea07753d8710c6e088b21f1a73971b,0xbfe8270d85cae24420af050ff74c735c0f218a29,44.0,seaport,18432186,1698296566,0x8aa17805d96f141ef64277886f5f5ab99dbb4f3e1a9c43ac4348f0bcfe0c486d
BoredApeYachtClub,0xBC4CA0EdA7647A8aB7C2061c2E118A18a936f13D,945,0x70958aa0d159a9e9d92fd0e5a6565273c64082c3,0xc4d469c1419bd07d7223ab4ecedbfa639bb87233,27.49,seaport,18432043,1698294836,0x626f6fb11650e37536918ff2aefb0b4131722049ea3398ec04807b72d36f71cf
BoredApeYachtClub,0xBC4CA0EdA7647A8aB7C2061c2E118A18a936f13D,3059,0x48c1bee964913d883c4cf19ba76493b62bc34fcb,0x441c5d77fb66c185235844a1036e02b8c425d7e3,26.95,seaport,18428201,1698248363,0xb4f093fb87c86cd633772d1fd6922df9bb0273c11905a5e59e7527145d5407d7
BoredApeYachtClub,0xBC4CA0EdA7647A8aB7C2061c2E118A18a936f13D,7171,0xf1cd08e18d28368727d453a8d51dc5b78281a49b,0x6c782bda4b37b1f457615b19c45798a0a224bc66,31.0,seaport,18422921,1698184496,0x4515b26df7e8af9ada80eae166dd793c6a3b4b49d4f783a4bbf4bc1f1a8fe515
BoredApeYachtClub,0xBC4CA0EdA7647A8aB7C2061c2E118A18a936f13D,3058,0xffbd08371fae1e00e28be21d7a274790ba2dbaf6,0x47147c03b34e177020905afe309b77636ecac256,27.3,seaport,18422169,1698175399,0x348faf8d770124153514066a2cd6c114a9d8f2964af28190d9b5780e39f7eb50
BoredApeYachtClub,0xBC4CA0EdA7647A8aB7C2061c2E118A18a936f13D,5252,0xffbd08371fae1e00e28be21d7a274790ba2dbaf6,0x441c5d77fb66c185235844a1036e02b8c425d7e3,26.95,seaport,18422167,1698175375,0x00b70f8c699415b4375ba02f1b009d44ce4f27e61f03bd4c142e0ed8b425bac6
BoredApeYachtClub,0xBC4CA0EdA7647A8aB7C2061c2E118A18a936f13D,2129,0xffbd08371fae1e00e28be21d7a274790ba2dbaf6,0xe29efa629907b43dfb6c6da0ce0abaa5c212cbfd,26.95,seaport,18422164,1698175339,0xf06879b34e20334be235ada93a69ef1be44e8c69a4296ad1ddb04aa4f198fabf
BoredApeYachtClub,0xBC4CA0EdA7647A8aB7C2061c2E118A18a936f13D,866,0x1ca6ec0e5b2b9fd6bbcc4cd5c3bca89ff0efd726,0xe969492dad509fbf160c30c12c744179fb26e79c,60.0,x2y2,18422092,1698174468,0xe9d40b26dd76413f42710de621e60f32033caceb1c3b97500d746bc560262294
BoredApeYachtClub,0xBC4CA0EdA7647A8aB7C2061c2E118A18a936f13D,360,0x441c5d77fb66c185235844a1036e02b8c425d7e3,0x69986d5af481c14ca1351c8f330a34a0afcd90bd,32.25,seaport,18421579,1698168263,0xe16c62256ab718ed1b138389558852211c18efa12554132c48ca57b8d376ae38
BoredApeYachtClub,0xBC4CA0EdA7647A8aB7C2061c2E118A18a936f13D,5252,0x2fff908828acd45c11dc070e2163949812d7a6c3,0x2fff908828acd45c11dc070e2163949812d7a6c3,25.263128,seaport,18421170,1698163315,0xaa0c2f1499b27a7bd42870e415f02b21cd5ce048d1f091214fa91374807a171d
BoredApeYachtClub,0xBC4CA0EdA7647A8aB7C2061c2E118A18a936f13D,5252,0x0097b9cfe64455eed479292671a1121f502bc954,0x2fff908828acd45c11dc070e2163949812d7a6c3,26.558673,seaport,18421170,1698163315,0xaa0c2f1499b27a7bd42870e415f02b21cd5ce048d1f091214fa91374807a171d
BoredApeYachtClub,0xBC4CA0EdA7647A8aB7C2061c2E118A18a936f13D,1747,0xa4fb0e1f6ad0a87a3ec2427ca3a944c42d19d1ca,0xb584a08e2a0ba2c15dc690f835a893efdac5fded,30.69,seaport,18419794,1698146671,0xf32bf37bb2a3734a171106f6d0d69ab2c51ba4d93f27defdec7cd9ff03fc77db
BoredApeYachtClub,0xBC4CA0EdA7647A8aB7C2061c2E118A18a936f13D,7079,0x93af1b9bdd5a98ba92d746dbb8217e652309c857,0xde7587c71d388fff52c0774dd8160d435efe7ad0,27.25,x2y2,18419282,1698140478,0xc959b7f3a5171a3dccee5029bc802b1026182dbdae90a0570f1b6354dfedb2ba
BoredApeYachtClub,0xBC4CA0EdA7647A8aB7C2061c2E118A18a936f13D,2206,0xd93a258012dc0d3f8f44f2944e55389e23d4b84c,0x2e7573445b46a305f6b80f86ba56e788b2db7e68,29.45,seaport,18418505,1698131079,0x8ff95f6d701a7f29d3a599d95752d0200a243bf5f657b91b2f43c0393bdd9ee5
BoredApeYachtClub,0xBC4CA0EdA7647A8aB7C2061c2E118A18a936f13D,3780,0x8627fd3e36852d8463e79e67927d1f348565dce5,0xd249554f9d3eda730dd3a087b1922603e1d3ff48,30.0,seaport,18417010,1698112995,0xa6b55f973cba14cb6fcf32e255029265b5125eb8eb324643b3b927afe784587e
BoredApeYachtClub,0xBC4CA0EdA7647A8aB7C2061c2E118A18a936f13D,8155,0xf7328782737b5c53330199da69a0dcb7bd94f25a,0xf7328782737b5c53330199da69a0dcb7bd94f25a,25.342395,seaport,18415466,1698094319,0x8f13768c1edd9ad664f4a655dff98ca6e5f83580043a235899e49254a9ffd135
BoredApeYachtClub,0xBC4CA0EdA7647A8aB7C2061c2E118A18a936f13D,8155,0x0097b9cfe64455eed479292671a1121f502bc954,0xf7328782737b5c53330199da69a0dcb7bd94f25a,26.642005,seaport,18415466,1698094319,0x8f13768c1edd9ad664f4a655dff98ca6e5f83580043a235899e49254a9ffd135
BoredApeYachtClub,0xBC4CA0EdA7647A8aB7C2061c2E118A18a936f13D,5914,0x2e7573445b46a305f6b80f86ba56e788b2db7e68,0x0097b9cfe64455eed479292671a1121f502bc954,26.05,x2y2,18412882,1698063063,0xc840c3f698e73f4c3f25e27e173fbe49c0d9c4c6b57cca857e512734df118af8
BoredApeYachtClub,0xBC4CA0EdA7647A8aB7C2061c2E118A18a936f13D,2464,0x26b03767002ee4141fec77a0dbc6b098ec5040ed,0xdab2c757ee71808d40e17fe34a11f05a856d39e9,26.99,seaport,18412446,1698057789,0x64ee9e4618bf09b7e3c2c11c22fac7d2990eade87b53b16db3e66895a8240add
BoredApeYachtClub,0xBC4CA0EdA7647A8aB7C2061c2E118A18a936f13D,669,0x630d47851a4d2c096347b1664bde8a4b81b55ffc,0xd007058e9b58e74c33c6bf6fbcd38baab813cbb6,26.99,seaport,18410273,1698031504,0x4cccc2a42d8daa3b653cf24124ac625a6a811ea6b444caf1dbf8e2bd28ad3eb0
BoredApeYachtClub,0xBC4CA0EdA7647A8aB7C2061c2E118A18a936f13D,5214,0x66e237350e9094971aa726320be670a931858530,0x66e237350e9094971aa726320be670a931858530,25.545,seaport,18409121,1698017569,0x4c7ad6c9178de8e90dbb061fd587ebafd19a28b4ee878e87f492f6d24d75f990
BoredApeYachtClub,0xBC4CA0EdA7647A8aB7C2061c2E118A18a936f13D,5214,0xce841f783dc6d9df256af36b1cf6b3a52aa57cdc,0x66e237350e9094971aa726320be670a931858530,26.855,seaport,18409121,1698017569,0x4c7ad6c9178de8e90dbb061fd587ebafd19a28b4ee878e87f492f6d24d75f990
BoredApeYachtClub,0xBC4CA0EdA7647A8aB7C2061c2E118A18a936f13D,4827,0x38d59d809d8843d553f50f27eae1181870f03c0a,0xc71d31b0381e44503824cd58c9446fcc18390d92,26.7,seaport,18405891,1697978499,0xe9f01141f154ef36fecc30f02ce7dd53c910690eaf957ac61b4d8142bf424a9a
BoredApeYachtClub,0xBC4CA0EdA7647A8aB7C2061c2E118A18a936f13D,8003,0x48bc8ca6d9369fa80e1a725aea2bfc9b956514f8,0xcb415344cd0fc552ce7b48ee9375991ff5865895,0.0,seaport,18404627,1697963209,0xbe90701fdc861396f4793ec2374de71214a8c47f07dece59b1ce41b210eb8988
BoredApeYachtClub,0xBC4CA0EdA7647A8aB7C2061c2E118A18a936f13D,1323,0x6a2f9a88e52c38e1f27ecb01416cc3b4b2cf6dec,0x0097b9cfe64455eed479292671a1121f502bc954,27.985,seaport,18404254,1697958697,0x31183d2a0692ab732214b4ba6880b2f0ac7bbfc128d09e5e90b6263886ea438a
BoredApeYachtClub,0xBC4CA0EdA7647A8aB7C2061c2E118A18a936f13D,5930,0x6bf0af4d0a7a68d6a5db527eae6af078dba362f7,0x6bf0af4d0a7a68d6a5db527eae6af078dba362f7,25.35,seaport,18403797,1697953169,0x0c5d38750572d1fba1ae1c886ccae75e462b2f34f966c78aad9deb14cd6cf333
BoredApeYachtClub,0xBC4CA0EdA7647A8aB7C2061c2E118A18a936f13D,5930,0x41af51792cdcfab9bdc0239f1d1c274e0b2682ae,0x6bf0af4d0a7a68d6a5db527eae6af078dba362f7,26.65,seaport,18403797,1697953169,0x0c5d38750572d1fba1ae1c886ccae75e462b2f34f966c78aad9deb14cd6cf333
BoredApeYachtClub,0xBC4CA0EdA7647A8aB7C2061c2E118A18a936f13D,1233,0x020ca66c30bec2c4fe3861a94e4db4a498a35872,0x1cde4464ecd857461f84bd9b8a6595771fbddfcc,31.0,seaport,18402637,1697939138,0xfea7a89a90fb412b9cecc2d0f190087b11c978b4f5d94e6cd78dd690c3433449
BoredApeYachtClub,0xBC4CA0EdA7647A8aB7C2061c2E118A18a936f13D,322,0x4dcf51fc6ca8b0bfc23aaca91890a3e7af1a2ae6,0x86b4d38e451c707e4914ffceab9479e3a8685f98,26.66,seaport,18400046,1697907797,0x20970fa20db5dfdb7efced602ce38d79176a063b1c2730c2f64abd34ffb185bc
BoredApeYachtClub,0xBC4CA0EdA7647A8aB7C2061c2E118A18a936f13D,7724,0x6d0267156f1c6ce44caa4bf129b76009d3d41830,0x6d0267156f1c6ce44caa4bf129b76009d3d41830,34.125,seaport,18399605,1697902463,0x441061b7468e1a8d4334010b5800b6fc9f52fb2a3ca83cb49dfc92e451e1b6cc
BoredApeYachtClub,0xBC4CA0EdA7647A8aB7C2061c2E118A18a936f13D,7724,0xdfabff16df71f65405564c03181e8f99d675e6a3,0x6d0267156f1c6ce44caa4bf129b76009d3d41830,35.875,seaport,18399605,1697902463,0x441061b7468e1a8d4334010b5800b6fc9f52fb2a3ca83cb49dfc92e451e1b6cc
BoredApeYachtClub,0xBC4CA0EdA7647A8aB7C2061c2E118A18a936f13D,6499,0x441c5d77fb66c185235844a1036e02b8c425d7e3,0x5ac311ef2218a3e9b6465ebefd44ab5490ba4344,1.3,seaport,18397561,1697877755,0x66c96e9a727d462b5a241d87c76baab02a2185477dbcdd121063a08fc885ab08
BoredApeYachtClub,0xBC4CA0EdA7647A8aB7C2061c2E118A18a936f13D,2841,0x8b5abf01b87f87fb8e0ffc60d32ed7dd29b1f06b,0x69986d5af481c14ca1351c8f330a34a0afcd90bd,27.0,seaport,18394139,1697836392,0xec995ac0d83222c89f6d3dec6456b555e19bb51bc446fbddc7225e61fc166598
BoredApeYachtClub,0xBC4CA0EdA7647A8aB7C2061c2E118A18a936f13D,2069,0xf15c93562bc3944a68e938ef75d2a3360d98ca57,0xb036e72849511a481d6d1467baf8e6b1bff40d89,0.0,seaport,18393797,1697832258,0xa02912699b28c88899c40a6d2eb20ded104403a1ee509d99d93325dce394cd0d
BoredApeYachtClub,0xBC4CA0EdA7647A8aB7C2061c2E118A18a936f13D,8969,0x2a138e24cf857f189826600463c05d0cac5aeede,0x0097b9cfe64455eed479292671a1121f502bc954,26.6999,x2y2,18393494,1697828595,0xcf1c3403d6d00eb2ddcc00c9755845030a9ed30332c890c4ce9a6e070947f105
BoredApeYachtClub,0xBC4CA0EdA7647A8aB7C2061c2E118A18a936f13D,4389,0x764f6d5597842dcfc4f786fad8f5b6886c9165c9,0x441b4df01d3c4c00ac1b97bd9ecfacf2a9ea86f6,34.0,seaport,18393358,1697826951,0x29bfdbae08bf431acd0374bbff896b565a849b0df240d05ef93e9d09ee74276e
BoredApeYachtClub,0xBC4CA0EdA7647A8aB7C2061c2E118A18a936f13D,268,0x8b5abf01b87f87fb8e0ffc60d32ed7dd29b1f06b,0x0bfff40545a2250c3f11993e7b75dbbcb11e36ac,26.64,seaport,18393322,1697826516,0xf044cd634ce51a986b6f27cc1dd57b12cd46c77b7357f402303a2ded891c424e
BoredApeYachtClub,0xBC4CA0EdA7647A8aB7C2061c2E118A18a936f13D,8281,0xaa05563b84844f8f8bb1c9ab9ca1ea5f4faf6fce,0xaa05563b84844f8f8bb1c9ab9ca1ea5f4faf6fce,24.72964,seaport,18392357,1697814852,0xab86bb0f84d9c849826f5b1677749c36ac3cfa0d8794fb2a5f274e15868eb49f
BoredApeYachtClub,0xBC4CA0EdA7647A8aB7C2061c2E118A18a936f13D,8281,0xf15c93562bc3944a68e938ef75d2a3360d98ca57,0xaa05563b84844f8f8bb1c9ab9ca1ea5f4faf6fce,27.33276,seaport,18392357,1697814852,0xab86bb0f84d9c849826f5b1677749c36ac3cfa0d8794fb2a5f274e15868eb49f
BoredApeYachtClub,0xBC4CA0EdA7647A8aB7C2061c2E118A18a936f13D,9771,0x01bac761a19476f68956c9667671f13417a1071a,0x1d9bbe22c3710676214c96191e7fdf7ae067eb4a,27.0,seaport,18391571,1697805351,0x566da0ec95117522bddc903cb18167143d3b5e6ee597de118a3bfbc8d5d6fc3a
BoredApeYachtClub,0xBC4CA0EdA7647A8aB7C2061c2E118A18a936f13D,7018,0x441c5d77fb66c185235844a1036e02b8c425d7e3,0x4341f1bdd076760013ffc1aeff9fcf1c2c815fab,41.0,seaport,18390762,1697795572,0x32c4252771c347810702076ae0ddbb0aad639ffcd86df76e4c83f3d92e7b0f97
BoredApeYachtClub,0xBC4CA0EdA7647A8aB7C2061c2E118A18a936f13D,7808,0xb17cf8ef22a650b6de374a14fb1cabda635fdd8b,0x7c1958ba95ab3170f6069dadf4de304b0c00000c,3.0,seaport,18390452,1697791825,0x4229630c72484a1f2c57f80781f881d12c556053f9178a08105ec706da4b7dfd
BoredApeYachtClub,0xBC4CA0EdA7647A8aB7C2061c2E118A18a936f13D,8208,0x01344db3d60d442544967c7178f2d71c4246d528,0xce841f783dc6d9df256af36b1cf6b3a52aa57cdc,38.0,x2y2,18390080,1697787328,0x3f126100fd9d9894e21cec006a3658426038ba0d42086b07eff690cd88e113f0
BoredApeYachtClub,0xBC4CA0EdA7647A8aB7C2061c2E118A18a936f13D,2841,0x69986d5af481c14ca1351c8f330a34a0afcd90bd,0x6cfdad0772edc2ea15076a9706ec7c1f0a791ac1,26.542069,x2y2,18388723,1697770925,0x87e77e5812d438b27197e0865f366bdfabfbd433d4cb31c0c3539c759253be30
BoredApeYachtClub,0xBC4CA0EdA7647A8aB7C2061c2E118A18a936f13D,3490,0x93af1b9bdd5a98ba92d746dbb8217e652309c857,0x6cfdad0772edc2ea15076a9706ec7c1f0a791ac1,26.342069,x2y2,18388720,1697770889,0x6d9f95cf42216b6d45cf64f81709df94a41783e1326ea90416e4a0e882c66845
BoredApeYachtClub,0xBC4CA0EdA7647A8aB7C2061c2E118A18a936f13D,8954,0x020ca66c30bec2c4fe3861a94e4db4a498a35872,0x707582bff3f58f168be346d224a9693b0ae3d56e,27.0,seaport,18387852,1697760397,0xc1dac9102676c1fd6e52f740dcbdd20c4fbce847ab8b074ead96c02de7b5d536
BoredApeYachtClub,0xBC4CA0EdA7647A8aB7C2061c2E118A18a936f13D,2256,0x020ca66c30bec2c4fe3861a94e4db4a498a35872,0x2e7573445b46a305f6b80f86ba56e788b2db7e68,26.5,seaport,18387849,1697760361,0x44ef2c5080d0f1017882c6df558ff81767ee927f8f24fd672401d03bb19a3e45
BoredApeYachtClub,0xBC4CA0EdA7647A8aB7C2061c2E118A18a936f13D,5657,0x497bc9404ca545c708629273c70b2f058690fa75,0x0f8bd7b597c655869e58b9c1bcfa4ddfe590259d,3.0,seaport,18386703,1697746508,0x100d454748fc8055cad8a7c215ec8ae6162b5220c71b49eb2a632a9590fe14e4
BoredApeYachtClub,0xBC4CA0EdA7647A8aB7C2061c2E118A18a936f13D,6371,0xdfa7c236498a3592563aacce746be4461f02659d,0x0e73d837b29ac157d072c946ad65d3fa9a5750ba,26.1,x2y2,18385820,1697735835,0x5cc4cf1e5ce8f4ae7e7bc9740afd36b547fef70ba15d0c81d2249a94aef750aa
BoredApeYachtClub,0xBC4CA0EdA7647A8aB7C2061c2E118A18a936f13D,6371,0x0e73d837b29ac157d072c946ad65d3fa9a5750ba,0x6cfdad0772edc2ea15076a9706ec7c1f0a791ac1,25.69697,x2y2,18385729,1697734735,0xd107f01685fa55b9fe77ec23cf17e3ffd9d12008d5a550a271ad23e4f2ed595d
BoredApeYachtClub,0xBC4CA0EdA7647A8aB7C2061c2E118A18a936f13D,1463,0xd4f0cd7e0dfbfa45f4876008d14b89a0040f84de,0x024c7cb048bb1e635319fa63e44585414c1ea635,26.9,seaport,18380178,1697667637,0x5dd352d96fb03338d4a780e434f00a02c52f26b824daeb5fbad442e809bfe93a
BoredApeYachtClub,0xBC4CA0EdA7647A8aB7C2061c2E118A18a936f13D,6139,0xd4f0cd7e0dfbfa45f4876008d14b89a0040f84de,0x54a54b8bda2705c1e72e6709f7c2918f7161afcd,26.1,seaport,18380169,1697667528,0xc1d5315f2ca7cfc25be4b8c04db2e557d1c38ecc34a2b525a403b5c4f9d7e12e
BoredApeYachtClub,0xBC4CA0EdA7647A8aB7C2061c2E118A18a936f13D,2666,0xd4f0cd7e0dfbfa45f4876008d14b89a0040f84de,0x024c7cb048bb1e635319fa63e44585414c1ea635,25.99,seaport,18380148,1697667274,0xe56d88fd20ed90a2f59f254531473bb3356b471babc28a46eaf479b4ecba757a
BoredApeYachtClub,0xBC4CA0EdA7647A8aB7C2061c2E118A18a936f13D,4829,0xd4f0cd7e0dfbfa45f4876008d14b89a0040f84de,0x707582bff3f58f168be346d224a9693b0ae3d56e,25.9,seaport,18380141,1697667190,0xb639b144e36e0f384035f685845c28f5899cef966526393d4aa80a4b337d3bc4
BoredApeYachtClub,0xBC4CA0EdA7647A8aB7C2061c2E118A18a936f13D,5657,0x0f8bd7b597c655869e58b9c1bcfa4ddfe590259d,0xc797a3672c0cc4cca963ecb282a0285218811d9a,26.5,seaport,18379823,1697663346,0x6a510cd352b57a5c2508c8940a4955360fb1c0c15625278298f585fc00c13ca6
BoredApeYachtClub,0xBC4CA0EdA7647A8aB7C2061c2E118A18a936f13D,6147,0x26b03767002ee4141fec77a0dbc6b098ec5040ed,0x131cd5e746fa428c80b34a70b136c36722c613ae,42.69,seaport,18378708,1697649868,0x3620a5a09d0164ef61526341a0b41d7ea8dabc605a258eb69c4fa2432a9bfad4
BoredApeYachtClub,0xBC4CA0EdA7647A8aB7C2061c2E118A18a936f13D,690,0x26b03767002ee4141fec77a0dbc6b098ec5040ed,0x1cde4464ecd857461f84bd9b8a6595771fbddfcc,41.0,seaport,18378708,1697649868,0x3620a5a09d0164ef61526341a0b41d7ea8dabc605a258eb69c4fa2432a9bfad4
BoredApeYachtClub,0xBC4CA0EdA7647A8aB7C2061c2E118A18a936f13D,5432,0x26b03767002ee4141fec77a0dbc6b098ec5040ed,0xc4d469c1419bd07d7223ab4ecedbfa639bb87233,33.99,seaport,18378708,1697649868,0x3620a5a09d0164ef61526341a0b41d7ea8dabc605a258eb69c4fa2432a9bfad4
BoredApeYachtClub,0xBC4CA0EdA7647A8aB7C2061c2E118A18a936f13D,6763,0x26b03767002ee4141fec77a0dbc6b098ec5040ed,0x0e1c3d5357c34f5cba26d9bf6f750cba14bb2653,33.33,seaport,18378708,1697649868,0x3620a5a09d0164ef61526341a0b41d7ea8dabc605a258eb69c4fa2432a9bfad4
BoredApeYachtClub,0xBC4CA0EdA7647A8aB7C2061c2E118A18a936f13D,8831,0x26b03767002ee4141fec77a0dbc6b098ec5040ed,0x5265743a3298f874671ac2251b4eec3f38f618b2,25.84,seaport,18378708,1697649868,0x3620a5a09d0164ef61526341a0b41d7ea8dabc605a258eb69c4fa2432a9bfad4
BoredApeYachtClub,0xBC4CA0EdA7647A8aB7C2061c2E118A18a936f13D,8614,0x441c5d77fb66c185235844a1036e02b8c425d7e3,0x69986d5af481c14ca1351c8f330a34a0afcd90bd,3.0,seaport,18378159,1697643232,0x24317e4ab832e691e4dac56bc5e3b9e56b17fc1e376c8859aa17cec9c6c0f5e2
BoredApeYachtClub,0xBC4CA0EdA7647A8aB7C2061c2E118A18a936f13D,1817,0x441c5d77fb66c185235844a1036e02b8c425d7e3,0x86e18f6e27830859140d28a59cc2963c35620400,27.0,seaport,18378153,1697643159,0x8fa1e2941c2c4e6db9c7500f225589e009a8197368013f7a0770c1d8fb86c776
BoredApeYachtClub,0xBC4CA0EdA7647A8aB7C2061c2E118A18a936f13D,2012,0xd8670e0ad4c12449a44e4208c7a40fcdcfe40b20,0xf15c93562bc3944a68e938ef75d2a3360d98ca57,26.5,seaport,18377343,1697633369,0x15e3349dc5fda7b1bef3076de5d70da7b12183abe12caa8bfb1322493e360b59
BoredApeYachtClub,0xBC4CA0EdA7647A8aB7C2061c2E118A18a936f13D,8463,0x6d596fdfd3381ebb5ecd526ebcaec8cc2ba019ff,0xbd0f764ade4ecc77ab5c9ba64f495db2deb8159e,38.41,seaport,18376022,1697617401,0x6bd44ac7cc09b2e9e2af8d9b8cac11e9ffcbd6bd35a17c341755b27ec7886103
BoredApeYachtClub,0xBC4CA0EdA7647A8aB7C2061c2E118A18a936f13D,9291,0x2c2ed4b3876c442fee80bee76ce0ee2ca2a512af,0x1c3912f103563ee38fb827bf03641f4ec6d52e2a,2.55,seaport,18372720,1697577488,0x0fe3316c29dec1de02a70805a5f58fa07c1d6d51e20eb69c94ad03c7171f8af8
BoredApeYachtClub,0xBC4CA0EdA7647A8aB7C2061c2E118A18a936f13D,5898,0x77d1a0037f4451988d11bb56a7ca38d6c6b70cb3,0xaf6209795446f33492133df966042bc2b568d866,36.0,seaport,18372423,1697573898,0x6f9bfdfb451f0ff0f4b4511a6c058e488613d0a4df395257d4e452e712fc422f
BoredApeYachtClub,0xBC4CA0EdA7647A8aB7C2061c2E118A18a936f13D,5432,0xc4d469c1419bd07d7223ab4ecedbfa639bb87233,0x662307a93bce119539a81408186bba28f01613cf,31.0,x2y2,18371629,1697564300,0x3bb6b1ebe8e5ecf19204baca2162af216819cbbee0e4f5eae5ec2f72c6731752
BoredApeYachtClub,0xBC4CA0EdA7647A8aB7C2061c2E118A18a936f13D,7200,0x58867fa928b92ca3dc1c709d058ea1bfa1fc28d5,0x242559cceece552cc790bd3f2f9d890921ed6125,25.7,x2y2,18371397,1697561496,0x0394647c56146365d6b0c76ada04d8a5e40615bc05222edef424c24f364c382b
BoredApeYachtClub,0xBC4CA0EdA7647A8aB7C2061c2E118A18a936f13D,360,0x441c5d77fb66c185235844a1036e02b8c425d7e3,0x242559cceece552cc790bd3f2f9d890921ed6125,6.5,seaport,18370869,1697555113,0x9dae8fecd4e8b8db6f82c189b4edf00d9b7c517ab15cfa97d718dac6faa15eb2
BoredApeYachtClub,0xBC4CA0EdA7647A8aB7C2061c2E118A18a936f13D,5488,0x2e7573445b46a305f6b80f86ba56e788b2db7e68,0x2e7573445b46a305f6b80f86ba56e788b2db7e68,0.0,seaport,18369246,1697535495,0x7a1e04b883711c1dfae54a1901c741b8a0ff81315fd0eea159fc2179aa0e5654
BoredApeYachtClub,0xBC4CA0EdA7647A8aB7C2061c2E118A18a936f13D,5488,0x67f20101451814115e53e8e63e117056a6f53a1a,0x2e7573445b46a305f6b80f86ba56e788b2db7e68,0.0,seaport,18369246,1697535495,0x7a1e04b883711c1dfae54a1901c741b8a0ff81315fd0eea159fc2179aa0e5654
BoredApeYachtClub,0xBC4CA0EdA7647A8aB7C2061c2E118A18a936f13D,2440,0x9f0716bf7e4a4e19867599a54f1108e0c11fec98,0x86e18f6e27830859140d28a59cc2963c35620400,25.2,seaport,18367091,1697509447,0x63122b10eae549d86e779b050b6198c37224c05e0d83ddbf4b6361900202b535
BoredApeYachtClub,0xBC4CA0EdA7647A8aB7C2061c2E118A18a936f13D,8267,0x68fcb0e9aec2a1a1147498e527431d64eb5dad74,0x2a138e24cf857f189826600463c05d0cac5aeede,27.3,x2y2,18363800,1697469666,0x48a7f84e10ac0bc23a3a07da2cfd35de6eb641f5baa084b0c4565e6abb182cb7
BoredApeYachtClub,0xBC4CA0EdA7647A8aB7C2061c2E118A18a936f13D,2190,0x6d0267156f1c6ce44caa4bf129b76009d3d41830,0x30a5ca69387c989b42f1fc344762dcc6c2d728a8,29.5,x2y2,18363653,1697467889,0xff4d70224cc52ee752dd9d674b3d6963f96899e8b195ea29e31f7a69bc6c0356
BoredApeYachtClub,0xBC4CA0EdA7647A8aB7C2061c2E118A18a936f13D,4626,0x2eebe529aaa5f63ee65bb8e8b71c5b9a468f929f,0x441c5d77fb66c185235844a1036e02b8c425d7e3,31.5,seaport,18363286,1697463453,0x11146b2e58012d2d45f27e0c5ee0cabde9a906f4dd56ed5aef4039c309d5810b
BoredApeYachtClub,0xBC4CA0EdA7647A8aB7C2061c2E118A18a936f13D,4249,0x9c731c50fb63ee893121245b58816e212f64df6e,0x9c73c0b9d332e2c28527033e8c800b17dc946b33,26.98,seaport,18362529,1697454303,0x002fa1636bd7ccbc704fa16cb4f6637864eed32398408f62eedf46fa40931f04
BoredApeYachtClub,0xBC4CA0EdA7647A8aB7C2061c2E118A18a936f13D,3224,0x5604a0d277e3dae093bcffeef3732a42adc18958,0x21e1650c1c0255884579713e0c651c8f33d6ac5c,27.0,seaport,18360673,1697431868,0x3bc52355cb10bbb3ada29584c1db01f13f9e5cfe90a20d30838bc2005b222578
BoredApeYachtClub,0xBC4CA0EdA7647A8aB7C2061c2E118A18a936f13D,2207,0xcb415344cd0fc552ce7b48ee9375991ff5865895,0x331990d9c665c991d6726b1b9c2ecd32a19f2c1a,29.5,x2y2,18360087,1697424785,0xca86213fdcaabfc18b0c468b2dddac68f441c77ba5a3232d0134c050f6f358d2
BoredApeYachtClub,0xBC4CA0EdA7647A8aB7C2061c2E118A18a936f13D,9520,0xda0d32ce15f6d90e17e1ee6bc0925c6fabe5c9b2,0x5ac311ef2218a3e9b6465ebefd44ab5490ba4344,27.98,seaport,18360068,1697424555,0x115bf2357891d6f0e86999370c9acbfd06378bdbc731b1d0648031c8db1eaf4e
BoredApeYachtClub,0xBC4CA0EdA7647A8aB7C2061c2E118A18a936f13D,360,0x242559cceece552cc790bd3f2f9d890921ed6125,0xf9ed4de3793bc577c8eb1a269387d28cf11def2d,28.5,seaport,18359842,1697421824,0x303009030b3f875c3880b53ea1f060312dc00c660abfedb4cf63470f8d3101c4
BoredApeYachtClub,0xBC4CA0EdA7647A8aB7C2061c2E118A18a936f13D,1323,0xea5b1f2f29d89dd959b11cf7d28065f1f25cf697,0xea5b1f2f29d89dd959b11cf7d28065f1f25cf697,23.937127,seaport,18356177,1697377523,0x47e09d2cb6319303df9a78db5515b853b308f27582a27a6ee8fb0e501efa8945
BoredApeYachtClub,0xBC4CA0EdA7647A8aB7C2061c2E118A18a936f13D,1323,0x0097b9cfe64455eed479292671a1121f502bc954,0xea5b1f2f29d89dd959b11cf7d28065f1f25cf697,25.164672,seaport,18356177,1697377523,0x47e09d2cb6319303df9a78db5515b853b308f27582a27a6ee8fb0e501efa8945
BoredApeYachtClub,0xBC4CA0EdA7647A8aB7C2061c2E118A18a936f13D,885,0x4f52bf5c3787ab911472a482c81bd2eea7ab7738,0x18a244147f9e7fbaef8f871251c94bff190556ed,31.0,seaport,18353505,1697345225,0x7ea641de6d7c37a84bb9c4df0021ce65f0c9e4d740d2b710e3419cff8a04b737
BoredApeYachtClub,0xBC4CA0EdA7647A8aB7C2061c2E118A18a936f13D,8267,0x2a138e24cf857f189826600463c05d0cac5aeede,0x7017e251b844a1cf967c609fa14d0e48bd0e7ff1,25.0,seaport,18349482,1697296596,0x4e27b712a2754ee6ecfcc9edd7ae45f03fbfb4d9fd14bc0cca7f9842294a11c5
BoredApeYachtClub,0xBC4CA0EdA7647A8aB7C2061c2E118A18a936f13D,6858,0x02bf6c27f51af365dbbd5a7fdc544883b95e6af9,0x027050e062ab1a7695e2b4ac3b7efa0d251d3d09,45.0,seaport,18348970,1697290407,0xc02d9d7df07958cf1bdba6dca5faad92952adcb72877c1f9887adb21762653b2
BoredApeYachtClub,0xBC4CA0EdA7647A8aB7C2061c2E118A18a936f13D,8199,0xfaf296adf44b0eaf8d4223ae543d03d249caeabe,0xfaf296adf44b0eaf8d4223ae543d03d249caeabe,23.70225,seaport,18346399,1697259330,0x5b2deb4320124405e4e53b21af015ef06318b3779edd44cad644ddd625023d89
BoredApeYachtClub,0xBC4CA0EdA7647A8aB7C2061c2E118A18a936f13D,8199,0x2a138e24cf857f189826600463c05d0cac5aeede,0xfaf296adf44b0eaf8d4223ae543d03d249caeabe,24.91775,seaport,18346399,1697259330,0x5b2deb4320124405e4e53b21af015ef06318b3779edd44cad644ddd625023d89
BoredApeYachtClub,0xBC4CA0EdA7647A8aB7C2061c2E118A18a936f13D,5488,0xfaf296adf44b0eaf8d4223ae543d03d249caeabe,0xfaf296adf44b0eaf8d4223ae543d03d249caeabe,23.74125,seaport,18346392,1697259246,0xe6f3cd647d9444380a030ef155e87f3e750cdedb679a00d1bec365acb2788e5a
BoredApeYachtClub,0xBC4CA0EdA7647A8aB7C2061c2E118A18a936f13D,5488,0x2e7573445b46a305f6b80f86ba56e788b2db7e68,0xfaf296adf44b0eaf8d4223ae543d03d249caeabe,24.95875,seaport,18346392,1697259246,0xe6f3cd647d9444380a030ef155e87f3e750cdedb679a00d1bec365acb2788e5a
BoredApeYachtClub,0xBC4CA0EdA7647A8aB7C2061c2E118A18a936f13D,638,0xfaf296adf44b0eaf8d4223ae543d03d249caeabe,0xfaf296adf44b0eaf8d4223ae543d03d249caeabe,23.684992,seaport,18346374,1697259028,0xed583cc97847c882acd1b24b2ee44c81bfe695a08e2175e243741b29af12f7ad
BoredApeYachtClub,0xBC4CA0EdA7647A8aB7C2061c2E118A18a936f13D,638,0x0097b9cfe64455eed479292671a1121f502bc954,0xfaf296adf44b0eaf8d4223ae543d03d249caeabe,24.899608,seaport,18346374,1697259028,0xed583cc97847c882acd1b24b2ee44c81bfe695a08e2175e243741b29af12f7ad
BoredApeYachtClub,0xBC4CA0EdA7647A8aB7C2061c2E118A18a936f13D,9126,0xfaf296adf44b0eaf8d4223ae543d03d249caeabe,0xfaf296adf44b0eaf8d4223ae543d03d249caeabe,23.740178,seaport,18346370,1697258980,0x0ba7cf53dbd5310403346eb7e20b73b3656dc1a9bdad79d212f7eb6d8b789267
BoredApeYachtClub,0xBC4CA0EdA7647A8aB7C2061c2E118A18a936f13D,9126,0x41af51792cdcfab9bdc0239f1d1c274e0b2682ae,0xfaf296adf44b0eaf8d4223ae543d03d249caeabe,24.957622,seaport,18346370,1697258980,0x0ba7cf53dbd5310403346eb7e20b73b3656dc1a9bdad79d212f7eb6d8b789267
BoredApeYachtClub,0xBC4CA0EdA7647A8aB7C2061c2E118A18a936f13D,4463,0xfaf296adf44b0eaf8d4223ae543d03d249caeabe,0xfaf296adf44b0eaf8d4223ae543d03d249caeabe,23.121765,seaport,18346357,1697258822,0xc2b3e4903399ed9e9d5c2efcef95f75936557a2dd13a9dfcb3221736f32c9ca0
BoredApeYachtClub,0xBC4CA0EdA7647A8aB7C2061c2E118A18a936f13D,4463,0xf15c93562bc3944a68e938ef75d2a3360d98ca57,0xfaf296adf44b0eaf8d4223ae543d03d249caeabe,25.555635,seaport,18346357,1697258822,0xc2b3e4903399ed9e9d5c2efcef95f75936557a2dd13a9dfcb3221736f32c9ca0
BoredApeYachtClub,0xBC4CA0EdA7647A8aB7C2061c2E118A18a936f13D,6499,0xb3e0a45eb952831a20ec1e1876ba706143a76623,0xb3e0a45eb952831a20ec1e1876ba706143a76623,24.375,seaport,18345567,1697249273,0xde21fb131d578ef49746ad304a744d4ee7f0fb7b3603699e0b59867a68a6e960
BoredApeYachtClub,0xBC4CA0EdA7647A8aB7C2061c2E118A18a936f13D,6499,0xc4d469c1419bd07d7223ab4ecedbfa639bb87233,0xb3e0a45eb952831a20ec1e1876ba706143a76623,25.625,seaport,18345567,1697249273,0xde21fb131d578ef49746ad304a744d4ee7f0fb7b3603699e0b59867a68a6e960
BoredApeYachtClub,0xBC4CA0EdA7647A8aB7C2061c2E118A18a936f13D,286,0x6d596fdfd3381ebb5ecd526ebcaec8cc2ba019ff,0x5e525f13ebec9a839e7a5d69a901c726110ef179,28.85,seaport,18344804,1697240050,0x6958df374c7e1cec2a088228cde80b544fce82e1631ca97be24467d42c46f611
BoredApeYachtClub,0xBC4CA0EdA7647A8aB7C2061c2E118A18a936f13D,429,0x133290dd301119ca34b2e8601ba1d4c10c11a5ae,0xa7a9edaad66fa17f2c632ae01ca320c2e3b2ba92,1.75,seaport,18344714,1697238963,0x8342bebd2303b5ecb7047c35fdf0ac3d17e265b70e1f7a10ea147351920e4682
BoredApeYachtClub,0xBC4CA0EdA7647A8aB7C2061c2E118A18a936f13D,1976,0x7fb6123f947dff6bd83f2f7a05fa35367abb7ced,0xdf769a11ff30283abf77d642f30f42c6f625b8cd,26.69,seaport,18344463,1697235929,0xf6fe61a57c9befc1c962440ac3af24cd9c062ce498f79d594474f842100c073d
BoredApeYachtClub,0xBC4CA0EdA7647A8aB7C2061c2E118A18a936f13D,968,0x26b03767002ee4141fec77a0dbc6b098ec5040ed,0xb9eb79e3e735ee636255dd8d65872a1287744e33,40.0,seaport,18341470,1697199750,0x2d86cc6666a4a639a31dbb5d9b89b96690079870e3c4e8f3b31e51c5ccccb84d
BoredApeYachtClub,0xBC4CA0EdA7647A8aB7C2061c2E118A18a936f13D,3118,0x26b03767002ee4141fec77a0dbc6b098ec5040ed,0x90b8392a43fe0697733d6ba0ae1806a113f26484,34.5,seaport,18341470,1697199750,0x2d86cc6666a4a639a31dbb5d9b89b96690079870e3c4e8f3b31e51c5ccccb84d
BoredApeYachtClub,0xBC4CA0EdA7647A8aB7C2061c2E118A18a936f13D,6937,0xedd983cd14544a2ee67ccaea588b7388d08c73ce,0x7c1958ba95ab3170f6069dadf4de304b0c00000c,25.98,seaport,18341420,1697199146,0x93ee1f0491945d90fc2bbf0d2d038f11b3b93dcce1ed4f4c180f3031ccd6660c
BoredApeYachtClub,0xBC4CA0EdA7647A8aB7C2061c2E118A18a936f13D,3682,0x26b03767002ee4141fec77a0dbc6b098ec5040ed,0x4f6d2487f5ab89b605b870d67adb16e5ef201ca5,27.0,seaport,18341414,1697199073,0xa8aa9bc0341ac5b9b7b053b1bf65ce9ba9da62a66bc59e5b7b586d0fe6ddd7cb
BoredApeYachtClub,0xBC4CA0EdA7647A8aB7C2061c2E118A18a936f13D,1862,0x26b03767002ee4141fec77a0dbc6b098ec5040ed,0x74b5f66e83359eab6882ea508c88a455b707e364,26.0,seaport,18339544,1697176470,0x8b552bb3f29334bbd353bd0c19c6ce4c6ebdd59f11472a272c77f0ab6e355b07
BoredApeYachtClub,0xBC4CA0EdA7647A8aB7C2061c2E118A18a936f13D,3498,0xd399b76a7d4071ea9b4e98a2ea00ba5135be5f29,0xd399b76a7d4071ea9b4e98a2ea00ba5135be5f29,31.2,seaport,18339001,1697169906,0xc265a45be837c91397165d9c5fd8cd160606488620cefe094924e44af64fb12f
BoredApeYachtClub,0xBC4CA0EdA7647A8aB7C2061c2E118A18a936f13D,3498,0x3826f3ff52e78bad0c34132853ea98592f0a8ee5,0xd399b76a7d4071ea9b4e98a2ea00ba5135be5f29,32.8,seaport,18339001,1697169906,0xc265a45be837c91397165d9c5fd8cd160606488620cefe094924e44af64fb12f
BoredApeYachtClub,0xBC4CA0EdA7647A8aB7C2061c2E118A18a936f13D,2213,0xb74f8069bbcc605292dbb93e55818690ab5bd00b,0x7017e251b844a1cf967c609fa14d0e48bd0e7ff1,26.265,seaport,18338688,1697166123,0x30f8ba4e2f76b8c4d3ef5373b822b0f21cbeaeba62008b1af9461ba597c1665b
BoredApeYachtClub,0xBC4CA0EdA7647A8aB7C2061c2E118A18a936f13D,2323,0x3d28e511c10a51bd45dc57a438d411c627802f89,0xf3d705f9e80552b14d2c07421435d4d84d2b9332,27.0,seaport,18337746,1697154736,0x36411fcc2a472335787e7d6e8857327714f01887a6003f6738bd409319ab73f7
BoredApeYachtClub,0xBC4CA0EdA7647A8aB7C2061c2E118A18a936f13D,6937,0xb74f8069bbcc605292dbb93e55818690ab5bd00b,0x7e35fe41789a6bc7668b8c5a44928b29ed7f41e2,26.574,seaport,18331046,1697073749,0x9aab3a65d318d273849b2b8cf23f9758b5eb15cf7b39a56664ebf8d01682c84c
BoredApeYachtClub,0xBC4CA0EdA7647A8aB7C2061c2E118A18a936f13D,2666,0x024c7cb048bb1e635319fa63e44585414c1ea635,0xd00d434da36f38756efcc6d85b8fb39072082d3c,25.96,seaport,18328916,1697048003,0x696022025efa466de8baa3826f331cb3a44f469aa562ca632f3b657075ad4ee7
BoredApeYachtClub,0xBC4CA0EdA7647A8aB7C2061c2E118A18a936f13D,6208,0x9a4993f0d4106afbb6a740ee8fda81d5b206eef5,0x34805e6a3796fb04e82183667a78c2f7bff29170,42.0,seaport,18328836,1697047036,0xb2c637ed12a3e0e360bea5aa6f509efb94d3c4c4953448a37b64c4785f408c06
BoredApeYachtClub,0xBC4CA0EdA7647A8aB7C2061c2E118A18a936f13D,4813,0x00eb9616b9c51fc42d5783713c4e447e56dc6e72,0x22154ec3f542483b2c35d67cb5e75a905338c259,0.0,seaport,18327971,1697036580,0x7afca48db5acc66776677d81297ce84de728dc76eeddea2360269c2b61350527
BoredApeYachtClub,0xBC4CA0EdA7647A8aB7C2061c2E118A18a936f13D,7134,0x65a837220bddc55b67010adec2125e136ed19444,0x65a837220bddc55b67010adec2125e136ed19444,29.25,seaport,18326517,1697019005,0x670bd9c2187938cc331dd7e4d7b4408a4c72bf982b5bfe4a1b1a4e5efa3348ce
BoredApeYachtClub,0xBC4CA0EdA7647A8aB7C2061c2E118A18a936f13D,7134,0x2df2c9e26dba3ff12c486b0f74a0f2f29ec94eaa,0x65a837220bddc55b67010adec2125e136ed19444,30.75,seaport,18326517,1697019005,0x670bd9c2187938cc331dd7e4d7b4408a4c72bf982b5bfe4a1b1a4e5efa3348ce
BoredApeYachtClub,0xBC4CA0EdA7647A8aB7C2061c2E118A18a936f13D,8748,0x509c7dcc44b43ed55fa43ccdde0b254853e6e3c8,0xd249554f9d3eda730dd3a087b1922603e1d3ff48,27.0,seaport,18323615,1696983926,0x51a57070888c6bd0acd4280de39edc68b1874fb92595bae1853af973d95e6634
BoredApeYachtClub,0xBC4CA0EdA7647A8aB7C2061c2E118A18a936f13D,3449,0x7fb6123f947dff6bd83f2f7a05fa35367abb7ced,0xd23b06012790e2d8e01a7607127588b609c27f0c,30.0,seaport,18322346,1696968587,0xb397f13964bb63f7cde076a73471c7c89ff14cdfa52f6b49ab97336774bb545c
BoredApeYachtClub,0xBC4CA0EdA7647A8aB7C2061c2E118A18a936f13D,8690,0x26b03767002ee4141fec77a0dbc6b098ec5040ed,0x805076bb8b11466ae76cfd2d4b67bcb69f449070,45.0,seaport,18321523,1696958639,0x2ef52d4398ae3f4bec79f68f19515fcc5317964faeb9ff980686ff12f2621c58
BoredApeYachtClub,0xBC4CA0EdA7647A8aB7C2061c2E118A18a936f13D,490,0x26b03767002ee4141fec77a0dbc6b098ec5040ed,0x18beceb3674f20ee3f75c03ef06542c8c882d088,35.5,seaport,18321523,1696958639,0x2ef52d4398ae3f4bec79f68f19515fcc5317964faeb9ff980686ff12f2621c58
BoredApeYachtClub,0xBC4CA0EdA7647A8aB7C2061c2E118A18a936f13D,8262,0x26b03767002ee4141fec77a0dbc6b098ec5040ed,0x47a9f89b1587db59a9aa53a93e9eae5915e8b36f,32.88,seaport,18321523,1696958639,0x2ef52d4398ae3f4bec79f68f19515fcc5317964faeb9ff980686ff12f2621c58
BoredApeYachtClub,0xBC4CA0EdA7647A8aB7C2061c2E118A18a936f13D,6203,0xb2ea21dff38691db9f1ba280e8bad1683132702d,0xb2ea21dff38691db9f1ba280e8bad1683132702d,24.790252,seaport,18320967,1696951919,0x84cdd3625ad1d3c51d3fb450dbf30460b2f07cc3eb474c4e864517b76d08c0c5
BoredApeYachtClub,0xBC4CA0EdA7647A8aB7C2061c2E118A18a936f13D,6203,0x0097b9cfe64455eed479292671a1121f502bc954,0xb2ea21dff38691db9f1ba280e8bad1683132702d,26.061547,seaport,18320967,1696951919,0x84cdd3625ad1d3c51d3fb450dbf30460b2f07cc3eb474c4e864517b76d08c0c5
BoredApeYachtClub,0xBC4CA0EdA7647A8aB7C2061c2E118A18a936f13D,879,0x7d462af7fb6aa7b5b91fd5ca5bdabb7fd6124b26,0x69986d5af481c14ca1351c8f330a34a0afcd90bd,30.42069,x2y2,18320112,1696941587,0x43bda3bfae0e4eb18f6285bf5594e61d709c6c069e03f34843003b6af878ba54
BoredApeYachtClub,0xBC4CA0EdA7647A8aB7C2061c2E118A18a936f13D,3863,0x66666f58de1bcd762a5e5c5aff9cc3c906d66666,0x34805e6a3796fb04e82183667a78c2f7bff29170,250.0,x2y2,18318519,1696922338,0x5a7f40e2f2191399009260e6efc670772c70ab57fd9c3ceaf362810b19206411
BoredApeYachtClub,0xBC4CA0EdA7647A8aB7C2061c2E118A18a936f13D,7634,0xd844ced9ca50f55dd3b57c7581d74b001090ace8,0x7c1958ba95ab3170f6069dadf4de304b0c00000c,31.9,seaport,18315391,1696884541,0x10a636f88cf66dd51786df12a5477b27829545909336e82962c15409e17f8068
BoredApeYachtClub,0xBC4CA0EdA7647A8aB7C2061c2E118A18a936f13D,8131,0x00eb9616b9c51fc42d5783713c4e447e56dc6e72,0x1c3912f103563ee38fb827bf03641f4ec6d52e2a,23.5,seaport,18314531,1696874149,0xebb43b2ce24937592dd13543b310ce8dec93338de9a9cd242934672dac866ecd
BoredApeYachtClub,0xBC4CA0EdA7647A8aB7C2061c2E118A18a936f13D,1496,0x2fff908828acd45c11dc070e2163949812d7a6c3,0x2fff908828acd45c11dc070e2163949812d7a6c3,24.94557,seaport,18314311,1696871491,0xd7ad32d78fe11c8eafb4cff7c4da0aac8c501a806405277c6a5d3f1f0d6dda95
BoredApeYachtClub,0xBC4CA0EdA7647A8aB7C2061c2E118A18a936f13D,1496,0x41af51792cdcfab9bdc0239f1d1c274e0b2682ae,0x2fff908828acd45c11dc070e2163949812d7a6c3,26.22483,seaport,18314311,1696871491,0xd7ad32d78fe11c8eafb4cff7c4da0aac8c501a806405277c6a5d3f1f0d6dda95
BoredApeYachtClub,0xBC4CA0EdA7647A8aB7C2061c2E118A18a936f13D,7362,0xe15281732a03ae0419ae3ab21a9b64a0869d15a8,0xe15281732a03ae0419ae3ab21a9b64a0869d15a8,24.32095,seaport,18314253,1696870790,0x642fbff4d6db4685ec8f0bca3da69f61430e49746f2522b6f15c2379c7a81ac9
BoredApeYachtClub,0xBC4CA0EdA7647A8aB7C2061c2E118A18a936f13D,7362,0xf15c93562bc3944a68e938ef75d2a3360d98ca57,0xe15281732a03ae0419ae3ab21a9b64a0869d15a8,26.88105,seaport,18314253,1696870790,0x642fbff4d6db4685ec8f0bca3da69f61430e49746f2522b6f15c2379c7a81ac9
BoredApeYachtClub,0xBC4CA0EdA7647A8aB7C2061c2E118A18a936f13D,2272,0x020ca66c30bec2c4fe3861a94e4db4a498a35872,0x2924639e8af1f35a08c34334b387bc6dc057db8b,29.0,seaport,18312423,1696848678,0xafbdae3ec345f42c495f819daf9c6bbcd486806a558503ed76bcefecc522d735
BoredApeYachtClub,0xBC4CA0EdA7647A8aB7C2061c2E118A18a936f13D,3045,0x0ccfaac13324f34d59d63a7578fe3ac3c5734726,0xe0b6e70261db8ef63df421662dbba26ae8470a5d,30.99,seaport,18304645,1696754693,0x4385b46c9413c86da5f4dd8d7762e5de55d5b97f4065371d5383384a2eff30cc
BoredApeYachtClub,0xBC4CA0EdA7647A8aB7C2061c2E118A18a936f13D,4463,0xfaf296adf44b0eaf8d4223ae543d03d249caeabe,0xf39603a6a5e2c470546a5534c6346d60e72d1d3a,26.99,seaport,18302781,1696732169,0x879a2187b07a333b16a6e6953eb735d0e81b3c25066d217fea2c58dff89d161e
BoredApeYachtClub,0xBC4CA0EdA7647A8aB7C2061c2E118A18a936f13D,9136,0xedd983cd14544a2ee67ccaea588b7388d08c73ce,0xe11e70466d9819c214a1a55ad00d25fe6131a241,29.8969,seaport,18296730,1696659052,0x0cbae01bf2c2ba97b13acf924f78a172163322592f7ad7a76b31ebd4fab06ff4
BoredApeYachtClub,0xBC4CA0EdA7647A8aB7C2061c2E118A18a936f13D,2494,0x4f6b53734f0052e3245e2db6f34c6722e9a2661f,0x37d0fc5a1d955db132bec6c588d215fc9152bad4,30.0,seaport,18291950,1696601293,0x9e6574b275a7bd4c74b377218865c567ca00f1d201cdb9b12545a776aaeb622e
BoredApeYachtClub,0xBC4CA0EdA7647A8aB7C2061c2E118A18a936f13D,1813,0xa4fb0e1f6ad0a87a3ec2427ca3a944c42d19d1ca,0x36f9d68246329fd3d11d31a9d6947af2ea7de136,27.0,seaport,18290302,1696581380,0x6e939f3a36e7bebddff9a07d61bd2ce65a930ec717f5862c26b3a25a9a708695
BoredApeYachtClub,0xBC4CA0EdA7647A8aB7C2061c2E118A18a936f13D,9588,0x26b03767002ee4141fec77a0dbc6b098ec5040ed,0x229b0bf832bad617683d45ab4b530887cbebbe88,30.0,seaport,18289189,1696567931,0x009d5c724d820c2e5d048536c0e75083cf009d9300003f10fe01483fa9fae18e
BoredApeYachtClub,0xBC4CA0EdA7647A8aB7C2061c2E118A18a936f13D,5368,0xc1710053e48ce4fa1d7e39a0388fdbd297b40db8,0xd9adfc200d43ac5b7244edf1546a3ed08d374e99,28.0,x2y2,18288990,1696565526,0x10c5217df0b41388d18f0e31425b0ea5c5faf03ea6d73e5ad571e10eb4d74275
BoredApeYachtClub,0xBC4CA0EdA7647A8aB7C2061c2E118A18a936f13D,6974,0xcb415344cd0fc552ce7b48ee9375991ff5865895,0xa4fb0e1f6ad0a87a3ec2427ca3a944c42d19d1ca,28.0,x2y2,18286647,1696537215,0x00857ca80c6fad1b9c1b5162b970dbee3fa12a3c8a492df7fa00de887404b8f8
BoredApeYachtClub,0xBC4CA0EdA7647A8aB7C2061c2E118A18a936f13D,8019,0x0145e2cff24c197e1bb3f01eecdf708195efc2c2,0xb9eb79e3e735ee636255dd8d65872a1287744e33,27.5,seaport,18286414,1696534399,0xeac71dd18e4bc7319fd416dfefe97425cab534fb2f080d118d7af15d30e5b03f
BoredApeYachtClub,0xBC4CA0EdA7647A8aB7C2061c2E118A18a936f13D,6974,0xa4fb0e1f6ad0a87a3ec2427ca3a944c42d19d1ca,0xb9eb79e3e735ee636255dd8d65872a1287744e33,27.0,seaport,18286338,1696533481,0x2969f3e654b068e4acafb4b6f376f99301c4e23fe4f58f5590fca1fae638b000
BoredApeYachtClub,0xBC4CA0EdA7647A8aB7C2061c2E118A18a936f13D,9531,0x7daf36b02586e7a30118e1648b36346194490b64,0xb9eb79e3e735ee636255dd8d65872a1287744e33,30.9,seaport,18286338,1696533481,0x13facbba5bd57e947ce5bbea8b82285b2717ae8e90fa63908dcc8cfe825771bc
BoredApeYachtClub,0xBC4CA0EdA7647A8aB7C2061c2E118A18a936f13D,9528,0x33240aa1f6a7b558429cf34f7d88a2834ce8c89f,0xb9eb79e3e735ee636255dd8d65872a1287744e33,27.2,seaport,18286329,1696533372,0x4166c6315f6bf30e23754b9e6d152dcb03b994f795c924524577833823da5c2a
BoredApeYachtClub,0xBC4CA0EdA7647A8aB7C2061c2E118A18a936f13D,8012,0x0f8bd7b597c655869e58b9c1bcfa4ddfe590259d,0xb9eb79e3e735ee636255dd8d65872a1287744e33,35.0,seaport,18286317,1696533227,0x11cfba98cca608c98bdd28b25534afd033346c8acd833a0884550b5bbdb2ee03
BoredApeYachtClub,0xBC4CA0EdA7647A8aB7C2061c2E118A18a936f13D,9529,0x30f588686dd8f22c063bc7474af2afaa647a51a5,0xb9eb79e3e735ee636255dd8d65872a1287744e33,27.0,seaport,18286313,1696533179,0x67e2ea641da62c497416c06b34f1283fb093f7222b2e6045f6e4eacd9d175bc5
BoredApeYachtClub,0xBC4CA0EdA7647A8aB7C2061c2E118A18a936f13D,7916,0x87af1f18430654a9fec1453b8e15d66831e9d4ca,0x87af1f18430654a9fec1453b8e15d66831e9d4ca,26.325,seaport,18285788,1696526835,0x291cdf7e60549f0ea26160a5d7b81479f3b16b282b135c0f226fcb86a1567d3e
BoredApeYachtClub,0xBC4CA0EdA7647A8aB7C2061c2E118A18a936f13D,7916,0x06dc1e279bd44a5c3900cd127dd736e9349303a8,0x87af1f18430654a9fec1453b8e15d66831e9d4ca,27.675,seaport,18285788,1696526835,0x291cdf7e60549f0ea26160a5d7b81479f3b16b282b135c0f226fcb86a1567d3e
BoredApeYachtClub,0xBC4CA0EdA7647A8aB7C2061c2E118A18a936f13D,5841,0x26b03767002ee4141fec77a0dbc6b098ec5040ed,0xc0468b7fedf64e1d45594e2362cecc02b139853a,30.0,seaport,18285657,1696525252,0x492a3a6116b52b85b8c8ce089c446c19317859bd017a8fdf942e4093e7a86e2b
BoredApeYachtClub,0xBC4CA0EdA7647A8aB7C2061c2E118A18a936f13D,2529,0x26b03767002ee4141fec77a0dbc6b098ec5040ed,0x1c8631525c0b049e939e5368e3f9284844e8b8de,29.29,seaport,18285657,1696525252,0x492a3a6116b52b85b8c8ce089c446c19317859bd017a8fdf942e4093e7a86e2b
BoredApeYachtClub,0xBC4CA0EdA7647A8aB7C2061c2E118A18a936f13D,9126,0xfaf296adf44b0eaf8d4223ae543d03d249caeabe,0x5e525f13ebec9a839e7a5d69a901c726110ef179,26.69,seaport,18283688,1696501460,0x26502badc45884e047e34e1bb6a35db78cbe2541a7740652f26a27305e822ee7
BoredApeYachtClub,0xBC4CA0EdA7647A8aB7C2061c2E118A18a936f13D,6137,0x0097b9cfe64455eed479292671a1121f502bc954,0x6f1be9805f89aa57e23a2dde23d2807aaf8e1044,1.5,seaport,18281699,1696477426,0x56b37fe3cab83c1a261168c8981cabb7b6df13a2f60268d573a1564dc11fa3f9
BoredApeYachtClub,0xBC4CA0EdA7647A8aB7C2061c2E118A18a936f13D,5802,0x0b61ec840b9bc238a38fd5f2df7e9acf4e86e6fc,0x1ed3b397504a52fe86bda23cf3d4c016d680e8a9,50.0,seaport,18278669,1696440813,0x6ed86d92e5e501e13eb577ab050358c8245b7523ab88863dca0a13a1b3753b93
BoredApeYachtClub,0xBC4CA0EdA7647A8aB7C2061c2E118A18a936f13D,8240,0x313fb32d65a2b6fe9f8aef41eb09d2cdf4d7c2df,0x313fb32d65a2b6fe9f8aef41eb09d2cdf4d7c2df,25.74,seaport,18278539,1696439242,0xfe672011f614266cefbb654b4d2b8e979078ff7d58fb722c43d522549a2197f1
BoredApeYachtClub,0xBC4CA0EdA7647A8aB7C2061c2E118A18a936f13D,8240,0x8b9acd4be3a852571ec71293348e3c7bb1d70b02,0x313fb32d65a2b6fe9f8aef41eb09d2cdf4d7c2df,27.06,seaport,18278539,1696439242,0xfe672011f614266cefbb654b4d2b8e979078ff7d58fb722c43d522549a2197f1
BoredApeYachtClub,0xBC4CA0EdA7647A8aB7C2061c2E118A18a936f13D,9578,0x48c1bee964913d883c4cf19ba76493b62bc34fcb,0x3e6527de2cfec82ce5240d5559a8b09d256d5d6d,26.65,seaport,18276071,1696409420,0x8c6e1044a95596632addaa82a4aaa012d48afb2c2844b8e6721a3f9f0c568908
BoredApeYachtClub,0xBC4CA0EdA7647A8aB7C2061c2E118A18a936f13D,1155,0x48c1bee964913d883c4cf19ba76493b62bc34fcb,0xc1710053e48ce4fa1d7e39a0388fdbd297b40db8,26.14,seaport,18276061,1696409299,0xf68787940b49e5c12bac2fc2acd59ed19cce54a11a5d4710fae44bd36eb1bda1
BoredApeYachtClub,0xBC4CA0EdA7647A8aB7C2061c2E118A18a936f13D,9578,0x75441e282e75c7c290181b70a9e81c061bcd77d6,0x75441e282e75c7c290181b70a9e81c061bcd77d6,25.252012,seaport,18275505,1696402581,0xc0010815e149700d51a978dce58d20ec9ff1195184ea40d5e26bec3b7d21bcfb
BoredApeYachtClub,0xBC4CA0EdA7647A8aB7C2061c2E118A18a936f13D,9578,0x41af51792cdcfab9bdc0239f1d1c274e0b2682ae,0x75441e282e75c7c290181b70a9e81c061bcd77d6,26.546988,seaport,18275505,1696402581,0xc0010815e149700d51a978dce58d20ec9ff1195184ea40d5e26bec3b7d21bcfb
BoredApeYachtClub,0xBC4CA0EdA7647A8aB7C2061c2E118A18a936f13D,7601,0xcb415344cd0fc552ce7b48ee9375991ff5865895,0xcd4d66226f6d4617a0cd49695bfcb67cb94b68bb,25.9,seaport,18272691,1696368578,0x2b60444a988315da2c8bf71a12473a0d5b57594b66d425bce1388fa91f7deaea
BoredApeYachtClub,0xBC4CA0EdA7647A8aB7C2061c2E118A18a936f13D,9586,0x58cd128282d652a6d14d93d68b416db414ee2962,0x58cd128282d652a6d14d93d68b416db414ee2962,25.84725,seaport,18264786,1696273059,0xee989def55a9552abc27b8870aa1af9a9a23ce419dd60a9498c704364f260210
BoredApeYachtClub,0xBC4CA0EdA7647A8aB7C2061c2E118A18a936f13D,9586,0x0097b9cfe64455eed479292671a1121f502bc954,0x58cd128282d652a6d14d93d68b416db414ee2962,27.17275,seaport,18264786,1696273059,0xee989def55a9552abc27b8870aa1af9a9a23ce419dd60a9498c704364f260210
BoredApeYachtClub,0xBC4CA0EdA7647A8aB7C2061c2E118A18a936f13D,985,0x26b03767002ee4141fec77a0dbc6b098ec5040ed,0xd007058e9b58e74c33c6bf6fbcd38baab813cbb6,26.98,seaport,18264653,1696271452,0xc373cb73123cfc823401f298775c771ac7fd3c4eece1e18d15945256512566f2
BoredApeYachtClub,0xBC4CA0EdA7647A8aB7C2061c2E118A18a936f13D,985,0xd007058e9b58e74c33c6bf6fbcd38baab813cbb6,0xf7e886215cd82e9cacf1b1d2cd7ca5cc01d6488e,0.2,seaport,18264582,1696270594,0x9d7e61c520b5eb686333047dc7b0a01dfac3c758d7c3ac65c5fb4686e1bbe947
BoredApeYachtClub,0xBC4CA0EdA7647A8aB7C2061c2E118A18a936f13D,4888,0xd59cc184187b973861f657434841673051d52ba0,0xd007058e9b58e74c33c6bf6fbcd38baab813cbb6,26.99,seaport,18263594,1696258655,0x97c4e8a71118a056b7fd202f756416e64b20a6a77f66c8b3ea2dc0b47c426dc7
BoredApeYachtClub,0xBC4CA0EdA7647A8aB7C2061c2E118A18a936f13D,3511,0xcafba4ca4a4886ae0938cc8ef91b605db9e4bf08,0x07557f6138ed55485d82d64eea175043e4f2bbb4,2.9,seaport,18263105,1696252746,0x2414de8fbfcd1dff4422ba40c5b829e9d943835e23e384173f4e4b32e65cd751
BoredApeYachtClub,0xBC4CA0EdA7647A8aB7C2061c2E118A18a936f13D,5546,0x086bcdc100f723f2f0d872d2f259577ec8465fef,0xc8236911dc93624801ae4a39b9e6618d39a31068,36.0,x2y2,18262829,1696249411,0xf9d47d8139f2f8d0534b73e0f20be4d8316b5149c72b017dd1044cad4d12558e
BoredApeYachtClub,0xBC4CA0EdA7647A8aB7C2061c2E118A18a936f13D,638,0xfaf296adf44b0eaf8d4223ae543d03d249caeabe,0xd007058e9b58e74c33c6bf6fbcd38baab813cbb6,26.88,seaport,18262596,1696246596,0xab3438920b5ced148935200ea55690df8afdb030be836831305b7e44f5ff83d6
BoredApeYachtClub,0xBC4CA0EdA7647A8aB7C2061c2E118A18a936f13D,38,0xf1cd08e18d28368727d453a8d51dc5b78281a49b,0xe0433f07fb77b36ae23aaa2a7517904e1da6078f,38.0,seaport,18262507,1696245520,0x6675f4c7816cd6b1f1def88cda041c6cfa96ad36daaa76eee7353dbefd45ecc4
BoredApeYachtClub,0xBC4CA0EdA7647A8aB7C2061c2E118A18a936f13D,9305,0xbd7590f93ebedcf227cecab5eb6ea1027474f371,0xd1395ae3cad3d3a7c7ba923479f56bc2ad12e515,27.999,seaport,18262391,1696244119,0xbfb972725e564dbb8c01a8a3e2550f8b04942f34c593a68a6d4aa23fc3741f4f
BoredApeYachtClub,0xBC4CA0EdA7647A8aB7C2061c2E118A18a936f13D,1925,0xd1395ae3cad3d3a7c7ba923479f56bc2ad12e515,0x4ab7ea50930b28b6a5d60879e8705fab67d36722,27.0,seaport,18262302,1696243043,0x227cbd4b29459efafd32f1f1762201e30c2e031204306ca5a3d425baab40e397
BoredApeYachtClub,0xBC4CA0EdA7647A8aB7C2061c2E118A18a936f13D,8199,0xfaf296adf44b0eaf8d4223ae543d03d249caeabe,0x441c5d77fb66c185235844a1036e02b8c425d7e3,25.75,seaport,18261352,1696231564,0xee2f7937fee7c9eb0dbea950edc40619897889bb2636f124fdea7ead48a3c5a4
BoredApeYachtClub,0xBC4CA0EdA7647A8aB7C2061c2E118A18a936f13D,2949,0x26b03767002ee4141fec77a0dbc6b098ec5040ed,0xf1cd08e18d28368727d453a8d51dc5b78281a49b,27.02,seaport,18261205,1696229788,0xbdd1f0567e861359ae606125cca8226421fa96b6deb4bad7ad968d8af6c7b071
BoredApeYachtClub,0xBC4CA0EdA7647A8aB7C2061c2E118A18a936f13D,6180,0xa5dded1a0a9099269679c686329a8d2c94bcee37,0x04f2ba567c378c6a86072e6107963e80c8a6aac4,27.0,seaport,18260772,1696224556,0x97fe85b8a9cbdd5e96204a4010f777543cdd4bc0e54846eaf36235b0c5d5aef8
BoredApeYachtClub,0xBC4CA0EdA7647A8aB7C2061c2E118A18a936f13D,4693,0x4095576446e7619608fceb14d225dec9f096b3ec,0x5a7e3cbdf597f75c52c7f976ba99cabf83678333,30.0,x2y2,18260282,1696218635,0xbf51f450ad8ddd1d3432f23139e3967a9c210cb534b7c82940adb40e5c573a4f
BoredApeYachtClub,0xBC4CA0EdA7647A8aB7C2061c2E118A18a936f13D,5488,0xfaf296adf44b0eaf8d4223ae543d03d249caeabe,0xf15c93562bc3944a68e938ef75d2a3360d98ca57,26.9,seaport,18260163,1696217197,0x4e15cd44bfcf3b2e354f1242b61de5ef49c30692c77c7b0cf7b0d55de76cc52e
BoredApeYachtClub,0xBC4CA0EdA7647A8aB7C2061c2E118A18a936f13D,9882,0xf57b2917034671f88e2ad056d7e2c5bf654064ca,0xcb415344cd0fc552ce7b48ee9375991ff5865895,33.0,x2y2,18257969,1696190686,0x4847ae5f910f5ccc3f48fec8db75ec5734b939c3041aa3445d3e85e16b2c210e
BoredApeYachtClub,0xBC4CA0EdA7647A8aB7C2061c2E118A18a936f13D,686,0xcb415344cd0fc552ce7b48ee9375991ff5865895,0xdb23145b64d0e1e15dedf47abd77ccaf3f2327d7,28.5,x2y2,18257917,1696190057,0x184f61d2d8e15ab7fd67f55b461b7f62c0e493462edb3781779d4b06545c02bb
BoredApeYachtClub,0xBC4CA0EdA7647A8aB7C2061c2E118A18a936f13D,7808,0xb74f8069bbcc605292dbb93e55818690ab5bd00b,0xf57b2917034671f88e2ad056d7e2c5bf654064ca,32.96,seaport,18257765,1696188221,0x0fc140cbd6a2a607c9d32e6ec22a2e67a0a990c60bac8e4cbfef7921fd56e42e
BoredApeYachtClub,0xBC4CA0EdA7647A8aB7C2061c2E118A18a936f13D,9701,0xc311c2c1044549f1eb9ac1069be06ef5d46a0a9f,0x86b4d38e451c707e4914ffceab9479e3a8685f98,25.06,seaport,18257735,1696187858,0x975f7257b78804b007ea452ee863701e4d4ac9d7612d07218acdac3e40808433
BoredApeYachtClub,0xBC4CA0EdA7647A8aB7C2061c2E118A18a936f13D,5664,0x6d596fdfd3381ebb5ecd526ebcaec8cc2ba019ff,0x69986d5af481c14ca1351c8f330a34a0afcd90bd,28.15,seaport,18257640,1696186710,0xe560e552bfd825733a910a79de3a7f61c923338e148ded98cbbd17c3c4d7000d
BoredApeYachtClub,0xBC4CA0EdA7647A8aB7C2061c2E118A18a936f13D,1885,0x6d596fdfd3381ebb5ecd526ebcaec8cc2ba019ff,0xd007058e9b58e74c33c6bf6fbcd38baab813cbb6,24.95,seaport,18256956,1696178445,0x2a95f9e5ff83f586632807182e9b79dc1e8084e097577d5580a14903f32c01e2
BoredApeYachtClub,0xBC4CA0EdA7647A8aB7C2061c2E118A18a936f13D,4626,0x441c5d77fb66c185235844a1036e02b8c425d7e3,0x32c31ef8748c97826693ffb8d2bc97a83c15ad90,29.0,x2y2,18256753,1696175992,0x24e9b2dcbcf36f8be247de9e5808683a0c16554361dc38c9ee9f25c6dae25bc2
BoredApeYachtClub,0xBC4CA0EdA7647A8aB7C2061c2E118A18a936f13D,7634,0xb74f8069bbcc605292dbb93e55818690ab5bd00b,0x03773c97c170a90c3d588a3357063630e1bd05e8,28.84,seaport,18254170,1696144781,0xc3a1d204c8dc80cf82a40efc89dac73d9e846660530c9bbf602f7883f62be2c1
BoredApeYachtClub,0xBC4CA0EdA7647A8aB7C2061c2E118A18a936f13D,6286,0x6de3df9439802c56e47ee5e3722790f82b958440,0x3ccbca9abd30ab90dda4f412de1111c636dfe18e,24.9,seaport,18250611,1696101776,0x3974ba8f83d1f81e09bda3b6d5cd8381c3a57a9a965e5995960cc644638712fd
BoredApeYachtClub,0xBC4CA0EdA7647A8aB7C2061c2E118A18a936f13D,9977,0x1ffead999b467249afd2efba336a0b6c820e17ac,0x1ffead999b467249afd2efba336a0b6c820e17ac,23.280465,seaport,18250583,1696101437,0x706ae27723b9f16fc16d9f19774531ab5dddae71b45cbea452c3b3b272235c1f
BoredApeYachtClub,0xBC4CA0EdA7647A8aB7C2061c2E118A18a936f13D,9977,0x0097b9cfe64455eed479292671a1121f502bc954,0x1ffead999b467249afd2efba336a0b6c820e17ac,24.474335,seaport,18250583,1696101437,0x706ae27723b9f16fc16d9f19774531ab5dddae71b45cbea452c3b3b272235c1f
BoredApeYachtClub,0xBC4CA0EdA7647A8aB7C2061c2E118A18a936f13D,9882,0xcb415344cd0fc552ce7b48ee9375991ff5865895,0xeb4a487c89cf7fe5aad5a975e8c576a6e9ab68bc,29.0,x2y2,18247020,1696058384,0xcbef6e186fbe7fcad9ceb85db896ba4c75edf8f9e09d65393deb101f68249cc4
BoredApeYachtClub,0xBC4CA0EdA7647A8aB7C2061c2E118A18a936f13D,8131,0x1c3912f103563ee38fb827bf03641f4ec6d52e2a,0x33240aa1f6a7b558429cf34f7d88a2834ce8c89f,34.0,x2y2,18242137,1695999381,0x04f6a8a7d87f4b873abb0a47d5b010a8285997ed63988b9a8ef99520ac6415d2
BoredApeYachtClub,0xBC4CA0EdA7647A8aB7C2061c2E118A18a936f13D,9164,0xd98673532035b029d4a3a0db26481781c5373e6f,0x11f76b3039e26a4a215102a931802ecc2d287ae0,26.2,seaport,18241981,1695997496,0x0f594fd472bd74f6215f344a1f9bdc2d7429e769a4102502a3fff244b8f68bd8
BoredApeYachtClub,0xBC4CA0EdA7647A8aB7C2061c2E118A18a936f13D,8311,0xd98673532035b029d4a3a0db26481781c5373e6f,0x5d5335e6bea4b12dcb942cec1da951ae63f2ae64,24.87,seaport,18241711,1695994233,0xe157ed60be309a79b33966baa0655a50591012b56ebebbec08fcc95f251f18be
BoredApeYachtClub,0xBC4CA0EdA7647A8aB7C2061c2E118A18a936f13D,2825,0x0ccfaac13324f34d59d63a7578fe3ac3c5734726,0x0ccfaac13324f34d59d63a7578fe3ac3c5734726,22.75858,seaport,18241188,1695987914,0xdcaf9f329c8c64d2f41ced6e913bc5e21eea56fc76d8f9e2af6eae4193fe2d98
BoredApeYachtClub,0xBC4CA0EdA7647A8aB7C2061c2E118A18a936f13D,2825,0xf15c93562bc3944a68e938ef75d2a3360d98ca57,0x0ccfaac13324f34d59d63a7578fe3ac3c5734726,25.15422,seaport,18241188,1695987914,0xdcaf9f329c8c64d2f41ced6e913bc5e21eea56fc76d8f9e2af6eae4193fe2d98
BoredApeYachtClub,0xBC4CA0EdA7647A8aB7C2061c2E118A18a936f13D,1249,0x73f6c11c88fd8b80fa3acc73fe4fd96bd7df4046,0x73f6c11c88fd8b80fa3acc73fe4fd96bd7df4046,24.375,seaport,18236362,1695929599,0x31280496db6b4267e154234d299ee55ec566625f285682a6bb6ab070a5ec4c79
BoredApeYachtClub,0xBC4CA0EdA7647A8aB7C2061c2E118A18a936f13D,1249,0xf1ab92d8a30e5a58bb88d585797af0694e267682,0x73f6c11c88fd8b80fa3acc73fe4fd96bd7df4046,25.625,seaport,18236362,1695929599,0x31280496db6b4267e154234d299ee55ec566625f285682a6bb6ab070a5ec4c79
BoredApeYachtClub,0xBC4CA0EdA7647A8aB7C2061c2E118A18a936f13D,2010,0x5eca53f6aa3910628d7e8b30c0e35adff6cc0b9c,0x002b05d19cb34a3336e9095c1de60248a12970dd,24.5,seaport,18228791,1695838115,0x8c5eb47b4cf85709b53b23d73f18e9d6e99d848eb0a4c00782438ef91913442f
BoredApeYachtClub,0xBC4CA0EdA7647A8aB7C2061c2E118A18a936f13D,7131,0x4341f1bdd076760013ffc1aeff9fcf1c2c815fab,0xbe2d830cbd4628b06de78b4ee660e1385a9152a6,24.3,seaport,18228270,1695831820,0xaace51915420f666dd590f57127340f3d223df68d27acd2bad3a93d8f8b8e7d0
BoredApeYachtClub,0xBC4CA0EdA7647A8aB7C2061c2E118A18a936f13D,2010,0x002b05d19cb34a3336e9095c1de60248a12970dd,0x47147c03b34e177020905afe309b77636ecac256,1.5,seaport,18226456,1695809900,0x7cb1e509ba2ecba5b800106d44eca11c79ac6dc43eb84f636f1a03cea2db5a5d
BoredApeYachtClub,0xBC4CA0EdA7647A8aB7C2061c2E118A18a936f13D,5698,0x3e9bc6492429bcc2367d3271dce1a941551aa7c4,0x2ff9d7c0b98e0dec39bf15568fe0864967583c44,24.5,seaport,18220155,1695733763,0x1bf29fb0d744fa08de2505a5621b9757912414f4a0232a4dd36d8e006b9dc598
BoredApeYachtClub,0xBC4CA0EdA7647A8aB7C2061c2E118A18a936f13D,591,0x7070c563ca28a43fb25417719a5e5268b91d42c5,0x4341f1bdd076760013ffc1aeff9fcf1c2c815fab,112.0,seaport,18216832,1695693480,0xbf39b38577e5d32d3369d0c0fd261fe7291d4a3f24a8895b1b6f6c8c2b0c2c8f
BoredApeYachtClub,0xBC4CA0EdA7647A8aB7C2061c2E118A18a936f13D,6190,0xd13c1ba642d0c3b159df53204fb9e8ff892c5ca8,0x2e7573445b46a305f6b80f86ba56e788b2db7e68,24.15,seaport,18216584,1695690474,0x4e7fc7541d1f82efa9279107fe06dbc911af4bbb524a63dc25338e51c2242a54
BoredApeYachtClub,0xBC4CA0EdA7647A8aB7C2061c2E118A18a936f13D,286,0xfdff5e5d5bc0bc3d4fc9c78519cc4fb91e2faa51,0xfdff5e5d5bc0bc3d4fc9c78519cc4fb91e2faa51,27.3,seaport,18214896,1695670012,0x35c01909c8aeeb668478a23e474d55f3dc08bd9dbae27d234136c7f822ea3be1
BoredApeYachtClub,0xBC4CA0EdA7647A8aB7C2061c2E118A18a936f13D,286,0x69986d5af481c14ca1351c8f330a34a0afcd90bd,0xfdff5e5d5bc0bc3d4fc9c78519cc4fb91e2faa51,28.7,seaport,18214896,1695670012,0x35c01909c8aeeb668478a23e474d55f3dc08bd9dbae27d234136c7f822ea3be1
BoredApeYachtClub,0xBC4CA0EdA7647A8aB7C2061c2E118A18a936f13D,1935,0x3bbae7f496f8058f9b3580073af7ba4a78e74879,0x9ad85d7c0f7eff3d0718c3a3a032557558f7048b,33.0,x2y2,18214503,1695665248,0x270a5a848e1cd12217a6d5dc33d71e0cfbb56dd41fb2239b1c11523e5ccea08e
BoredApeYachtClub,0xBC4CA0EdA7647A8aB7C2061c2E118A18a936f13D,855,0x7fb6123f947dff6bd83f2f7a05fa35367abb7ced,0x99d73d76f0058f4ae24882a49a0a9ea0f5a41268,27.5,seaport,18214100,1695660362,0x76a5f5328fcc1a1deae12d90ec9bf757d5fffb2dae4badc5ba3911d55b415a67
BoredApeYachtClub,0xBC4CA0EdA7647A8aB7C2061c2E118A18a936f13D,4747,0xdc82142e5fa1ad18bee3f351d0c820db63ca5a91,0xdc82142e5fa1ad18bee3f351d0c820db63ca5a91,22.434345,seaport,18212271,1695638191,0x5845f8fc741ebe1e53a44c5a8478cb44a99b49e3e8e16c0b3a123c864c191f06
BoredApeYachtClub,0xBC4CA0EdA7647A8aB7C2061c2E118A18a936f13D,4747,0xf15c93562bc3944a68e938ef75d2a3360d98ca57,0xdc82142e5fa1ad18bee3f351d0c820db63ca5a91,24.795855,seaport,18212271,1695638191,0x5845f8fc741ebe1e53a44c5a8478cb44a99b49e3e8e16c0b3a123c864c191f06
BoredApeYachtClub,0xBC4CA0EdA7647A8aB7C2061c2E118A18a936f13D,5922,0x3cc1f300facc0909a7c147de078c9d36a0edfc7c,0xcb415344cd0fc552ce7b48ee9375991ff5865895,28.5,seaport,18208518,1695592696,0xde3ea399d9ad37557610ced6283f5f7f645d82ec06ce761c1f77032ef4f136e7
BoredApeYachtClub,0xBC4CA0EdA7647A8aB7C2061c2E118A18a936f13D,2118,0xf1cd08e18d28368727d453a8d51dc5b78281a49b,0x47147c03b34e177020905afe309b77636ecac256,34.0,seaport,18207507,1695580440,0x54d5ba1b37d18f48f41abc2581392b8611eb700428df558e1b5bc2bd59ef232a
BoredApeYachtClub,0xBC4CA0EdA7647A8aB7C2061c2E118A18a936f13D,6692,0xf716a39f298538b3a5ffce4439f3cc562b96cb3a,0xf716a39f298538b3a5ffce4439f3cc562b96cb3a,22.417625,seaport,18205576,1695557032,0x255b9f803e58105eb8cc2a32301bf4371273187e6516e40edc282be6268d4ce1
BoredApeYachtClub,0xBC4CA0EdA7647A8aB7C2061c2E118A18a936f13D,6692,0xf15c93562bc3944a68e938ef75d2a3360d98ca57,0xf716a39f298538b3a5ffce4439f3cc562b96cb3a,24.777375,seaport,18205576,1695557032,0x255b9f803e58105eb8cc2a32301bf4371273187e6516e40edc282be6268d4ce1
BoredApeYachtClub,0xBC4CA0EdA7647A8aB7C2061c2E118A18a936f13D,5163,0xc4d469c1419bd07d7223ab4ecedbfa639bb87233,0xd5a1f54aff17d90560cd3c5e78f8dea1837ea379,28.0,x2y2,18199962,1695488978,0xbba5cb1b7962bd191285253e0f80ebb08d97f23988b12ff41c1b7e60a381c9e7
BoredApeYachtClub,0xBC4CA0EdA7647A8aB7C2061c2E118A18a936f13D,3963,0xc4d469c1419bd07d7223ab4ecedbfa639bb87233,0x5a7e3cbdf597f75c52c7f976ba99cabf83678333,4.7,seaport,18198927,1695476431,0x0e8d0f1ca0c91007a30efc3d4f86918a52d14171df0e0eca85c6c28ef4f4f96c
BoredApeYachtClub,0xBC4CA0EdA7647A8aB7C2061c2E118A18a936f13D,9458,0x72fad4173180f58e0d2c964f160d383cd454ff79,0x2a39604312f4b0e26fea7d2422c09f62c063db98,25.8,seaport,18194632,1695424366,0xe012cf0ad93d12384f9f875254b065f77e9d7ebb8c0d52e4b7e0c4b4ef493a80
BoredApeYachtClub,0xBC4CA0EdA7647A8aB7C2061c2E118A18a936f13D,2796,0x50f2242cda7df1cc0430c6f50ee8e8d71c3c3614,0x50f2242cda7df1cc0430c6f50ee8e8d71c3c3614,22.5381,seaport,18192124,1695393964,0x642452dafeda749e8c54e99aea0583daf1e436a939d115a9908ccb7c33569b0f
BoredApeYachtClub,0xBC4CA0EdA7647A8aB7C2061c2E118A18a936f13D,2796,0x41af51792cdcfab9bdc0239f1d1c274e0b2682ae,0x50f2242cda7df1cc0430c6f50ee8e8d71c3c3614,23.6939,seaport,18192124,1695393964,0x642452dafeda749e8c54e99aea0583daf1e436a939d115a9908ccb7c33569b0f
BoredApeYachtClub,0xBC4CA0EdA7647A8aB7C2061c2E118A18a936f13D,2561,0x13c843f1f9ddd893c27f3708b179385ec31531e1,0xcb415344cd0fc552ce7b48ee9375991ff5865895,25.0,seaport,18186989,1695331716,0x53f42e6d3a636dda211739d35f97b0d14537e61b5567dd264848fe62dd2d0e27
BoredApeYachtClub,0xBC4CA0EdA7647A8aB7C2061c2E118A18a936f13D,1055,0xeaeadb164488244632a4aeb65c6bc0e026d607ca,0xd007058e9b58e74c33c6bf6fbcd38baab813cbb6,25.39,seaport,18183895,1695294210,0x03f1381a62703fd7bbb74899d495e30054ab0b4b5e7147b8c9ec62b1074c7748
BoredApeYachtClub,0xBC4CA0EdA7647A8aB7C2061c2E118A18a936f13D,5922,0xcb415344cd0fc552ce7b48ee9375991ff5865895,0xd64e1f3a2df4c153f26e7cb79e42673df385d239,26.15,x2y2,18179932,1695246169,0x07ab4726ea57ac6d1828536b044ee1c14a011ccd67c7b223f640478eda7cdfb4
BoredApeYachtClub,0xBC4CA0EdA7647A8aB7C2061c2E118A18a936f13D,6365,0xc743bc192227614677482874b6ba4513996f9570,0x242b126b5218636c2fa64e2dfe7f42bb22d42ae9,33.0,seaport,18178076,1695223670,0x20d7552eb3f6a568e943019bbb31204d49bf31fbc1a5bf51c6b40ff2b3780197
BoredApeYachtClub,0xBC4CA0EdA7647A8aB7C2061c2E118A18a936f13D,9681,0x3989549d3d35f78b043ebcce4bb253adc0f1c35d,0xcb415344cd0fc552ce7b48ee9375991ff5865895,28.5,x2y2,18176280,1695201899,0x5f1732ac280eb131903974dc22494abe50cbc655bb5943df32facff4d3f41b32
BoredApeYachtClub,0xBC4CA0EdA7647A8aB7C2061c2E118A18a936f13D,429,0x1c3912f103563ee38fb827bf03641f4ec6d52e2a,0x3989549d3d35f78b043ebcce4bb253adc0f1c35d,27.3,x2y2,18176236,1695201365,0xf8c3d3f4b0f11feb8c9ea2409f1595ce65b8d786f5fd075b5f9bfb2c67037f1d
BoredApeYachtClub,0xBC4CA0EdA7647A8aB7C2061c2E118A18a936f13D,9244,0x4ec2979f40f41c798b3783a9837ef0f67bc854b5,0x86b4d38e451c707e4914ffceab9479e3a8685f98,25.06,seaport,18169002,1695113673,0x3a09b5d714e1da8388a3988bcb8a6ce4e64e2caf5b32ab9100b1256478975e97
BoredApeYachtClub,0xBC4CA0EdA7647A8aB7C2061c2E118A18a936f13D,3149,0x5e765c50311fcab251f60f13121a974a40010d43,0x550e970e31a45b06df01a00b1c89a478d4d5e00a,135.0,seaport,18166017,1695077488,0xf3978ff91adb738f3ae93a18b0e21ab6b701f84869bd9801162e1014ac978523
BoredApeYachtClub,0xBC4CA0EdA7647A8aB7C2061c2E118A18a936f13D,7623,0x002b05d19cb34a3336e9095c1de60248a12970dd,0x69986d5af481c14ca1351c8f330a34a0afcd90bd,2.0,seaport,18161539,1695023205,0x15633a4689037d903db70b8fc781b17b7c4026f4f6a975afccb5ebae5e1d7b53
BoredApeYachtClub,0xBC4CA0EdA7647A8aB7C2061c2E118A18a936f13D,3238,0x72f3151630707826cac379f561b1bb42dd73ae99,0x72f3151630707826cac379f561b1bb42dd73ae99,22.756775,seaport,18157576,1694975164,0xb07803361a6fb04fd7759e7405c76fdcd8c40c58e7d0c2171010c3f3ece5217f
BoredApeYachtClub,0xBC4CA0EdA7647A8aB7C2061c2E118A18a936f13D,3238,0xf15c93562bc3944a68e938ef75d2a3360d98ca57,0x72f3151630707826cac379f561b1bb42dd73ae99,25.152225,seaport,18157576,1694975164,0xb07803361a6fb04fd7759e7405c76fdcd8c40c58e7d0c2171010c3f3ece5217f
BoredApeYachtClub,0xBC4CA0EdA7647A8aB7C2061c2E118A18a936f13D,5692,0xc67f4387b22debb0252f1c462e772ba01cec210e,0x3989549d3d35f78b043ebcce4bb253adc0f1c35d,0.0,seaport,18156481,1694961890,0xd9245466c102ad0a0602c93c30da1c6257f3297a8acb07525c77b95ceb02e9f1
BoredApeYachtClub,0xBC4CA0EdA7647A8aB7C2061c2E118A18a936f13D,6838,0x13c843f1f9ddd893c27f3708b179385ec31531e1,0xf15c93562bc3944a68e938ef75d2a3360d98ca57,27.45,seaport,18154179,1694933985,0xb33c6a602a430279f0ddbffb2fc0361196fed527c669cabca4dfc802d7d84f7a
BoredApeYachtClub,0xBC4CA0EdA7647A8aB7C2061c2E118A18a936f13D,9899,0xe7866592a63bd5bb4b4ecfdca2a797e4a8f63ece,0xb51f56dbec3505e00f53015d4aa077469c2a2a31,24.0,x2y2,18142884,1694797064,0x2947cf675a54910e2037e8b33b6f70001251b5daea512e67a6d864c199b75c2a
BoredApeYachtClub,0xBC4CA0EdA7647A8aB7C2061c2E118A18a936f13D,9675,0x2106f1816d50014b628c81b8c8b1845a64ca9390,0x823558f3ed47d0b24d1d85dc62f417769bdffbce,24.25,seaport,18139093,1694751109,0x6c9f3e8987941b01c4f3dcad5ebdf1cdb35ce5d7fca722049d7d52157d017ea8
BoredApeYachtClub,0xBC4CA0EdA7647A8aB7C2061c2E118A18a936f13D,7244,0x7070c563ca28a43fb25417719a5e5268b91d42c5,0x17ef2b6ff281dbb79847c9cbb2ce62572abb24c8,39.0,x2y2,18137842,1694735944,0xa720df02b45c27edf72ef0da5c88c83f8fd097a355e21f9d2076f23fa7781952
BoredApeYachtClub,0xBC4CA0EdA7647A8aB7C2061c2E118A18a936f13D,6531,0xcb415344cd0fc552ce7b48ee9375991ff5865895,0x2e7573445b46a305f6b80f86ba56e788b2db7e68,27.5,x2y2,18133524,1694683600,0xbb8983bbbd1adfbe762b3c0cff6a9de2dc3373c5f52b617a5fa8a6fc0d86452b
BoredApeYachtClub,0xBC4CA0EdA7647A8aB7C2061c2E118A18a936f13D,1641,0x90ee4f34956585f67e2ed423e32936661116b2ba,0x60d1cca5926d2e3c4125da8e0554a9ecd3c3fbeb,25.02,seaport,18133450,1694682703,0xd230423d5afc6dc4910b9b757d884d6c90127d9c25f8af02e8db812cf06abac7
BoredApeYachtClub,0xBC4CA0EdA7647A8aB7C2061c2E118A18a936f13D,2213,0x3989549d3d35f78b043ebcce4bb253adc0f1c35d,0x320a9b1e1e3452412aa2da5f3967aea06d0dd1f6,26.1,seaport,18124389,1694572863,0x16524b5ce5eddfcc617c2f1251a1e33eb2fd4955610603f9a38720e9f2fe5910
BoredApeYachtClub,0xBC4CA0EdA7647A8aB7C2061c2E118A18a936f13D,7803,0x3f4c3a0c3ce8a29d32381c2c9b237631afbaf414,0x3f4c3a0c3ce8a29d32381c2c9b237631afbaf414,30.3225,seaport,18120689,1694528011,0x3b32f6cea0bf2dd4953b8c94f298b47bb28ae955a5bcfbbf216f087f660bcf87
BoredApeYachtClub,0xBC4CA0EdA7647A8aB7C2061c2E118A18a936f13D,7803,0x1bb35a7c55e90188e3cf31034c80a884c1edd922,0x3f4c3a0c3ce8a29d32381c2c9b237631afbaf414,31.8775,seaport,18120689,1694528011,0x3b32f6cea0bf2dd4953b8c94f298b47bb28ae955a5bcfbbf216f087f660bcf87
BoredApeYachtClub,0xBC4CA0EdA7647A8aB7C2061c2E118A18a936f13D,9057,0x29629f8b5e8b95c13807f837196b82c38f417d47,0x29629f8b5e8b95c13807f837196b82c38f417d47,27.5535,seaport,18120564,1694526496,0x26cbb2aadf80baf0c022fcb1192fc7ca1da5f7b75dcaf38f5ae4fbc510223408
BoredApeYachtClub,0xBC4CA0EdA7647A8aB7C2061c2E118A18a936f13D,9057,0x86b4d38e451c707e4914ffceab9479e3a8685f98,0x29629f8b5e8b95c13807f837196b82c38f417d47,28.9665,seaport,18120564,1694526496,0x26cbb2aadf80baf0c022fcb1192fc7ca1da5f7b75dcaf38f5ae4fbc510223408
BoredApeYachtClub,0xBC4CA0EdA7647A8aB7C2061c2E118A18a936f13D,6718,0xcd05dba1d061e1875662a1ba8e83525cfff89c05,0x5f253cf9646fef6a5fa8803f6a27ed871c63dba5,31.0,seaport,18119150,1694509355,0x0afd0ef03b860e06fe94fc5b7556e1afe4e83a35fef66e221579e8a457700435
BoredApeYachtClub,0xBC4CA0EdA7647A8aB7C2061c2E118A18a936f13D,5819,0xfd845e07717b0329d3f19fc920c97fba0bc4ee31,0xfd845e07717b0329d3f19fc920c97fba0bc4ee31,54.725,seaport,18117286,1694486759,0xab24b804d3c4dc035be5df34d4045257f88ff8b9e65f637967695da2ce5f9c6a
BoredApeYachtClub,0xBC4CA0EdA7647A8aB7C2061c2E118A18a936f13D,5819,0x63c9c98c84fae150f0649560b94bacd42c467654,0xfd845e07717b0329d3f19fc920c97fba0bc4ee31,55.275,seaport,18117286,1694486759,0xab24b804d3c4dc035be5df34d4045257f88ff8b9e65f637967695da2ce5f9c6a
BoredApeYachtClub,0xBC4CA0EdA7647A8aB7C2061c2E118A18a936f13D,5723,0x97b805eba82a4788deca24c24f58c2283179ba29,0x97b805eba82a4788deca24c24f58c2283179ba29,24.375,seaport,18114754,1694456065,0xb38dd291637aaa4cbe595bb61188d7399ee29dc162ff0dba6decd9e72a9dffa5
BoredApeYachtClub,0xBC4CA0EdA7647A8aB7C2061c2E118A18a936f13D,5723,0x0097b9cfe64455eed479292671a1121f502bc954,0x97b805eba82a4788deca24c24f58c2283179ba29,25.625,seaport,18114754,1694456065,0xb38dd291637aaa4cbe595bb61188d7399ee29dc162ff0dba6decd9e72a9dffa5
BoredApeYachtClub,0xBC4CA0EdA7647A8aB7C2061c2E118A18a936f13D,72,0xc4d732980b0d51fcdf58eb3bfc19cec1de79f660,0xfde4eb36beee2484480712a8a790b3eb3c240d4b,33.33,seaport,18109969,1694398060,0x3c940674f6d33ce628bd0d547591cfac98c17e87f53ab9faae34194dbf65be86
BoredApeYachtClub,0xBC4CA0EdA7647A8aB7C2061c2E118A18a936f13D,6838,0x1c3df1f4cb5e551dc6eff0f61595958907af326b,0x1c3df1f4cb5e551dc6eff0f61595958907af326b,24.90102,seaport,18105768,1694347135,0x5b22c90530d5efed97d7603246eca8e4bcad621cd5c88b4892043d6ec0bfad8e
BoredApeYachtClub,0xBC4CA0EdA7647A8aB7C2061c2E118A18a936f13D,6838,0xf15c93562bc3944a68e938ef75d2a3360d98ca57,0x1c3df1f4cb5e551dc6eff0f61595958907af326b,27.52218,seaport,18105768,1694347135,0x5b22c90530d5efed97d7603246eca8e4bcad621cd5c88b4892043d6ec0bfad8e
BoredApeYachtClub,0xBC4CA0EdA7647A8aB7C2061c2E118A18a936f13D,9882,0xeb4a487c89cf7fe5aad5a975e8c576a6e9ab68bc,0x22154ec3f542483b2c35d67cb5e75a905338c259,37.0,x2y2,18093918,1694203486,0x7f67f41840603ade487d652f555835d46788854799e32f5392442c0aeb39474b
BoredApeYachtClub,0xBC4CA0EdA7647A8aB7C2061c2E118A18a936f13D,7171,0x1544d2de126e3a4b194cfad2a5c6966b3460ebe3,0x1544d2de126e3a4b194cfad2a5c6966b3460ebe3,26.077642,seaport,18088496,1694137759,0xc912594a7d6e0a0b4af101a41f28afa2efb47e68467b6f04a2636b5e434f5733
BoredApeYachtClub,0xBC4CA0EdA7647A8aB7C2061c2E118A18a936f13D,7171,0x0097b9cfe64455eed479292671a1121f502bc954,0x1544d2de126e3a4b194cfad2a5c6966b3460ebe3,27.414957,seaport,18088496,1694137759,0xc912594a7d6e0a0b4af101a41f28afa2efb47e68467b6f04a2636b5e434f5733
BoredApeYachtClub,0xBC4CA0EdA7647A8aB7C2061c2E118A18a936f13D,8385,0x1544d2de126e3a4b194cfad2a5c6966b3460ebe3,0x1544d2de126e3a4b194cfad2a5c6966b3460ebe3,26.325,seaport,18088490,1694137687,0x8c506ac13384c391fd1a3fda6f3da507f99aa547c58b7fd26d8c267988dc10fc
BoredApeYachtClub,0xBC4CA0EdA7647A8aB7C2061c2E118A18a936f13D,8385,0xd9d7046933bd3d0a3e869959ef95e4c41522c1bf,0x1544d2de126e3a4b194cfad2a5c6966b3460ebe3,27.675,seaport,18088490,1694137687,0x8c506ac13384c391fd1a3fda6f3da507f99aa547c58b7fd26d8c267988dc10fc
BoredApeYachtClub,0xBC4CA0EdA7647A8aB7C2061c2E118A18a936f13D,4109,0x6d596fdfd3381ebb5ecd526ebcaec8cc2ba019ff,0x6b88ee85a06bfe2d378a87c22551bef39f7d889b,29.2907,seaport,18082851,1694069329,0xcf6a0619aac411bc29c232b68af415b5a518b7830d715c584d59f3f841f9b211
BoredApeYachtClub,0xBC4CA0EdA7647A8aB7C2061c2E118A18a936f13D,1064,0x5fcb06838f7ac00d8ee2d278f91bf8c3316ca223,0x95921da9f69d177c1c4421ff3b70446883c538b8,29.79,seaport,18078235,1694013373,0x8b4ef17bcaf06a0c29e014af0655b0b75321e2ae7e0bc3cb69415749ed214073
BoredApeYachtClub,0xBC4CA0EdA7647A8aB7C2061c2E118A18a936f13D,734,0x5f9aaacd65ab18dccab83703b3cbf0a983d91132,0x07557f6138ed55485d82d64eea175043e4f2bbb4,27.9,seaport,18075132,1693975758,0x8683f1e9d36f1b6d40190c089749d5b21dbefcb912b06de32d6d7f95c789e4df
BoredApeYachtClub,0xBC4CA0EdA7647A8aB7C2061c2E118A18a936f13D,2002,0x2d13c884c4c418664abb1b4a7f491dd89247e42e,0xcb415344cd0fc552ce7b48ee9375991ff5865895,39.0,x2y2,18074845,1693972278,0x74f448757def7b274b1241c5f5dd790f186e328c7409348b96355e4c3066b49a
BoredApeYachtClub,0xBC4CA0EdA7647A8aB7C2061c2E118A18a936f13D,6153,0x6d0267156f1c6ce44caa4bf129b76009d3d41830,0x1e30f1bf8559090ab5a6b219efd98f8c275b2715,31.5,x2y2,18071933,1693936979,0x9d842be0299521283dbbcafa9abb26778bd4425ef299e6e2549a43011ad917ed
BoredApeYachtClub,0xBC4CA0EdA7647A8aB7C2061c2E118A18a936f13D,2273,0x26fcbd3afebbe28d0a8684f790c48368d21665b5,0x26fcbd3afebbe28d0a8684f790c48368d21665b5,27.7485,seaport,18070790,1693923153,0xf881c7b20946e06f6f29a566be5b962939a7e5900a4d492c52e56883d6032e50
BoredApeYachtClub,0xBC4CA0EdA7647A8aB7C2061c2E118A18a936f13D,2273,0x86b4d38e451c707e4914ffceab9479e3a8685f98,0x26fcbd3afebbe28d0a8684f790c48368d21665b5,29.1715,seaport,18070790,1693923153,0xf881c7b20946e06f6f29a566be5b962939a7e5900a4d492c52e56883d6032e50
BoredApeYachtClub,0xBC4CA0EdA7647A8aB7C2061c2E118A18a936f13D,8970,0xd27b7c6bd93f604bcd3497565f023652c2d13ce0,0xb51f56dbec3505e00f53015d4aa077469c2a2a31,29.95,seaport,18068761,1693898612,0xfdc14b99d717263607f8713740f9ab85b4203a65feede1b854dc95a87c74fd6f
BoredApeYachtClub,0xBC4CA0EdA7647A8aB7C2061c2E118A18a936f13D,734,0x07557f6138ed55485d82d64eea175043e4f2bbb4,0x90ee4f34956585f67e2ed423e32936661116b2ba,2.75,seaport,18068331,1693893411,0x4b65464b9fa9a881e37e84cb7b992b584f41f079e848255812a326b9ee292b5e
BoredApeYachtClub,0xBC4CA0EdA7647A8aB7C2061c2E118A18a936f13D,2692,0x04331bfe69b1f06bd47a179bcacf4c55ea9c31a8,0x6d5990109a284841177ec0c4ff1df6046c28aac7,39.5,seaport,18067724,1693886069,0x47be74181881ad4c54ce415f36ffa747bc8d8417d8492c3a3b74cf6b873535b3
BoredApeYachtClub,0xBC4CA0EdA7647A8aB7C2061c2E118A18a936f13D,6584,0x13ca2cf84365bd2daffd4a7e364ea11388607c37,0x47a9f89b1587db59a9aa53a93e9eae5915e8b36f,31.99,seaport,18065422,1693858225,0x8ea49e2eceb02c44a5745b6ed077fd80fae267f90a005124534f7783549861d4
BoredApeYachtClub,0xBC4CA0EdA7647A8aB7C2061c2E118A18a936f13D,8262,0x441c5d77fb66c185235844a1036e02b8c425d7e3,0x69986d5af481c14ca1351c8f330a34a0afcd90bd,4.5,seaport,18064591,1693848174,0xcfa2937ea91cd6a3eb97f1b05e6523b48c92d6a87bd32748ee9f24e8296989f5
BoredApeYachtClub,0xBC4CA0EdA7647A8aB7C2061c2E118A18a936f13D,864,0xe7866592a63bd5bb4b4ecfdca2a797e4a8f63ece,0xe7866592a63bd5bb4b4ecfdca2a797e4a8f63ece,32.175,seaport,18062386,1693821504,0x594710e9868291f7f1df348da85ada49428cea5c8e4d4aa118072edb157d5591
BoredApeYachtClub,0xBC4CA0EdA7647A8aB7C2061c2E118A18a936f13D,864,0x86a9ba93565c5c2182f526d0d0a5d598dd88d053,0xe7866592a63bd5bb4b4ecfdca2a797e4a8f63ece,33.825,seaport,18062386,1693821504,0x594710e9868291f7f1df348da85ada49428cea5c8e4d4aa118072edb157d5591
BoredApeYachtClub,0xBC4CA0EdA7647A8aB7C2061c2E118A18a936f13D,5221,0x9d604a517750eecea2ee5c883d491449808a3498,0x69986d5af481c14ca1351c8f330a34a0afcd90bd,28.3,x2y2,18053238,1693710855,0xe670ffc0ee13028a75571c39faf76af5f130add1c1d00784253a4d86ef9c9b20
BoredApeYachtClub,0xBC4CA0EdA7647A8aB7C2061c2E118A18a936f13D,3631,0xc4d469c1419bd07d7223ab4ecedbfa639bb87233,0x9d604a517750eecea2ee5c883d491449808a3498,28.5,x2y2,18053179,1693710141,0xd0515fc20e9ab4c354bd9c11928b4647a423fa146fcdd237c0ec43197d9722a6
BoredApeYachtClub,0xBC4CA0EdA7647A8aB7C2061c2E118A18a936f13D,5550,0x133290dd301119ca34b2e8601ba1d4c10c11a5ae,0xc4d469c1419bd07d7223ab4ecedbfa639bb87233,29.0,x2y2,18053153,1693709827,0xc3fc5b421af8e2b701c3132b89d240664f8aeccc77d74d2f5842dc400d623e97
BoredApeYachtClub,0xBC4CA0EdA7647A8aB7C2061c2E118A18a936f13D,4417,0xcb415344cd0fc552ce7b48ee9375991ff5865895,0x133290dd301119ca34b2e8601ba1d4c10c11a5ae,32.5,x2y2,18053148,1693709766,0x9f5244391c9946dedba77c04714baa1332db2cf562f01593521d8df44bbff6c1
BoredApeYachtClub,0xBC4CA0EdA7647A8aB7C2061c2E118A18a936f13D,2010,0x2e7573445b46a305f6b80f86ba56e788b2db7e68,0x967edc401472dc8b7dc3b9e51bc66bd6477ee209,26.5,x2y2,18052793,1693705472,0xd998554663322121b9990f736aa3da24240f60c6ce05ef42d89d7a55f7c7f36f
BoredApeYachtClub,0xBC4CA0EdA7647A8aB7C2061c2E118A18a936f13D,5521,0x9d604a517750eecea2ee5c883d491449808a3498,0x24e7a011f4bfe10202d47454404ded072b6f9dd6,1.0,seaport,18052135,1693697513,0x4c1de003c816f8f527741d0222e41bb3c3db7c158b27abb5eff642c2fe717667
BoredApeYachtClub,0xBC4CA0EdA7647A8aB7C2061c2E118A18a936f13D,6451,0xc038855930ffe0c521ee86ab77646044b9fb3e34,0x1d8eb3f4040752cc4c36f97a952cb52d2d17b6e9,31.49,seaport,18044784,1693608600,0x92709b1995d758ffafd074379707f2a8b1bdd59c5da697a74b8184f18ef21c5d
BoredApeYachtClub,0xBC4CA0EdA7647A8aB7C2061c2E118A18a936f13D,887,0x18fd1c96b0e64db4b452040df477581cfbda3560,0x15251b01c04a14628e4480ab3e40e702594cf1db,30.5,seaport,18043604,1693594327,0x814896bcdfee1313147561ea58a2459abd55812c0ea457bbf6beebd3ed29de29
BoredApeYachtClub,0xBC4CA0EdA7647A8aB7C2061c2E118A18a936f13D,4261,0x9d604a517750eecea2ee5c883d491449808a3498,0xeb4a487c89cf7fe5aad5a975e8c576a6e9ab68bc,27.75,x2y2,18042897,1693585776,0x2fcae99f4e79a5cd3b55128092e5ed9af79dcff1a70512256e0902a588162c5b
BoredApeYachtClub,0xBC4CA0EdA7647A8aB7C2061c2E118A18a936f13D,7209,0x5e765c50311fcab251f60f13121a974a40010d43,0x5e765c50311fcab251f60f13121a974a40010d43,26.62725,seaport,18042692,1693583296,0xfc0dce731ec202652a2399d4f4527381a97cde04d41b9673621400c2f19b47b7
BoredApeYachtClub,0xBC4CA0EdA7647A8aB7C2061c2E118A18a936f13D,7209,0x0097b9cfe64455eed479292671a1121f502bc954,0x5e765c50311fcab251f60f13121a974a40010d43,27.99275,seaport,18042692,1693583296,0xfc0dce731ec202652a2399d4f4527381a97cde04d41b9673621400c2f19b47b7
BoredApeYachtClub,0xBC4CA0EdA7647A8aB7C2061c2E118A18a936f13D,6331,0x5fcb06838f7ac00d8ee2d278f91bf8c3316ca223,0xb7fe14738b6952a63d6b47244d16ec5add29033e,33.33,seaport,18042374,1693579450,0x299625daeff1b51d406d29931b97f2c6754462b3635ab054c8ab085705cd9743
BoredApeYachtClub,0xBC4CA0EdA7647A8aB7C2061c2E118A18a936f13D,2699,0x04b98dc3b9fe0c5bb6c47df76a73f7558933e0d8,0x0f732cd6a97330f7c5fb4f41199f1bf1229ed179,0.0,seaport,18042348,1693579136,0xb48551bd61e9be6c6ec62bab063a88748654b90b16c71ee2d5c04e32859b9288
BoredApeYachtClub,0xBC4CA0EdA7647A8aB7C2061c2E118A18a936f13D,201,0x7a5ec51a8c4d347f5de1062fdf1ddb5636a58f3f,0x75750d0bba74ecb961fa588873a0ef69c54361c1,45.0,seaport,18042179,1693577092,0x2dae7013083f0485a53a55e3db3c1f7a34a639e995e4ddd5b5b91658dbb55729
BoredApeYachtClub,0xBC4CA0EdA7647A8aB7C2061c2E118A18a936f13D,3511,0xa55bafe7cf94058ae108f9aec01095d8a14b7680,0xa55bafe7cf94058ae108f9aec01095d8a14b7680,26.8125,seaport,18041601,1693570100,0x16525c3cb58a5850884906769b3ce070a71b64a483cb7eb500a3bdfe9a76fd2f
BoredApeYachtClub,0xBC4CA0EdA7647A8aB7C2061c2E118A18a936f13D,3511,0xce841f783dc6d9df256af36b1cf6b3a52aa57cdc,0xa55bafe7cf94058ae108f9aec01095d8a14b7680,28.1875,seaport,18041601,1693570100,0x16525c3cb58a5850884906769b3ce070a71b64a483cb7eb500a3bdfe9a76fd2f
BoredApeYachtClub,0xBC4CA0EdA7647A8aB7C2061c2E118A18a936f13D,3170,0x58867fa928b92ca3dc1c709d058ea1bfa1fc28d5,0x8eb6c21e7ac5470fd102f58878a1de551981d45f,29.0,x2y2,18038789,1693536088,0xc6de13590b6441f6a718536efcdc39a0850f06237039d5f0853b2aa107d82418
BoredApeYachtClub,0xBC4CA0EdA7647A8aB7C2061c2E118A18a936f13D,7728,0x40a4f41bd5434686260a3a8878118e4c2b3d282d,0x17ef2b6ff281dbb79847c9cbb2ce62572abb24c8,34.99,seaport,18033978,1693477897,0x4774dc37bc6956e5ae80ddd4e153e7b2316bd95262bd2179d49d9b39817b5cfe
BoredApeYachtClub,0xBC4CA0EdA7647A8aB7C2061c2E118A18a936f13D,8113,0x0263c008ae1f84ff6ec1f7b041775a22831e8d31,0x16317793c97a600e5433d917cd523f2fb6b8d26f,39.0,seaport,18032927,1693465185,0x12e8a4f91d61a1a103a55f46153678f9caa095184b1ce94eb0c4edd93aa48603
BoredApeYachtClub,0xBC4CA0EdA7647A8aB7C2061c2E118A18a936f13D,8610,0xb29f8ddd1ade87ee93e7cc7497d4e65db46b8a20,0xc4c4b5da2e9c7d872d3afe9a1e033d64584cf0f9,29.1,seaport,18032005,1693454033,0x0251e0226ae2c989f23c73a3b9b2f62b422f0da326e633e1aec414fecfd8cd67
BoredApeYachtClub,0xBC4CA0EdA7647A8aB7C2061c2E118A18a936f13D,3579,0x96be3d4b507b11831bb5d3b8ad5e612262accab6,0x557c60995797fa7b47be105227a2e46148d85750,32.69,seaport,18031823,1693451831,0x927492b3630a5c2abcda3085ed25622a97e430f73c7bda30bbba39774f22ac0e
BoredApeYachtClub,0xBC4CA0EdA7647A8aB7C2061c2E118A18a936f13D,2530,0xd49e2ce67633521923dff4b6cbee343bc1695a9d,0xe1e2bc2693f65dbe6d96ea01cac88f646f5f9432,32.0,seaport,18031457,1693447404,0x834f3579ba676ea8274cd7974cd3b772ebde6883496791a51a05c9b20edef58f
BoredApeYachtClub,0xBC4CA0EdA7647A8aB7C2061c2E118A18a936f13D,3963,0xe0e76a34c17635ebff5d80b1e387fcdd4eeab863,0x6c8ee01f1f8b62e987b3d18f6f28b22a0ada755f,0.0069,x2y2,18026957,1693392975,0xb441417ee13ed9e8301aa8d4dcf84d6befbf7bf2c5a0e860893801a44d40a15e
BoredApeYachtClub,0xBC4CA0EdA7647A8aB7C2061c2E118A18a936f13D,8338,0xb5ee4f2681042395517aa4daa00c9474c803f858,0x768c16b0c55933f52cafe5e1ef5957bd4d81e9cd,30.0,seaport,18021439,1693326233,0x6a86381fa16d4abcae4c543bd3dc9d438d236e089afa21855062b247d36d8719
BoredApeYachtClub,0xBC4CA0EdA7647A8aB7C2061c2E118A18a936f13D,2377,0xb2aa2f1f8e93e79713d92cea9ffce9a40af9c82d,0xc4d469c1419bd07d7223ab4ecedbfa639bb87233,32.9,seaport,18021402,1693325785,0x9782b058c839f5b25d36b3bde4a9bffce61840bd543ebcf84e3bdde4d6d1fc8b
BoredApeYachtClub,0xBC4CA0EdA7647A8aB7C2061c2E118A18a936f13D,8059,0x2e7573445b46a305f6b80f86ba56e788b2db7e68,0x3989549d3d35f78b043ebcce4bb253adc0f1c35d,26.5,x2y2,18021121,1693322386,0x79b8cb13b96c7f04328e25f699765400f770c05e4c601bd53544263e563a1edc
BoredApeYachtClub,0xBC4CA0EdA7647A8aB7C2061c2E118A18a936f13D,608,0xc40ffa19e3cea779c718998b22c6c199ff562663,0x2e7573445b46a305f6b80f86ba56e788b2db7e68,27.9,seaport,18021004,1693320971,0x53b519818ed53b8d0acdffe5d83a9f0f992793a7ffdd41fe492f85af1c6b4cb2
BoredApeYachtClub,0xBC4CA0EdA7647A8aB7C2061c2E118A18a936f13D,1553,0x6b8b76303e30475ef175754fcf7462c7328659f8,0x723aace21ab0485d50da31ff65e2b4364b31860b,33.0,seaport,18018850,1693294918,0xfeabbc991f88a26381118f7b84325f3bea58b97de564bf92fa28fd5e3ddcc1fb
BoredApeYachtClub,0xBC4CA0EdA7647A8aB7C2061c2E118A18a936f13D,3816,0xc67db0df922238979da0fd00d46016e8ae14cecb,0x0097b9cfe64455eed479292671a1121f502bc954,26.949,seaport,18017722,1693281274,0xfb8a44ded566846615329fc14224b5384760bd951eb6a821d2df8d46c3621a29
BoredApeYachtClub,0xBC4CA0EdA7647A8aB7C2061c2E118A18a936f13D,869,0x1b523dc90a79cf5ee5d095825e586e33780f7188,0xba103b94077534b162664051fb32bbf8b82632de,40.0,x2y2,18017566,1693279387,0xfb9bf7d2f5ed998ee59f119f6755079f434ff4ea344e126e40b9b3bc7c60c24b
BoredApeYachtClub,0xBC4CA0EdA7647A8aB7C2061c2E118A18a936f13D,2400,0xad012e6fcac2f0f4e4d415e81cf5d12ee9d07c2c,0xa4312263100b1bc63d0108171c2ffd7854ef7ad1,29.145729,seaport,18017434,1693277790,0x0007ee543f6f1589440f7f651e463ce0a346ea60935e901c41ec454314b01487
BoredApeYachtClub,0xBC4CA0EdA7647A8aB7C2061c2E118A18a936f13D,8059,0x3989549d3d35f78b043ebcce4bb253adc0f1c35d,0x69986d5af481c14ca1351c8f330a34a0afcd90bd,25.8,x2y2,18016786,1693269953,0x51a1ac97c77cae62325277a814cb73f70abe0734f396a2630e9221c96363f533
BoredApeYachtClub,0xBC4CA0EdA7647A8aB7C2061c2E118A18a936f13D,4261,0xeb4a487c89cf7fe5aad5a975e8c576a6e9ab68bc,0x1e04bfb945dfa23ed8bdea67947ca0d7b5fff75d,27.25,seaport,18015528,1693254737,0xac5f8092854837d7fefc930e5c0cc077613b316927324d26b3bf385d472d2c51
BoredApeYachtClub,0xBC4CA0EdA7647A8aB7C2061c2E118A18a936f13D,923,0xc7f32b05cfb5e06f2db7758e9852c443fb8b7231,0xadeb99da5761f20996609ca52e9ca7c4cb4b9115,0.35,seaport,18015083,1693249354,0x6c8c4cdc2ce2e62e0da59dc7f0e91fa1ac390093604c4b1d27ae88f85f093cd1
BoredApeYachtClub,0xBC4CA0EdA7647A8aB7C2061c2E118A18a936f13D,3948,0x04331bfe69b1f06bd47a179bcacf4c55ea9c31a8,0x4f7fcba0dd914e1e8e641d6b127dbb6463afdb65,28.8,seaport,18011294,1693203525,0x1a105362a6374c08b272d58b05a07af6a4a60c206f4ed0889d58a132c8e91f71
BoredApeYachtClub,0xBC4CA0EdA7647A8aB7C2061c2E118A18a936f13D,1598,0x40a167752d88b5493d35fd088f4e8f16d07a247f,0x17ef2b6ff281dbb79847c9cbb2ce62572abb24c8,36.99,seaport,18007757,1693160743,0xc25381481572db9f9ccd76c38d4b70364ecf7ae9fc8db86c973d94c7e468fdbd
BoredApeYachtClub,0xBC4CA0EdA7647A8aB7C2061c2E118A18a936f13D,7723,0xafdae0ab2a6351ab57b10c9f0031aa59ab40e6ea,0x86b4d38e451c707e4914ffceab9479e3a8685f98,30.0,seaport,18007243,1693154526,0x492ae0699307f327a3af5101eef3b32827edae1aed05f1a4c141aa85687ba65f
BoredApeYachtClub,0xBC4CA0EdA7647A8aB7C2061c2E118A18a936f13D,9593,0xcb415344cd0fc552ce7b48ee9375991ff5865895,0xdc5a3ed3ce12a78c9b4c8cbc370501ff06f5d90d,38.0,x2y2,18006913,1693150535,0xf7c14333b493d6cc4f49cd8d5038832731ddb3fb0a18ed2b615e86f4211eba99
BoredApeYachtClub,0xBC4CA0EdA7647A8aB7C2061c2E118A18a936f13D,9126,0x000000000055217587f821917562867172942189,0x04331bfe69b1f06bd47a179bcacf4c55ea9c31a8,30.0,seaport,18006444,1693144862,0x19cb97759b9ffd202fb0747b152e655a7696faa263a36284247bcd32cbbcae7d
BoredApeYachtClub,0xBC4CA0EdA7647A8aB7C2061c2E118A18a936f13D,8059,0x69986d5af481c14ca1351c8f330a34a0afcd90bd,0x9380009a35d63246eee35efcf139e6610fe77ed3,1.85,seaport,18002821,1693101040,0x5c8f543fdad00b29727b684e8254f64981c7e07ecbdc42395e764fc6abb0fb2a
BoredApeYachtClub,0xBC4CA0EdA7647A8aB7C2061c2E118A18a936f13D,3864,0xa7bf5be7b4dc16f6d4a454583746032c6535aff2,0x69986d5af481c14ca1351c8f330a34a0afcd90bd,35.0,x2y2,18002479,1693096904,0x6844e436b2166b0285d96aba98398126bf5857bf6d6cb7de54d0fb957cb24a26
BoredApeYachtClub,0xBC4CA0EdA7647A8aB7C2061c2E118A18a936f13D,2377,0xc4d469c1419bd07d7223ab4ecedbfa639bb87233,0xe21ecb50aa7a84688ae4457b770e44a21cdc5a56,29.0,x2y2,18002219,1693093759,0xef8bd04fafccc35ea9ca276f5089f480406013a144fb92d5b28469aae4f89b75
BoredApeYachtClub,0xBC4CA0EdA7647A8aB7C2061c2E118A18a936f13D,1892,0x27ace2849d6e1be10a3f0274d279c7788646b55e,0xcb415344cd0fc552ce7b48ee9375991ff5865895,30.0,x2y2,18001755,1693088146,0xfbbb9251df0a146bf8850b152428506832342a68a31d88bed3a4e93222d08453
BoredApeYachtClub,0xBC4CA0EdA7647A8aB7C2061c2E118A18a936f13D,7485,0x6caccf6df062634f6fdf7581b5c3fb0ff2d993cd,0xf4fb9fa23edb32215e5284cf7dbfdb5607d51a5b,105.0,x2y2,18001404,1693083901,0xf01922f55a620d27075b656058895cc4553cd84303f79b49bec0a2917be58e4f
BoredApeYachtClub,0xBC4CA0EdA7647A8aB7C2061c2E118A18a936f13D,920,0xbf45c33ec9cc59c0de50d33d87e13e61df25dbef,0xa2e94219e66513af56ac54f9ba3a20948696b917,27.0,seaport,18001077,1693079946,0x129a4cdbbe77e73dcdd617394b249f14e2d4bb854649e9a131e758b32a322958
BoredApeYachtClub,0xBC4CA0EdA7647A8aB7C2061c2E118A18a936f13D,6932,0x58a277939414926f1144d286fe9c96ce66733936,0x9ade3067e2f6e9915d0f276687877fbe1515a006,32.0,x2y2,18000741,1693075882,0xfda35654cfef43477c3f76f6d652f038c8305735ebe74ab1d3a1413cd3380752
BoredApeYachtClub,0xBC4CA0EdA7647A8aB7C2061c2E118A18a936f13D,3838,0x7476d5604f841e0b829f1eaa46f2b0a4ecf16962,0x3f6f904335985681e1fb33a031568992dcddb1dc,26.88,seaport,18000300,1693070548,0x2244eda46c5d0f017c051fcf33d8055fde400549cb6436bd8a3405cc1314ebc7
BoredApeYachtClub,0xBC4CA0EdA7647A8aB7C2061c2E118A18a936f13D,8841,0x47a9f89b1587db59a9aa53a93e9eae5915e8b36f,0xcbd4fa94fa3ac5782155bc8b414b83220ee1a8d6,27.0,seaport,17999333,1693058851,0x9e650076fa25ca58df42697cb10ee4600d66131116f6ad1ebffea2d3fcbc2190
BoredApeYachtClub,0xBC4CA0EdA7647A8aB7C2061c2E118A18a936f13D,6153,0x1e30f1bf8559090ab5a6b219efd98f8c275b2715,0xe7866592a63bd5bb4b4ecfdca2a797e4a8f63ece,29.395,x2y2,17999167,1693056844,0xb2c4636013a94fedf7c57af40a023931bbcb66a81940eaa279a01a1a7a840cd5
BoredApeYachtClub,0xBC4CA0EdA7647A8aB7C2061c2E118A18a936f13D,6153,0xe7866592a63bd5bb4b4ecfdca2a797e4a8f63ece,0x1e30f1bf8559090ab5a6b219efd98f8c275b2715,29.39,seaport,17997535,1693037112,0x9f73a635a8498e1425123c187fb70e6531d0c2c095b9daed54576a4d6fc687ee
BoredApeYachtClub,0xBC4CA0EdA7647A8aB7C2061c2E118A18a936f13D,8490,0x8ad334be71f18e6854aa69c4081dfa0b99cafb20,0x1e30f1bf8559090ab5a6b219efd98f8c275b2715,28.69,seaport,17997463,1693036241,0xa852d621327e68de4a775d5423a2a4a9831d5e793ef67534cd68195382ded695
BoredApeYachtClub,0xBC4CA0EdA7647A8aB7C2061c2E118A18a936f13D,864,0xe7866592a63bd5bb4b4ecfdca2a797e4a8f63ece,0x22154ec3f542483b2c35d67cb5e75a905338c259,29.39,x2y2,17997317,1693034476,0x29b299511690e91c718e7a4868068df072bc11ee9beaf82a13922ba002deafd9
BoredApeYachtClub,0xBC4CA0EdA7647A8aB7C2061c2E118A18a936f13D,317,0xc5c436a0395431d6966d91b3cc8db34736775f49,0xde7587c71d388fff52c0774dd8160d435efe7ad0,29.0,seaport,17996639,1693026280,0x88ddcb3fc24e622fd97fef5eee073c181b9dcdf8556003fe7db178e9c501ed88
BoredApeYachtClub,0xBC4CA0EdA7647A8aB7C2061c2E118A18a936f13D,5415,0x6c782bda4b37b1f457615b19c45798a0a224bc66,0x4933ad10c3523410c8ee3436691a8e04319296cd,25.99,seaport,17996401,1693023402,0x9ff222764d165f908b5bc4dafabcb0d5cf428bdc72b76613746d923601205046
BoredApeYachtClub,0xBC4CA0EdA7647A8aB7C2061c2E118A18a936f13D,6981,0x40a167752d88b5493d35fd088f4e8f16d07a247f,0x1e04bfb945dfa23ed8bdea67947ca0d7b5fff75d,25.49,seaport,17994162,1692996334,0x120c1124485bc7836f46da3d667f3778b1790f270d3dc0767890b3691b126e50
BoredApeYachtClub,0xBC4CA0EdA7647A8aB7C2061c2E118A18a936f13D,578,0x6103da69eb99c78559a33cfc4e73795e751c5f3a,0xf7812480cf924db2ba0bf78fec942a57139205a1,27.5,seaport,17992704,1692978708,0xc73c7b28710baf47ba32c08861d0904c168d0069bf9aa6808998c716ed74f78d
BoredApeYachtClub,0xBC4CA0EdA7647A8aB7C2061c2E118A18a936f13D,5124,0x4c91499abc38c06dde356616238726e2528c9fca,0x002b05d19cb34a3336e9095c1de60248a12970dd,26.0,x2y2,17992653,1692978091,0x51fd33370878a35b822f2c439cc81ea5d7a3885451fc2ca1b7dfee6e35d61a22
BoredApeYachtClub,0xBC4CA0EdA7647A8aB7C2061c2E118A18a936f13D,5493,0x7cbd9be1499c8ea9fc92eb7910345e4ae428c5e8,0x7cbd9be1499c8ea9fc92eb7910345e4ae428c5e8,22.800095,seaport,17991431,1692963318,0x90898d3714e9ac580e576df860fdfcd82428677e8c54789a0cbcda343f0ac3f7
BoredApeYachtClub,0xBC4CA0EdA7647A8aB7C2061c2E118A18a936f13D,5493,0xf15c93562bc3944a68e938ef75d2a3360d98ca57,0x7cbd9be1499c8ea9fc92eb7910345e4ae428c5e8,25.200105,seaport,17991431,1692963318,0x90898d3714e9ac580e576df860fdfcd82428677e8c54789a0cbcda343f0ac3f7
BoredApeYachtClub,0xBC4CA0EdA7647A8aB7C2061c2E118A18a936f13D,3218,0xde7587c71d388fff52c0774dd8160d435efe7ad0,0x5a49b01f72e4af5109e1d2856485e71985a696fb,24.42,seaport,17990714,1692954650,0x85fcee633294df62ff70ecdbd1a3b4e95e48b83fcbd5f887c3a1e558187a2b8c
BoredApeYachtClub,0xBC4CA0EdA7647A8aB7C2061c2E118A18a936f13D,8295,0x63c9c98c84fae150f0649560b94bacd42c467654,0x9f0716bf7e4a4e19867599a54f1108e0c11fec98,87.0,x2y2,17989624,1692941473,0xab5c6f5243369706fa9600cee146819beccf55d8407a785a7279f58b2c0f7324
BoredApeYachtClub,0xBC4CA0EdA7647A8aB7C2061c2E118A18a936f13D,3864,0x69986d5af481c14ca1351c8f330a34a0afcd90bd,0x0a5315d8521355e50119b679ab95dd7a4da21d59,30.69,x2y2,17989025,1692934231,0x8bc8979262f7c4ad553747816023e130e174308f8785e8a24cc79ebe11da420f
BoredApeYachtClub,0xBC4CA0EdA7647A8aB7C2061c2E118A18a936f13D,5692,0xc4d469c1419bd07d7223ab4ecedbfa639bb87233,0xe21ecb50aa7a84688ae4457b770e44a21cdc5a56,25.75,x2y2,17988618,1692929311,0x64de777d1322c5a6c44f5824238aa153a6c139279f61a0dbd06792446d2e63b7
BoredApeYachtClub,0xBC4CA0EdA7647A8aB7C2061c2E118A18a936f13D,8003,0xcb415344cd0fc552ce7b48ee9375991ff5865895,0x14ae8100ea85a11bbb36578f83ab1b5c1cfdd61c,23.5,x2y2,17988303,1692925503,0x94c4c3d1722dd1105579512cf5715f6859f8516a8aa087de0e1f26213d5b7a64
BoredApeYachtClub,0xBC4CA0EdA7647A8aB7C2061c2E118A18a936f13D,3177,0x6041d8809a2dbc039d40463314c4eb984499e801,0x2e7573445b46a305f6b80f86ba56e788b2db7e68,23.999,seaport,17988250,1692924862,0x95188db06e3b8a33a9fa1ed877f0925fc432dddc82373dd51c86ef5ea91dea7f
BoredApeYachtClub,0xBC4CA0EdA7647A8aB7C2061c2E118A18a936f13D,8506,0x5fcb06838f7ac00d8ee2d278f91bf8c3316ca223,0x83aaf5105c494940ce05e311186057cd5c143d65,24.99,seaport,17988085,1692922867,0x11f04e13c0a3a9c4b478496f03d42c247b62de2b5d4f6f231a4a1c1de1950e06
BoredApeYachtClub,0xBC4CA0EdA7647A8aB7C2061c2E118A18a936f13D,8760,0x40b579041554882abcbb3db2f812dcfcbd71b8bc,0x40b579041554882abcbb3db2f812dcfcbd71b8bc,21.75766,seaport,17987495,1692915734,0x3293d3555097e0a1865bb552bbea305c84f8e8d9f12b661fe694e0cbb9093de7
BoredApeYachtClub,0xBC4CA0EdA7647A8aB7C2061c2E118A18a936f13D,8760,0xf15c93562bc3944a68e938ef75d2a3360d98ca57,0x40b579041554882abcbb3db2f812dcfcbd71b8bc,24.04794,seaport,17987495,1692915734,0x3293d3555097e0a1865bb552bbea305c84f8e8d9f12b661fe694e0cbb9093de7
BoredApeYachtClub,0xBC4CA0EdA7647A8aB7C2061c2E118A18a936f13D,5853,0x17ef2b6ff281dbb79847c9cbb2ce62572abb24c8,0x6d0267156f1c6ce44caa4bf129b76009d3d41830,4.75,seaport,17985904,1692896500,0x2af36a7387d1bec2b99a3a1aa280bfcabdabfb43da345473079668c80c2d63ec
BoredApeYachtClub,0xBC4CA0EdA7647A8aB7C2061c2E118A18a936f13D,100,0x96d618adc74b18e26968a2aa8ad1ec3f95940d64,0x6e353e91cb721fda5b3131ac40d945f7775c95e7,27.0,seaport,17985880,1692896210,0xb2e890c6fc844a7eaa1067d00299263f7aaf0d1d9d416c0891b5986d64c9208e
BoredApeYachtClub,0xBC4CA0EdA7647A8aB7C2061c2E118A18a936f13D,6573,0x5cf4eee4f981265dca4cc8f902968caec3566ead,0xc584bd46352ce4ba448d90df0f68bf5304acb80d,24.3,seaport,17985063,1692886333,0xfab0e86ff915c16b433be61b29aa7d218e91976b7ef1e16261d992c7db0a6753
BoredApeYachtClub,0xBC4CA0EdA7647A8aB7C2061c2E118A18a936f13D,8636,0x3e6527de2cfec82ce5240d5559a8b09d256d5d6d,0x17ef2b6ff281dbb79847c9cbb2ce62572abb24c8,25.8,x2y2,17983321,1692865273,0x82cda25cb7c9f34c5f83a2fdf043e88c9c09d8fad19e35253052068d6c0a5227
BoredApeYachtClub,0xBC4CA0EdA7647A8aB7C2061c2E118A18a936f13D,3096,0x245ecf610a752018f36588ccd4347be005628bb0,0x245ecf610a752018f36588ccd4347be005628bb0,21.998145,seaport,17982694,1692857693,0xc844830e0615a30a1e766607fbab7488e3d8509855fa7800de13cb180d3e5dca
BoredApeYachtClub,0xBC4CA0EdA7647A8aB7C2061c2E118A18a936f13D,3096,0x0097b9cfe64455eed479292671a1121f502bc954,0x245ecf610a752018f36588ccd4347be005628bb0,23.126255,seaport,17982694,1692857693,0xc844830e0615a30a1e766607fbab7488e3d8509855fa7800de13cb180d3e5dca
BoredApeYachtClub,0xBC4CA0EdA7647A8aB7C2061c2E118A18a936f13D,6433,0xa0c659bc23f5727b8243c069beaa2370c87d9326,0xa0c659bc23f5727b8243c069beaa2370c87d9326,21.998535,seaport,17982524,1692855638,0x7f30856effe4ff3f53f7cf647d46e8120d8917f2c4354736a16e06260f2ecc26
BoredApeYachtClub,0xBC4CA0EdA7647A8aB7C2061c2E118A18a936f13D,6433,0x0097b9cfe64455eed479292671a1121f502bc954,0xa0c659bc23f5727b8243c069beaa2370c87d9326,23.126665,seaport,17982524,1692855638,0x7f30856effe4ff3f53f7cf647d46e8120d8917f2c4354736a16e06260f2ecc26
BoredApeYachtClub,0xBC4CA0EdA7647A8aB7C2061c2E118A18a936f13D,871,0x40a167752d88b5493d35fd088f4e8f16d07a247f,0xd007058e9b58e74c33c6bf6fbcd38baab813cbb6,29.99,seaport,17980399,1692829948,0x78a6e7c7aca0e62a17358b808b02194ca41d527e66c1d8b8f5ab66f36b85e8de
BoredApeYachtClub,0xBC4CA0EdA7647A8aB7C2061c2E118A18a936f13D,2949,0xf1cd08e18d28368727d453a8d51dc5b78281a49b,0x6be5a5027ebb00c1580627e2e664aed4f0f00a76,25.0,seaport,17980088,1692826188,0x029ec0f672753e86da263df60229c65273b1e88a87d30136f5edba5e48158c77
BoredApeYachtClub,0xBC4CA0EdA7647A8aB7C2061c2E118A18a936f13D,1071,0xb17cf8ef22a650b6de374a14fb1cabda635fdd8b,0xde7587c71d388fff52c0774dd8160d435efe7ad0,28.0,x2y2,17978826,1692810932,0x83ad732543bd0df431498652c327769b84f323fc7869375f32d360745a1f9ac4
BoredApeYachtClub,0xBC4CA0EdA7647A8aB7C2061c2E118A18a936f13D,1938,0x978322f3c19a7b5584f516a83accb29b21176c43,0x2e7573445b46a305f6b80f86ba56e788b2db7e68,25.75,seaport,17978235,1692803787,0xdbd8857c22daaf2d0002f099dde30092d9cc4457716af1bfba58500046378a2d
BoredApeYachtClub,0xBC4CA0EdA7647A8aB7C2061c2E118A18a936f13D,7936,0xf76ebe6341dd9dc880596ee1cccffb4938db14e3,0x7c1958ba95ab3170f6069dadf4de304b0c00000c,33.0,x2y2,17977801,1692798540,0x38c4be07669d2c0a859864038f0a909f6d7eb2200f98298ae130e7ca8d3049e4
BoredApeYachtClub,0xBC4CA0EdA7647A8aB7C2061c2E118A18a936f13D,2243,0x5cf4eee4f981265dca4cc8f902968caec3566ead,0xac011896f4d6d7a05f0dfcff915b02bc12f5588e,24.44,seaport,17977624,1692796400,0xd67e2c633fd078ec05ece430ab8d10edc2d65475b2aff412cd4a5eafd9eb1c52
BoredApeYachtClub,0xBC4CA0EdA7647A8aB7C2061c2E118A18a936f13D,6510,0xc7d64d4402702f6e068103e0e2af0998c063c5aa,0x41c028618afab5a9d572a335bc7acd8bde10fee3,25.5,seaport,17977539,1692795373,0x0d83991aafd61df66c5bad524388ae36e1cff6558e5d27484b00a3e150170de0
BoredApeYachtClub,0xBC4CA0EdA7647A8aB7C2061c2E118A18a936f13D,9121,0x99df809bdc7c49e900d80f18d787d3cfa23fdb8e,0xcafba4ca4a4886ae0938cc8ef91b605db9e4bf08,34.3,x2y2,17976393,1692781518,0x434e50a2740bef4125724a1344f81326dd13f0f47fc88a5bd2cebbb2d753704b
BoredApeYachtClub,0xBC4CA0EdA7647A8aB7C2061c2E118A18a936f13D,2783,0x441c5d77fb66c185235844a1036e02b8c425d7e3,0x1bb35a7c55e90188e3cf31034c80a884c1edd922,30.0,x2y2,17976349,1692780986,0x4921397bd1d30ad5e94eeeb71ed6866857475f78368d5ade8b7c0b45bf31928e
BoredApeYachtClub,0xBC4CA0EdA7647A8aB7C2061c2E118A18a936f13D,5577,0xfa5028965fd0858b161db1413edfe7640f20e154,0xc1710053e48ce4fa1d7e39a0388fdbd297b40db8,23.489,seaport,17975078,1692765621,0x016870b0291eac415bb2875af399c6a2f785f42ef3c2e372beb5ab4308208f53
BoredApeYachtClub,0xBC4CA0EdA7647A8aB7C2061c2E118A18a936f13D,7821,0x188f982f7144a69d61ad0143399eb8c460b907b4,0xd29cce44b6b9e7d93248c4e77f4a8b3d8c8e3c5a,30.0,seaport,17974444,1692757956,0xaccc1f618de04e37a7ab628ac45b8778bed4e6bb033b09570825d568854421f7
BoredApeYachtClub,0xBC4CA0EdA7647A8aB7C2061c2E118A18a936f13D,5869,0xe16dce8e44b310953255ffeaa9086f1e3600e999,0x242559cceece552cc790bd3f2f9d890921ed6125,29.0,seaport,17973622,1692748019,0x8cdeb01cdb9744c74f967141cf31e5ce92f87d185e107d09a0bfd2eb1d4780d1
BoredApeYachtClub,0xBC4CA0EdA7647A8aB7C2061c2E118A18a936f13D,3979,0x26b03767002ee4141fec77a0dbc6b098ec5040ed,0x8c913aec7443fe2018639133398955e0e17fb0c1,24.0,seaport,17971479,1692722111,0x45451f11565b749ee115ea8ea16a4582b4b2417484e6ad9637d4543fc1ee9be7
BoredApeYachtClub,0xBC4CA0EdA7647A8aB7C2061c2E118A18a936f13D,6195,0xcb415344cd0fc552ce7b48ee9375991ff5865895,0x477ec418066af974eb2ecbad255db20d424df551,27.0,x2y2,17971412,1692721301,0xdf38d226bf202dc2daffe91056986a12ce48370ab5d5a45dd09fb109d71fe47b
BoredApeYachtClub,0xBC4CA0EdA7647A8aB7C2061c2E118A18a936f13D,5912,0xf47df1833ceb43dab013109fbc6ec1e816e2c1fc,0xf47df1833ceb43dab013109fbc6ec1e816e2c1fc,22.7175,seaport,17971259,1692719451,0xd816b2547d3abb29bdae6d370531734acca6abff0928477d65355ba994a3dd56
BoredApeYachtClub,0xBC4CA0EdA7647A8aB7C2061c2E118A18a936f13D,5912,0x9a0ebd69e903e68e96956e606d224cff1ca01162,0xf47df1833ceb43dab013109fbc6ec1e816e2c1fc,23.8825,seaport,17971259,1692719451,0xd816b2547d3abb29bdae6d370531734acca6abff0928477d65355ba994a3dd56
BoredApeYachtClub,0xBC4CA0EdA7647A8aB7C2061c2E118A18a936f13D,7377,0x027750420d3f4dd56f558871792b1632a21c6205,0xaccf1056d110d2c3f4d26ca2c89b73fda44e62cb,24.97,seaport,17971141,1692718025,0x0c842d39cdd070f97e38cfcbc356e09f51229c1f96ec0bcb56e1ab05508e8774
BoredApeYachtClub,0xBC4CA0EdA7647A8aB7C2061c2E118A18a936f13D,475,0xb47c55f00a31deda8415e67d587168e05d41f92c,0xb47c55f00a31deda8415e67d587168e05d41f92c,33.15,seaport,17970884,1692714918,0xb57469ee9face3e080d67df755c5522008ce9a57318784c725fd3c3e4b89d5c7
BoredApeYachtClub,0xBC4CA0EdA7647A8aB7C2061c2E118A18a936f13D,475,0x8002524b12b2a6e1e8e26f39b32efc73fa4c161a,0xb47c55f00a31deda8415e67d587168e05d41f92c,34.85,seaport,17970884,1692714918,0xb57469ee9face3e080d67df755c5522008ce9a57318784c725fd3c3e4b89d5c7
BoredApeYachtClub,0xBC4CA0EdA7647A8aB7C2061c2E118A18a936f13D,6173,0x65249532663d15a76007688a8bfa1b109973ad41,0x0cfbbdff8e741ab4d996fd121bd56f20446e8f8c,0.01,seaport,17970178,1692706383,0x7b5eaf3fc83fe4cf2e3076825ed03ddb4a17054db5b43315e2589b3c9fb78658
BoredApeYachtClub,0xBC4CA0EdA7647A8aB7C2061c2E118A18a936f13D,6662,0x60bac7af5185e674d90da0fa49efebc19a1443d3,0x1e30f1bf8559090ab5a6b219efd98f8c275b2715,25.89,seaport,17969432,1692697364,0x1c977a912003598844fd2d7c538c663991dc328433a1fb973f576643ca9fdf44
BoredApeYachtClub,0xBC4CA0EdA7647A8aB7C2061c2E118A18a936f13D,6932,0xcb415344cd0fc552ce7b48ee9375991ff5865895,0x40ee7f8515b1cd080b2521a66d51d30a0540e659,28.0,seaport,17968639,1692687777,0x833dbf016cdac22a0343e006388f7771f2bd0c02321547f593f2f9cc751ca73b
BoredApeYachtClub,0xBC4CA0EdA7647A8aB7C2061c2E118A18a936f13D,3248,0x76126c607c200257a0371a0e07fa5b7da87f9d07,0x1e30f1bf8559090ab5a6b219efd98f8c275b2715,23.99,seaport,17968627,1692687632,0x846ff424cc9abf612ae073a00640642181a95b6091a7385481a27e3cee9db6b1
BoredApeYachtClub,0xBC4CA0EdA7647A8aB7C2061c2E118A18a936f13D,7236,0xd007058e9b58e74c33c6bf6fbcd38baab813cbb6,0x4b7cb5b29be1fcdd2a16058ea5d2a7b1ea727c35,28.0,seaport,17968624,1692687596,0x136eb623f58a307df30d7d10c7acf1f25eb4d8500e60ec752ab554e8d39a3628
BoredApeYachtClub,0xBC4CA0EdA7647A8aB7C2061c2E118A18a936f13D,644,0xd007058e9b58e74c33c6bf6fbcd38baab813cbb6,0x1e04bfb945dfa23ed8bdea67947ca0d7b5fff75d,24.49,seaport,17968624,1692687596,0x136eb623f58a307df30d7d10c7acf1f25eb4d8500e60ec752ab554e8d39a3628
BoredApeYachtClub,0xBC4CA0EdA7647A8aB7C2061c2E118A18a936f13D,5882,0xd007058e9b58e74c33c6bf6fbcd38baab813cbb6,0xbedf6102fdcb75f418ae1305a99d5f2d571ee3e5,22.7,seaport,17968624,1692687596,0x136eb623f58a307df30d7d10c7acf1f25eb4d8500e60ec752ab554e8d39a3628
BoredApeYachtClub,0xBC4CA0EdA7647A8aB7C2061c2E118A18a936f13D,1055,0xd007058e9b58e74c33c6bf6fbcd38baab813cbb6,0xc993c0c7fdef0ea3df326f62ef51cd5f92954490,23.78,seaport,17968624,1692687596,0x136eb623f58a307df30d7d10c7acf1f25eb4d8500e60ec752ab554e8d39a3628
BoredApeYachtClub,0xBC4CA0EdA7647A8aB7C2061c2E118A18a936f13D,5787,0x459ca2a9159f866e7ebab81fe2666aefd2b49acb,0xf9710226a0f47d5413016a6275347221ab6fa5f3,27.5,seaport,17968432,1692685275,0x951265067061d3f5eab4ad23689b1648d8d925e547c9fcefbdab7d33af907e44
BoredApeYachtClub,0xBC4CA0EdA7647A8aB7C2061c2E118A18a936f13D,9044,0x020ca66c30bec2c4fe3861a94e4db4a498a35872,0x055315baa7c47651f1380caffefd75fdded85607,24.0,seaport,17968207,1692682555,0x5cd4d8ca075465875eb6167fbced4b5b6d4e392b7eff4ec260634893edc33c4c
BoredApeYachtClub,0xBC4CA0EdA7647A8aB7C2061c2E118A18a936f13D,638,0x39ed6cd4212c6442bb60ff422a0cef9edaef68b5,0x39ed6cd4212c6442bb60ff422a0cef9edaef68b5,21.22575,seaport,17968119,1692681491,0x53b755c24951bb84edb3151b87c399bb468ed61503bdb7fc2bd0c56642932c46
BoredApeYachtClub,0xBC4CA0EdA7647A8aB7C2061c2E118A18a936f13D,638,0x0097b9cfe64455eed479292671a1121f502bc954,0x39ed6cd4212c6442bb60ff422a0cef9edaef68b5,22.31425,seaport,17968119,1692681491,0x53b755c24951bb84edb3151b87c399bb468ed61503bdb7fc2bd0c56642932c46
BoredApeYachtClub,0xBC4CA0EdA7647A8aB7C2061c2E118A18a936f13D,1012,0x522148ac438a4d68110c259d04daca5b425be0e9,0x522148ac438a4d68110c259d04daca5b425be0e9,22.035,seaport,17967720,1692676667,0x3288f34682f8169379e67788a4f7ac8a9c126d63532b910d85741b5b2f30f4ca
BoredApeYachtClub,0xBC4CA0EdA7647A8aB7C2061c2E118A18a936f13D,1012,0xce841f783dc6d9df256af36b1cf6b3a52aa57cdc,0x522148ac438a4d68110c259d04daca5b425be0e9,23.165,seaport,17967720,1692676667,0x3288f34682f8169379e67788a4f7ac8a9c126d63532b910d85741b5b2f30f4ca
BoredApeYachtClub,0xBC4CA0EdA7647A8aB7C2061c2E118A18a936f13D,2878,0x5b09a1f27071f86ed90dff27e13e9050c113292f,0xccb77c3e5c60cf9a30fe1a83827c0cdd8e09991f,33.0,x2y2,17967636,1692675652,0x3860932c26a915308d71285f916a2bdd339849ee5fa1082cfd2c8e4aa9697d1b
BoredApeYachtClub,0xBC4CA0EdA7647A8aB7C2061c2E118A18a936f13D,1097,0x86b4d38e451c707e4914ffceab9479e3a8685f98,0x7fb6123f947dff6bd83f2f7a05fa35367abb7ced,25.2765,seaport,17967281,1692671360,0x75c7c6b9e4c57395c3cbf8eb4e7da7330b9f8eca7c86938125daecea5476a6cb
BoredApeYachtClub,0xBC4CA0EdA7647A8aB7C2061c2E118A18a936f13D,8942,0x26b03767002ee4141fec77a0dbc6b098ec5040ed,0x7fb6123f947dff6bd83f2f7a05fa35367abb7ced,23.5,seaport,17967220,1692670622,0x8ee01bacd9f58ac603b168a8a533b32578c66894887802cedc2e3cab5ef0c1d9
BoredApeYachtClub,0xBC4CA0EdA7647A8aB7C2061c2E118A18a936f13D,9873,0xb0ffc78c832d2cf7fcc63f79238fdd720b5cee35,0xce841f783dc6d9df256af36b1cf6b3a52aa57cdc,23.12,seaport,17964346,1692635878,0x9edfcfd1e5dec8044ba41c7dae325e14b1918ad01723e304a944e6d2be8425b7
BoredApeYachtClub,0xBC4CA0EdA7647A8aB7C2061c2E118A18a936f13D,9873,0x25ffb17345dd01921f76b21484cd74df57fe50c9,0x25ffb17345dd01921f76b21484cd74df57fe50c9,22.425,seaport,17964061,1692632432,0x5acfc800220b7f0eb47f657c7b825e58b4bc3d8c2ce9ceabaa3120a827309c10
BoredApeYachtClub,0xBC4CA0EdA7647A8aB7C2061c2E118A18a936f13D,9873,0xce841f783dc6d9df256af36b1cf6b3a52aa57cdc,0x25ffb17345dd01921f76b21484cd74df57fe50c9,23.575,seaport,17964061,1692632432,0x5acfc800220b7f0eb47f657c7b825e58b4bc3d8c2ce9ceabaa3120a827309c10
BoredApeYachtClub,0xBC4CA0EdA7647A8aB7C2061c2E118A18a936f13D,1064,0x6082e35d44ab18ef775b78ac9358282692f82dc2,0x6082e35d44ab18ef775b78ac9358282692f82dc2,21.66969,seaport,17963913,1692630643,0xd92d8d1cafa19515c53e4b5c73d7b89351416779e099c7fbd0ed2f7caae1e6ab
BoredApeYachtClub,0xBC4CA0EdA7647A8aB7C2061c2E118A18a936f13D,1064,0xf15c93562bc3944a68e938ef75d2a3360d98ca57,0x6082e35d44ab18ef775b78ac9358282692f82dc2,23.95071,seaport,17963913,1692630643,0xd92d8d1cafa19515c53e4b5c73d7b89351416779e099c7fbd0ed2f7caae1e6ab
BoredApeYachtClub,0xBC4CA0EdA7647A8aB7C2061c2E118A18a936f13D,1885,0xf33fbd68bafb7e1da436edd1a9a9eaaf527307af,0xf33fbd68bafb7e1da436edd1a9a9eaaf527307af,21.75139,seaport,17963706,1692628140,0xf9963421e36a91ff7b474b58efc4060c8d54e8da1e66a6fc8508453f04ede475
BoredApeYachtClub,0xBC4CA0EdA7647A8aB7C2061c2E118A18a936f13D,1885,0xf15c93562bc3944a68e938ef75d2a3360d98ca57,0xf33fbd68bafb7e1da436edd1a9a9eaaf527307af,24.04101,seaport,17963706,1692628140,0xf9963421e36a91ff7b474b58efc4060c8d54e8da1e66a6fc8508453f04ede475
BoredApeYachtClub,0xBC4CA0EdA7647A8aB7C2061c2E118A18a936f13D,8557,0x9ecaa42c96096f1a3a6f1f8d8e57513fe8085056,0x04b98dc3b9fe0c5bb6c47df76a73f7558933e0d8,23.9,seaport,17963474,1692625336,0xd868282cf9d5ea7a040a7c56219eede4398a050ca220a03080387759a5a477c3
BoredApeYachtClub,0xBC4CA0EdA7647A8aB7C2061c2E118A18a936f13D,4232,0x411ed9cdb97730dbb81e1f9c17fdeb8609edfe4b,0xf011f97d87ba4ac949c940a84b12e276e13f0529,25.125,seaport,17962076,1692608435,0x49abeb4785b5be1bf3a6573fecc33a89b1b079be9dac26e42eddc5c288479db1
BoredApeYachtClub,0xBC4CA0EdA7647A8aB7C2061c2E118A18a936f13D,3611,0x4d39d61b2969051aa01534b7c929ec205f9ee814,0x4d39d61b2969051aa01534b7c929ec205f9ee814,22.425,seaport,17960878,1692593952,0xc25556b73a61ab69ed0086222964a084574e4516e1c972caba11350241ccd5ca
BoredApeYachtClub,0xBC4CA0EdA7647A8aB7C2061c2E118A18a936f13D,3611,0xce841f783dc6d9df256af36b1cf6b3a52aa57cdc,0x4d39d61b2969051aa01534b7c929ec205f9ee814,23.575,seaport,17960878,1692593952,0xc25556b73a61ab69ed0086222964a084574e4516e1c972caba11350241ccd5ca
BoredApeYachtClub,0xBC4CA0EdA7647A8aB7C2061c2E118A18a936f13D,8009,0x69986d5af481c14ca1351c8f330a34a0afcd90bd,0xc4d469c1419bd07d7223ab4ecedbfa639bb87233,25.75,x2y2,17959482,1692577075,0xa38ee8ef8093e11425a4e2684d6e9d862b519c8432fad02ec430e9ba3e99652a
BoredApeYachtClub,0xBC4CA0EdA7647A8aB7C2061c2E118A18a936f13D,7391,0xf1cd08e18d28368727d453a8d51dc5b78281a49b,0x1e04bfb945dfa23ed8bdea67947ca0d7b5fff75d,26.99,seaport,17959000,1692571248,0xf93db554a3d63e81fdbc87e51207b620a816eca80d81ee05044e58355a386748
BoredApeYachtClub,0xBC4CA0EdA7647A8aB7C2061c2E118A18a936f13D,2632,0xd24d37dff53cf50faa81a832fe39b5ebca24506d,0xb47c55f00a31deda8415e67d587168e05d41f92c,30.0,seaport,17958929,1692570389,0x746d690fb62372420e28425967490b8b670237b18325d2b3f2386ed166e63ffe
BoredApeYachtClub,0xBC4CA0EdA7647A8aB7C2061c2E118A18a936f13D,9256,0x9df276bc9d4527e801c4b12b4edce3cd484bd490,0x82980c4e84da5656bb58b5a04aee4db6af123326,30.0,x2y2,17958647,1692566980,0xea45da00f4cbd1e1cfa79117e53c95eb9b04077ca30f72f68dc030130061c78b
BoredApeYachtClub,0xBC4CA0EdA7647A8aB7C2061c2E118A18a936f13D,2245,0x020ca66c30bec2c4fe3861a94e4db4a498a35872,0x889964320f06f3709a554d934d4a82e40337971a,24.5,seaport,17958449,1692564587,0x8743e05cbc4892c6b67023faa97064db5c54deaa4af8ada47d69aaf6018a6be4
BoredApeYachtClub,0xBC4CA0EdA7647A8aB7C2061c2E118A18a936f13D,8586,0x6ad7435dba7e4189c6fb3d9aec43ef39dc047e6e,0x6ad7435dba7e4189c6fb3d9aec43ef39dc047e6e,22.061185,seaport,17956932,1692546248,0x1c722578908a11fa599019a922699d93123e385686efaed27c95b24954710f50
BoredApeYachtClub,0xBC4CA0EdA7647A8aB7C2061c2E118A18a936f13D,8586,0xf15c93562bc3944a68e938ef75d2a3360d98ca57,0x6ad7435dba7e4189c6fb3d9aec43ef39dc047e6e,24.383415,seaport,17956932,1692546248,0x1c722578908a11fa599019a922699d93123e385686efaed27c95b24954710f50
BoredApeYachtClub,0xBC4CA0EdA7647A8aB7C2061c2E118A18a936f13D,221,0x26d6992ed96e096d0149b6f2ae1cd20769164e4e,0xf011f97d87ba4ac949c940a84b12e276e13f0529,23.99,seaport,17956788,1692544508,0xd7cca62f3b7ed626a9c87bf5254346c1650c62ee837d2ba4ae6f320ba6167599
BoredApeYachtClub,0xBC4CA0EdA7647A8aB7C2061c2E118A18a936f13D,6937,0xd4e26683635bf3dc9ead5f31b935c33cc1ce1838,0xd4e26683635bf3dc9ead5f31b935c33cc1ce1838,34.125,seaport,17956491,1692540917,0xcaeb6e3a80c1ad9ec656cc892388270b8b743b0464363f1f105cb523d4c80b79
BoredApeYachtClub,0xBC4CA0EdA7647A8aB7C2061c2E118A18a936f13D,6937,0x7e35fe41789a6bc7668b8c5a44928b29ed7f41e2,0xd4e26683635bf3dc9ead5f31b935c33cc1ce1838,35.875,seaport,17956491,1692540917,0xcaeb6e3a80c1ad9ec656cc892388270b8b743b0464363f1f105cb523d4c80b79
BoredApeYachtClub,0xBC4CA0EdA7647A8aB7C2061c2E118A18a936f13D,8641,0x7d0d6421e08b3f9a5172005487cffb146aeb86d6,0xce841f783dc6d9df256af36b1cf6b3a52aa57cdc,26.0,seaport,17956485,1692540845,0xaaa3410589480cd38229b1331a334d33bad17678cc015f95fc268c477801270f
BoredApeYachtClub,0xBC4CA0EdA7647A8aB7C2061c2E118A18a936f13D,8698,0x26b03767002ee4141fec77a0dbc6b098ec5040ed,0xc4d469c1419bd07d7223ab4ecedbfa639bb87233,27.75,seaport,17956152,1692536820,0xdbf5706c6bae20ffbb3ae94705183c76d473ea5f5ecfe5281cdd6dea8b3d01b2
BoredApeYachtClub,0xBC4CA0EdA7647A8aB7C2061c2E118A18a936f13D,1687,0x7e149cb3427478c557c0be5aecc666cea8c2ee82,0x7e149cb3427478c557c0be5aecc666cea8c2ee82,22.43475,seaport,17956105,1692536251,0x50e1fceb77b27a6781dc57e528d9ce81fb03fd97b54c8182b80cce198e262523
BoredApeYachtClub,0xBC4CA0EdA7647A8aB7C2061c2E118A18a936f13D,1687,0x0097b9cfe64455eed479292671a1121f502bc954,0x7e149cb3427478c557c0be5aecc666cea8c2ee82,23.58525,seaport,17956105,1692536251,0x50e1fceb77b27a6781dc57e528d9ce81fb03fd97b54c8182b80cce198e262523
BoredApeYachtClub,0xBC4CA0EdA7647A8aB7C2061c2E118A18a936f13D,3920,0x3dae7ad6015efe036394b52ef26441437f5d176b,0x3dae7ad6015efe036394b52ef26441437f5d176b,22.196655,seaport,17955486,1692528769,0x5b3665d363911ecb0c599ac9d42458f5e1f932d5d0c1bc08717d82e27895e8b5
BoredApeYachtClub,0xBC4CA0EdA7647A8aB7C2061c2E118A18a936f13D,3920,0x0097b9cfe64455eed479292671a1121f502bc954,0x3dae7ad6015efe036394b52ef26441437f5d176b,23.334945,seaport,17955486,1692528769,0x5b3665d363911ecb0c599ac9d42458f5e1f932d5d0c1bc08717d82e27895e8b5
BoredApeYachtClub,0xBC4CA0EdA7647A8aB7C2061c2E118A18a936f13D,3016,0xd24d37dff53cf50faa81a832fe39b5ebca24506d,0xfbdbc7ac1754ab19a135a793597088b501c6288f,23.0,x2y2,17955384,1692527536,0x73310ed92a5e63ef40bdd405fcb5178f6411b6f5323e57d87fcce752043daaea
BoredApeYachtClub,0xBC4CA0EdA7647A8aB7C2061c2E118A18a936f13D,4768,0x59ec0edb51ab373c94e1f93fa3cdaaa94aae582b,0x59ec0edb51ab373c94e1f93fa3cdaaa94aae582b,22.425,seaport,17955092,1692524006,0xa26e29fe47198686857d24f995348fe1f03596f520f3eb5b9b2b94ecca6b5266
BoredApeYachtClub,0xBC4CA0EdA7647A8aB7C2061c2E118A18a936f13D,4768,0xce841f783dc6d9df256af36b1cf6b3a52aa57cdc,0x59ec0edb51ab373c94e1f93fa3cdaaa94aae582b,23.575,seaport,17955092,1692524006,0xa26e29fe47198686857d24f995348fe1f03596f520f3eb5b9b2b94ecca6b5266
BoredApeYachtClub,0xBC4CA0EdA7647A8aB7C2061c2E118A18a936f13D,3045,0xe0b6e70261db8ef63df421662dbba26ae8470a5d,0x2e9a18d66f2fc535497cfb395d7f1bcb6746e582,24.99,seaport,17954768,1692520089,0x1aedba10f0b541631bb1e60a27812458becf0387f340921563698e5b55bfaa2a
BoredApeYachtClub,0xBC4CA0EdA7647A8aB7C2061c2E118A18a936f13D,8585,0x66666f58de1bcd762a5e5c5aff9cc3c906d66666,0x48bc8ca6d9369fa80e1a725aea2bfc9b956514f8,153.0,x2y2,17953717,1692507384,0x83dcf403afc165e23aa5cd3fedc00328a8bbb0fdc345ef0738618761dde14b68
BoredApeYachtClub,0xBC4CA0EdA7647A8aB7C2061c2E118A18a936f13D,3920,0x3dae7ad6015efe036394b52ef26441437f5d176b,0x0097b9cfe64455eed479292671a1121f502bc954,24.4986,seaport,17953601,1692505982,0x8cd9b933ad8ddb22dec10072841dacd62fa2ff109caad20dd735479d37b68425
BoredApeYachtClub,0xBC4CA0EdA7647A8aB7C2061c2E118A18a936f13D,2384,0x020ca66c30bec2c4fe3861a94e4db4a498a35872,0x707582bff3f58f168be346d224a9693b0ae3d56e,29.5,seaport,17953501,1692504773,0x04def578d6d253d556a461749c14daebb9b4bbbc0cbde9e807c619cf7712213a
BoredApeYachtClub,0xBC4CA0EdA7647A8aB7C2061c2E118A18a936f13D,9770,0xcb415344cd0fc552ce7b48ee9375991ff5865895,0x47a9f89b1587db59a9aa53a93e9eae5915e8b36f,36.0,x2y2,17952651,1692494498,0xb8cb10146fcf53e00038f05fb760ad9b951403875894d92a8724f796c0090abd
BoredApeYachtClub,0xBC4CA0EdA7647A8aB7C2061c2E118A18a936f13D,490,0x1e30f1bf8559090ab5a6b219efd98f8c275b2715,0x1e30f1bf8559090ab5a6b219efd98f8c275b2715,0.0,seaport,17950805,1692472183,0x74e97844548a3e5932276ea2682d145aa9cdf8abf356bc7911c431cad833d0a3
BoredApeYachtClub,0xBC4CA0EdA7647A8aB7C2061c2E118A18a936f13D,490,0x18beceb3674f20ee3f75c03ef06542c8c882d088,0x1e30f1bf8559090ab5a6b219efd98f8c275b2715,0.0,seaport,17950805,1692472183,0x74e97844548a3e5932276ea2682d145aa9cdf8abf356bc7911c431cad833d0a3
BoredApeYachtClub,0xBC4CA0EdA7647A8aB7C2061c2E118A18a936f13D,2227,0x2f9ecaa66e12b6168996a6b80cda9bb142f80dd0,0x4678c09651889e3f52f6ba2fa6f5455581e77c07,25.338,seaport,17950021,1692462706,0xc1fe4f5ee6516c5b66763321005162ac9ef1a4722067c09eacc7ffb664ec54d4
BoredApeYachtClub,0xBC4CA0EdA7647A8aB7C2061c2E118A18a936f13D,7924,0x834c42bdf8233efe17f05603686b2727266c03d0,0xc4d469c1419bd07d7223ab4ecedbfa639bb87233,27.48,seaport,17949811,1692460167,0x7f34ddaa7e3e17c151e2835e3212cecb61db68bddb58888c2918b0d304206d32
BoredApeYachtClub,0xBC4CA0EdA7647A8aB7C2061c2E118A18a936f13D,3261,0x0e838563a5f1be0b636abbbe5c0842f0941ee7e8,0x0e838563a5f1be0b636abbbe5c0842f0941ee7e8,23.4975,seaport,17949585,1692457435,0xd6f7493f271b2f9611e82c5c10fed68df59a5b04556ab08a9cbfcf9a5377c1c3
BoredApeYachtClub,0xBC4CA0EdA7647A8aB7C2061c2E118A18a936f13D,3261,0xdf75ea94f54c3d35cae64e32a7858e7af7bf9d34,0x0e838563a5f1be0b636abbbe5c0842f0941ee7e8,24.7025,seaport,17949585,1692457435,0xd6f7493f271b2f9611e82c5c10fed68df59a5b04556ab08a9cbfcf9a5377c1c3
BoredApeYachtClub,0xBC4CA0EdA7647A8aB7C2061c2E118A18a936f13D,2551,0x020ca66c30bec2c4fe3861a94e4db4a498a35872,0x9049228e71941334f2ccf7633a26a411f1617aba,27.5,seaport,17949362,1692454740,0x3d6f5b21de3e270f24755eacec517df12b6afc329e5b3c4a181977ca3ba5b077
BoredApeYachtClub,0xBC4CA0EdA7647A8aB7C2061c2E118A18a936f13D,8201,0xcafba4ca4a4886ae0938cc8ef91b605db9e4bf08,0x07557f6138ed55485d82d64eea175043e4f2bbb4,2.5,seaport,17949171,1692452431,0x1d8b4d37c1c480e4e2365a771e535b21b78a886a13518878708580db7161fc39
BoredApeYachtClub,0xBC4CA0EdA7647A8aB7C2061c2E118A18a936f13D,8641,0x244c56b063bc43267a9943898dae94d8be68015e,0x244c56b063bc43267a9943898dae94d8be68015e,23.042544,seaport,17948284,1692441708,0x6d5256b4f03cf09e96f06fbe7483b847932dcb88836fc7610ec5956818a77d80
BoredApeYachtClub,0xBC4CA0EdA7647A8aB7C2061c2E118A18a936f13D,8641,0xce841f783dc6d9df256af36b1cf6b3a52aa57cdc,0x244c56b063bc43267a9943898dae94d8be68015e,24.467856,seaport,17948284,1692441708,0x6d5256b4f03cf09e96f06fbe7483b847932dcb88836fc7610ec5956818a77d80
BoredApeYachtClub,0xBC4CA0EdA7647A8aB7C2061c2E118A18a936f13D,9860,0x688ee8ed427356e4bf4e441ba3a927b487fb4883,0x688ee8ed427356e4bf4e441ba3a927b487fb4883,23.813597,seaport,17947256,1692429281,0xe58c3de4ce5fd89051c8c5af33e41fa3ec6d53bf1ef609910368ba2b44de04ae
BoredApeYachtClub,0xBC4CA0EdA7647A8aB7C2061c2E118A18a936f13D,9860,0xce841f783dc6d9df256af36b1cf6b3a52aa57cdc,0x688ee8ed427356e4bf4e441ba3a927b487fb4883,25.286603,seaport,17947256,1692429281,0xe58c3de4ce5fd89051c8c5af33e41fa3ec6d53bf1ef609910368ba2b44de04ae
BoredApeYachtClub,0xBC4CA0EdA7647A8aB7C2061c2E118A18a936f13D,9466,0xb28fc349b02d30ff42fbdb9a1234c11a7e1bab44,0xdeb7a4a4505e91e810654fc8f0c7f03d3ad26907,25.55,seaport,17946631,1692421726,0xe666cb45f56165c91e05945f50b02e19699b2b0d67ff2d1c417f0f233981d478
BoredApeYachtClub,0xBC4CA0EdA7647A8aB7C2061c2E118A18a936f13D,8078,0x472666679f1261f504a454b49da8afea22d093d8,0x7fb6123f947dff6bd83f2f7a05fa35367abb7ced,25.8,seaport,17945959,1692413603,0x144a746c7c0452890a850f5443557f0bcf44033e381e955e331dcfb8315ec921
BoredApeYachtClub,0xBC4CA0EdA7647A8aB7C2061c2E118A18a936f13D,7924,0xada4b64b0ba741ea6225f173c1e0c08cebd40c9a,0xada4b64b0ba741ea6225f173c1e0c08cebd40c9a,25.35,seaport,17945948,1692413470,0x3e5575c9f3bc4e4cb041692e1284c9a1c98976e48844d6a115141ea9edd05137
BoredApeYachtClub,0xBC4CA0EdA7647A8aB7C2061c2E118A18a936f13D,7924,0xc4d469c1419bd07d7223ab4ecedbfa639bb87233,0xada4b64b0ba741ea6225f173c1e0c08cebd40c9a,26.65,seaport,17945948,1692413470,0x3e5575c9f3bc4e4cb041692e1284c9a1c98976e48844d6a115141ea9edd05137
BoredApeYachtClub,0xBC4CA0EdA7647A8aB7C2061c2E118A18a936f13D,8078,0x7fb6123f947dff6bd83f2f7a05fa35367abb7ced,0x472666679f1261f504a454b49da8afea22d093d8,27.0,seaport,17945897,1692412853,0x0b19b39add9eb3e917df92a8cfc2e88acb43b40fc39db14c567fab46d7d5fc9d
BoredApeYachtClub,0xBC4CA0EdA7647A8aB7C2061c2E118A18a936f13D,7838,0x15001a844836bfccdef9f0fe326481c29052f8ec,0x15001a844836bfccdef9f0fe326481c29052f8ec,23.75019,seaport,17945568,1692408876,0x0837d5a741748d146ec3aae6c63aa2aa540d0622d02f532beca32c6bee19e5ab
BoredApeYachtClub,0xBC4CA0EdA7647A8aB7C2061c2E118A18a936f13D,7838,0xf15c93562bc3944a68e938ef75d2a3360d98ca57,0x15001a844836bfccdef9f0fe326481c29052f8ec,26.25021,seaport,17945568,1692408876,0x0837d5a741748d146ec3aae6c63aa2aa540d0622d02f532beca32c6bee19e5ab
BoredApeYachtClub,0xBC4CA0EdA7647A8aB7C2061c2E118A18a936f13D,4165,0x3bcc926329b9ae4326d2f12adcbe42e3689cfbfa,0xc584bd46352ce4ba448d90df0f68bf5304acb80d,25.0,seaport,17942894,1692376552,0xf6d68bbe12978f34fffe904665ebcc3340a61b4efe7761aa3c00c3560b3c891d
BoredApeYachtClub,0xBC4CA0EdA7647A8aB7C2061c2E118A18a936f13D,6441,0xc584bd46352ce4ba448d90df0f68bf5304acb80d,0xc584bd46352ce4ba448d90df0f68bf5304acb80d,24.81375,seaport,17942705,1692374267,0x97a121691236ab9f304eb4d5893903d984f0a244478908d9606c8fbe6ad3da00
BoredApeYachtClub,0xBC4CA0EdA7647A8aB7C2061c2E118A18a936f13D,6441,0xe7866592a63bd5bb4b4ecfdca2a797e4a8f63ece,0xc584bd46352ce4ba448d90df0f68bf5304acb80d,26.08625,seaport,17942705,1692374267,0x97a121691236ab9f304eb4d5893903d984f0a244478908d9606c8fbe6ad3da00
BoredApeYachtClub,0xBC4CA0EdA7647A8aB7C2061c2E118A18a936f13D,2150,0x0097b9cfe64455eed479292671a1121f502bc954,0x0097b9cfe64455eed479292671a1121f502bc954,26.95875,seaport,17941283,1692357078,0x86166256a5af9a230e3c59339f34731f70b004735eaadf597e0c762667901243
BoredApeYachtClub,0xBC4CA0EdA7647A8aB7C2061c2E118A18a936f13D,2150,0xce841f783dc6d9df256af36b1cf6b3a52aa57cdc,0x0097b9cfe64455eed479292671a1121f502bc954,28.34125,seaport,17941283,1692357078,0x86166256a5af9a230e3c59339f34731f70b004735eaadf597e0c762667901243
BoredApeYachtClub,0xBC4CA0EdA7647A8aB7C2061c2E118A18a936f13D,2118,0x47147c03b34e177020905afe309b77636ecac256,0x127063c94f2d661727c9dcdcdfa983d19650cf57,35.0,x2y2,17938383,1692322021,0xc928a8be9f695be5cffabfb1f4a858192d86f39323f314ec3985957e36fda5ac
BoredApeYachtClub,0xBC4CA0EdA7647A8aB7C2061c2E118A18a936f13D,3162,0x47147c03b34e177020905afe309b77636ecac256,0x47147c03b34e177020905afe309b77636ecac256,0.0,seaport,17937432,1692310525,0x313e9771b7ec6033403a4c05f9cdc5fd5903834f38fcffc481ff40e78d7393cc
BoredApeYachtClub,0xBC4CA0EdA7647A8aB7C2061c2E118A18a936f13D,3162,0x9524b86e777c0c6e1e1afe0bb8bf931a5b81386c,0x47147c03b34e177020905afe309b77636ecac256,0.0,seaport,17937432,1692310525,0x313e9771b7ec6033403a4c05f9cdc5fd5903834f38fcffc481ff40e78d7393cc
BoredApeYachtClub,0xBC4CA0EdA7647A8aB7C2061c2E118A18a936f13D,6971,0xcefb3ff344a0680b59896d8f273c473184c69281,0xcefb3ff344a0680b59896d8f273c473184c69281,27.7875,seaport,17936712,1692301822,0x0d22a52842f8c85cc57b5368e8125cb1663f505e49fd5b1379ed5fa3a3630236
BoredApeYachtClub,0xBC4CA0EdA7647A8aB7C2061c2E118A18a936f13D,6971,0xce841f783dc6d9df256af36b1cf6b3a52aa57cdc,0xcefb3ff344a0680b59896d8f273c473184c69281,29.2125,seaport,17936712,1692301822,0x0d22a52842f8c85cc57b5368e8125cb1663f505e49fd5b1379ed5fa3a3630236
BoredApeYachtClub,0xBC4CA0EdA7647A8aB7C2061c2E118A18a936f13D,2657,0x15c34741cac66667666e0af4f476e72efd8c9434,0x15c34741cac66667666e0af4f476e72efd8c9434,0.0,seaport,17936058,1692293916,0x76a9ca98d13bc3b262ad02889512c7ccc5c5c06ee4fdfdb965fa6b39bc8f5183
BoredApeYachtClub,0xBC4CA0EdA7647A8aB7C2061c2E118A18a936f13D,2657,0x9524b86e777c0c6e1e1afe0bb8bf931a5b81386c,0x15c34741cac66667666e0af4f476e72efd8c9434,0.0,seaport,17936058,1692293916,0x76a9ca98d13bc3b262ad02889512c7ccc5c5c06ee4fdfdb965fa6b39bc8f5183
BoredApeYachtClub,0xBC4CA0EdA7647A8aB7C2061c2E118A18a936f13D,6469,0xa18969fe6af5fd2c1e7e61e21034676ae1203b89,0xa18969fe6af5fd2c1e7e61e21034676ae1203b89,0.0,seaport,17935979,1692292961,0xfb2524f0b88eaa07e9bd7fcca39e501171546ce65a4e805e544d2320e4bd8f8f
BoredApeYachtClub,0xBC4CA0EdA7647A8aB7C2061c2E118A18a936f13D,6469,0x9524b86e777c0c6e1e1afe0bb8bf931a5b81386c,0xa18969fe6af5fd2c1e7e61e21034676ae1203b89,0.0,seaport,17935979,1692292961,0xfb2524f0b88eaa07e9bd7fcca39e501171546ce65a4e805e544d2320e4bd8f8f
BoredApeYachtClub,0xBC4CA0EdA7647A8aB7C2061c2E118A18a936f13D,5385,0x14ba353f1d41fc0315c92f2112869543c43c8bb3,0x14ba353f1d41fc0315c92f2112869543c43c8bb3,0.0,seaport,17935864,1692291571,0x69f80c38284393a499522086f4091d86f661320a8e6a56da636477f6e594305b
BoredApeYachtClub,0xBC4CA0EdA7647A8aB7C2061c2E118A18a936f13D,5385,0x9524b86e777c0c6e1e1afe0bb8bf931a5b81386c,0x14ba353f1d41fc0315c92f2112869543c43c8bb3,0.0,seaport,17935864,1692291571,0x69f80c38284393a499522086f4091d86f661320a8e6a56da636477f6e594305b
BoredApeYachtClub,0xBC4CA0EdA7647A8aB7C2061c2E118A18a936f13D,4619,0xf726a2cf9e12c9b647f5274aeec3ca3c5d1f9027,0xff567d26a66a556afe5b9183db01370aa78d7bda,36.9,seaport,17935837,1692291244,0x1673f6acc1d2197eb96dd6250abb9fd15232c44410b56b4a9dbd41b493e18b30
BoredApeYachtClub,0xBC4CA0EdA7647A8aB7C2061c2E118A18a936f13D,5388,0x1544d2de126e3a4b194cfad2a5c6966b3460ebe3,0x1dadc78fab1b2c8cb294e24306b0adc9a2d88eba,35.0,seaport,17934166,1692271045,0xc7b081876288782c25ccc807511b87b2bbaa6a2469a410f9e8efa935eae6aab0
BoredApeYachtClub,0xBC4CA0EdA7647A8aB7C2061c2E118A18a936f13D,8118,0x2d9c503c98707611a7f94a8ae5127713bd24b790,0x2d9c503c98707611a7f94a8ae5127713bd24b790,27.69,seaport,17934091,1692270138,0x626db73f184ce75f7e7477c6bb27dd9ee6ac6a80322bd9039ffd8a14cfd73cda
BoredApeYachtClub,0xBC4CA0EdA7647A8aB7C2061c2E118A18a936f13D,8118,0xce841f783dc6d9df256af36b1cf6b3a52aa57cdc,0x2d9c503c98707611a7f94a8ae5127713bd24b790,29.11,seaport,17934091,1692270138,0x626db73f184ce75f7e7477c6bb27dd9ee6ac6a80322bd9039ffd8a14cfd73cda
BoredApeYachtClub,0xBC4CA0EdA7647A8aB7C2061c2E118A18a936f13D,8529,0x244c56b063bc43267a9943898dae94d8be68015e,0x244c56b063bc43267a9943898dae94d8be68015e,27.69,seaport,17931601,1692240038,0x8927b26808b5d72928ced85bf3f8b0ca91037a048c6dd2f3d52672b4daf41e19
BoredApeYachtClub,0xBC4CA0EdA7647A8aB7C2061c2E118A18a936f13D,8529,0xce841f783dc6d9df256af36b1cf6b3a52aa57cdc,0x244c56b063bc43267a9943898dae94d8be68015e,29.11,seaport,17931601,1692240038,0x8927b26808b5d72928ced85bf3f8b0ca91037a048c6dd2f3d52672b4daf41e19
BoredApeYachtClub,0xBC4CA0EdA7647A8aB7C2061c2E118A18a936f13D,3700,0x5eca53f6aa3910628d7e8b30c0e35adff6cc0b9c,0x5eca53f6aa3910628d7e8b30c0e35adff6cc0b9c,27.69,seaport,17930467,1692226330,0xdb5aa040f83e44128ac772b100ea33295ec6d856f0f9c1b09e9f6b28baf8a8a3
BoredApeYachtClub,0xBC4CA0EdA7647A8aB7C2061c2E118A18a936f13D,3700,0xce841f783dc6d9df256af36b1cf6b3a52aa57cdc,0x5eca53f6aa3910628d7e8b30c0e35adff6cc0b9c,29.11,seaport,17930467,1692226330,0xdb5aa040f83e44128ac772b100ea33295ec6d856f0f9c1b09e9f6b28baf8a8a3
BoredApeYachtClub,0xBC4CA0EdA7647A8aB7C2061c2E118A18a936f13D,1844,0xc4d469c1419bd07d7223ab4ecedbfa639bb87233,0xc4d469c1419bd07d7223ab4ecedbfa639bb87233,0.0,seaport,17929444,1692213963,0x57e5e367a29389ee12cc3823b60cce7b9749b5b5a6c974510e4e3d5c5f459502
BoredApeYachtClub,0xBC4CA0EdA7647A8aB7C2061c2E118A18a936f13D,1844,0x9524b86e777c0c6e1e1afe0bb8bf931a5b81386c,0xc4d469c1419bd07d7223ab4ecedbfa639bb87233,0.0,seaport,17929444,1692213963,0x57e5e367a29389ee12cc3823b60cce7b9749b5b5a6c974510e4e3d5c5f459502
BoredApeYachtClub,0xBC4CA0EdA7647A8aB7C2061c2E118A18a936f13D,5221,0xb011a3f752e676130f922b22c3327fe22c406af8,0xb011a3f752e676130f922b22c3327fe22c406af8,26.885665,seaport,17927733,1692193280,0x1db76e6ceb711bf3abfec342872f562d6cedf0e60800489d6b4bf3ca1ff7b80a
BoredApeYachtClub,0xBC4CA0EdA7647A8aB7C2061c2E118A18a936f13D,5221,0xf15c93562bc3944a68e938ef75d2a3360d98ca57,0xb011a3f752e676130f922b22c3327fe22c406af8,29.715735,seaport,17927733,1692193280,0x1db76e6ceb711bf3abfec342872f562d6cedf0e60800489d6b4bf3ca1ff7b80a
BoredApeYachtClub,0xBC4CA0EdA7647A8aB7C2061c2E118A18a936f13D,7773,0xc67db0df922238979da0fd00d46016e8ae14cecb,0x8ed9a20098be9e7d637e3a7f6e7cc998049362a4,28.7998,seaport,17923925,1692147248,0xbfa934174d16542885830f5aa53283c653c64de8fe22eb6aa22375877a979a89
BoredApeYachtClub,0xBC4CA0EdA7647A8aB7C2061c2E118A18a936f13D,8506,0x04c919552a7d7078efb8f5ed24b820229a07b7d4,0x04c919552a7d7078efb8f5ed24b820229a07b7d4,28.567598,seaport,17923342,1692140200,0xabab37d8577802f6f185c767bf71bb781a397599b65e97e4ed92095f4bc4b844
BoredApeYachtClub,0xBC4CA0EdA7647A8aB7C2061c2E118A18a936f13D,8506,0xf15c93562bc3944a68e938ef75d2a3360d98ca57,0x04c919552a7d7078efb8f5ed24b820229a07b7d4,30.032602,seaport,17923342,1692140200,0xabab37d8577802f6f185c767bf71bb781a397599b65e97e4ed92095f4bc4b844
BoredApeYachtClub,0xBC4CA0EdA7647A8aB7C2061c2E118A18a936f13D,2846,0xeede9fdfc671487d0654aadd3745cf30a7f6f2b2,0x04b98dc3b9fe0c5bb6c47df76a73f7558933e0d8,29.65,x2y2,17920935,1692111103,0xf3a378ec9294554d027e42de81b1c6da31f40c337f6857236e5dc492f9ee91f1
BoredApeYachtClub,0xBC4CA0EdA7647A8aB7C2061c2E118A18a936f13D,490,0xa7631836db2e3ec13cb2e7cfbc687c168dbed336,0xcafba4ca4a4886ae0938cc8ef91b605db9e4bf08,38.5,x2y2,17920021,1692100055,0x767d4b07f12fe8ea08c509ff9ce0f6c0a413b5968c6024d90a9b33ce90949055
BoredApeYachtClub,0xBC4CA0EdA7647A8aB7C2061c2E118A18a936f13D,8343,0x6d0267156f1c6ce44caa4bf129b76009d3d41830,0x65249532663d15a76007688a8bfa1b109973ad41,34.27,x2y2,17918729,1692084437,0xb1561c922087e0b1b5ce43b0a3bdfb349a643c3e929fa2d9b54680355cfcc884
BoredApeYachtClub,0xBC4CA0EdA7647A8aB7C2061c2E118A18a936f13D,8491,0x5513beed7a5b6888969a5b2e6d8c9ae023c3a89f,0xce841f783dc6d9df256af36b1cf6b3a52aa57cdc,33.99,seaport,17917057,1692064225,0x7b554486d989b7d3fff5da20b605154ec269a33eaeaaafe6b303c19c810083f5
BoredApeYachtClub,0xBC4CA0EdA7647A8aB7C2061c2E118A18a936f13D,5912,0xf47df1833ceb43dab013109fbc6ec1e816e2c1fc,0xce841f783dc6d9df256af36b1cf6b3a52aa57cdc,31.0,seaport,17915121,1692040822,0xef1c7304894d1a5982bab031d381e38e012df7cfaddefc719f83005f58b5d7f9
BoredApeYachtClub,0xBC4CA0EdA7647A8aB7C2061c2E118A18a936f13D,9305,0xaec6c012f838a567389555ef5e45ef7f28357ceb,0xaec6c012f838a567389555ef5e45ef7f28357ceb,28.1775,seaport,17913939,1692026533,0xc57b43867153086c8b175fcdbb36e4caea61aa45523d866ff0c585ec9349ff41
BoredApeYachtClub,0xBC4CA0EdA7647A8aB7C2061c2E118A18a936f13D,9305,0xce841f783dc6d9df256af36b1cf6b3a52aa57cdc,0xaec6c012f838a567389555ef5e45ef7f28357ceb,29.6225,seaport,17913939,1692026533,0xc57b43867153086c8b175fcdbb36e4caea61aa45523d866ff0c585ec9349ff41
BoredApeYachtClub,0xBC4CA0EdA7647A8aB7C2061c2E118A18a936f13D,2395,0xd8b9c8951dd24019ee4e0d5902ac18530f3f7b21,0x69986d5af481c14ca1351c8f330a34a0afcd90bd,3.5,seaport,17908323,1691958645,0x3734c5da41fa567763012843214608a3889bcb510ae76f84d34c58f235c18c27
BoredApeYachtClub,0xBC4CA0EdA7647A8aB7C2061c2E118A18a936f13D,5912,0x191581c1866e89a2638d6526276aed9cbead9db8,0x191581c1866e89a2638d6526276aed9cbead9db8,28.08,seaport,17907435,1691947911,0xa57a10d03140df4a2230324e2f28f8dc41041741aff56b5444db5daa176460fe
BoredApeYachtClub,0xBC4CA0EdA7647A8aB7C2061c2E118A18a936f13D,5912,0xce841f783dc6d9df256af36b1cf6b3a52aa57cdc,0x191581c1866e89a2638d6526276aed9cbead9db8,29.52,seaport,17907435,1691947911,0xa57a10d03140df4a2230324e2f28f8dc41041741aff56b5444db5daa176460fe
BoredApeYachtClub,0xBC4CA0EdA7647A8aB7C2061c2E118A18a936f13D,7809,0xc166b70407f03422bdd700da9380c11ff22a7e38,0xc166b70407f03422bdd700da9380c11ff22a7e38,32.175,seaport,17906201,1691932993,0x3b887b502c32322dd8ebed013ef0f287e25b0ef38c39968c816b6dc33d8ded85
BoredApeYachtClub,0xBC4CA0EdA7647A8aB7C2061c2E118A18a936f13D,7809,0xe25e6d365ae3a86ef0b28cc8c943b1b518780d7b,0xc166b70407f03422bdd700da9380c11ff22a7e38,33.825,seaport,17906201,1691932993,0x3b887b502c32322dd8ebed013ef0f287e25b0ef38c39968c816b6dc33d8ded85
BoredApeYachtClub,0xBC4CA0EdA7647A8aB7C2061c2E118A18a936f13D,78,0x6d5596d228c44453b0e16d1e4abd3f14724773fb,0x6d5596d228c44453b0e16d1e4abd3f14724773fb,28.031738,seaport,17904423,1691911500,0x7981d866150db58c3f440276f934e4eb1781c9d2de6cfc7cfd3ab36aae74b9f5
BoredApeYachtClub,0xBC4CA0EdA7647A8aB7C2061c2E118A18a936f13D,78,0x0097b9cfe64455eed479292671a1121f502bc954,0x6d5596d228c44453b0e16d1e4abd3f14724773fb,29.469262,seaport,17904423,1691911500,0x7981d866150db58c3f440276f934e4eb1781c9d2de6cfc7cfd3ab36aae74b9f5
BoredApeYachtClub,0xBC4CA0EdA7647A8aB7C2061c2E118A18a936f13D,7936,0x2f9ecaa66e12b6168996a6b80cda9bb142f80dd0,0x6d5596d228c44453b0e16d1e4abd3f14724773fb,33.99,seaport,17904410,1691911343,0xfc0ee4f474e04c6d117fd661e58979d4af90075375ec45d9dbb8305f08042884
BoredApeYachtClub,0xBC4CA0EdA7647A8aB7C2061c2E118A18a936f13D,7303,0x8e043b4cb048e3d4183864e9c1478488fc2963dd,0x81007bec2b2c6b211372aa4f2cd340b7713c528b,30.3,seaport,17902519,1691888484,0xcdec763760d6aaf0403574e148858f6d6c3cf197f0203597f1edf8ac6be10960
BoredApeYachtClub,0xBC4CA0EdA7647A8aB7C2061c2E118A18a936f13D,2622,0x8471a680d80c6edd1c6e8d879487510f000ee466,0x5ef0f3c15b2371e7355f5b6594f706ab7417655e,33.0,seaport,17899766,1691855205,0x9e16a76c3d7ddac26a3c27cae465d10e1ad2903bb970f118788eada5f9da9375
BoredApeYachtClub,0xBC4CA0EdA7647A8aB7C2061c2E118A18a936f13D,177,0xc584bd46352ce4ba448d90df0f68bf5304acb80d,0xc584bd46352ce4ba448d90df0f68bf5304acb80d,29.14275,seaport,17898615,1691841291,0xe9bd5f601157e9090894a5a43246f3c0b2443421718a814e5869303338725299
BoredApeYachtClub,0xBC4CA0EdA7647A8aB7C2061c2E118A18a936f13D,177,0xd24d37dff53cf50faa81a832fe39b5ebca24506d,0xc584bd46352ce4ba448d90df0f68bf5304acb80d,30.63725,seaport,17898615,1691841291,0xe9bd5f601157e9090894a5a43246f3c0b2443421718a814e5869303338725299
BoredApeYachtClub,0xBC4CA0EdA7647A8aB7C2061c2E118A18a936f13D,9355,0xc584bd46352ce4ba448d90df0f68bf5304acb80d,0xc584bd46352ce4ba448d90df0f68bf5304acb80d,28.38334,seaport,17897396,1691826555,0x882f9ee5bf79a71668c37f855fd93c6bc953380d5afccc537aeafffd545663f1
BoredApeYachtClub,0xBC4CA0EdA7647A8aB7C2061c2E118A18a936f13D,9355,0xf15c93562bc3944a68e938ef75d2a3360d98ca57,0xc584bd46352ce4ba448d90df0f68bf5304acb80d,31.37106,seaport,17897396,1691826555,0x882f9ee5bf79a71668c37f855fd93c6bc953380d5afccc537aeafffd545663f1
BoredApeYachtClub,0xBC4CA0EdA7647A8aB7C2061c2E118A18a936f13D,6813,0xc584bd46352ce4ba448d90df0f68bf5304acb80d,0xc584bd46352ce4ba448d90df0f68bf5304acb80d,29.16225,seaport,17895830,1691807626,0x3483d9536b79fc04b8d0f4b3fe48d7fa382669f5eb94f6a2d4e71273997cac39
BoredApeYachtClub,0xBC4CA0EdA7647A8aB7C2061c2E118A18a936f13D,6813,0x0097b9cfe64455eed479292671a1121f502bc954,0xc584bd46352ce4ba448d90df0f68bf5304acb80d,30.65775,seaport,17895830,1691807626,0x3483d9536b79fc04b8d0f4b3fe48d7fa382669f5eb94f6a2d4e71273997cac39
BoredApeYachtClub,0xBC4CA0EdA7647A8aB7C2061c2E118A18a936f13D,2969,0x1b523dc90a79cf5ee5d095825e586e33780f7188,0xeab974fae1582aa8707586b836c7b6313c47992f,46.0,x2y2,17895592,1691804750,0x72e01cc250d81ad79da14619bc8842835ceb9dd3b9f1f654ba32678ce0c57dd7
BoredApeYachtClub,0xBC4CA0EdA7647A8aB7C2061c2E118A18a936f13D,6370,0xce841f783dc6d9df256af36b1cf6b3a52aa57cdc,0xce841f783dc6d9df256af36b1cf6b3a52aa57cdc,30.303,seaport,17893550,1691780069,0xe3b5c607b1d077a96d1470e46ade490f27ef209902d7d8651377bf6a40b24b13
BoredApeYachtClub,0xBC4CA0EdA7647A8aB7C2061c2E118A18a936f13D,6370,0x002b05d19cb34a3336e9095c1de60248a12970dd,0xce841f783dc6d9df256af36b1cf6b3a52aa57cdc,31.857,seaport,17893550,1691780069,0xe3b5c607b1d077a96d1470e46ade490f27ef209902d7d8651377bf6a40b24b13
BoredApeYachtClub,0xBC4CA0EdA7647A8aB7C2061c2E118A18a936f13D,6370,0xce841f783dc6d9df256af36b1cf6b3a52aa57cdc,0x7e9100dcf998f94f434a87b29b64a9f0aa57ee35,35.0,seaport,17893546,1691780021,0x0b60b19851d59cd9ac2e0df05f3af86f02088ffac192dc9e4579623b32266c94
BoredApeYachtClub,0xBC4CA0EdA7647A8aB7C2061c2E118A18a936f13D,2936,0xcb415344cd0fc552ce7b48ee9375991ff5865895,0x9ad85d7c0f7eff3d0718c3a3a032557558f7048b,31.0,x2y2,17893290,1691776927,0xc1b56680d18eba28551d32d20f60e0827fdc084e5851cdc995b3ba7a1c15de92
BoredApeYachtClub,0xBC4CA0EdA7647A8aB7C2061c2E118A18a936f13D,2302,0x020ca66c30bec2c4fe3861a94e4db4a498a35872,0x92ac90eed6f16ba1a14c548878540ebb1831e3db,33.49,seaport,17891058,1691749950,0x2dcd08c44942ed601058c699a69b4470bd951a81a8dfa9068dc98cc8e5a5569d
BoredApeYachtClub,0xBC4CA0EdA7647A8aB7C2061c2E118A18a936f13D,1310,0x95921da9f69d177c1c4421ff3b70446883c538b8,0x95921da9f69d177c1c4421ff3b70446883c538b8,38.025,seaport,17889171,1691727142,0x40d5e4db85bdb04c70732e0d6abf64ed6d7d162a004026915b17ce3f0a9c8c7f
BoredApeYachtClub,0xBC4CA0EdA7647A8aB7C2061c2E118A18a936f13D,1310,0x09f49282c5bbe3b5a58aadecbbe3c609c615c561,0x95921da9f69d177c1c4421ff3b70446883c538b8,39.975,seaport,17889171,1691727142,0x40d5e4db85bdb04c70732e0d6abf64ed6d7d162a004026915b17ce3f0a9c8c7f
BoredApeYachtClub,0xBC4CA0EdA7647A8aB7C2061c2E118A18a936f13D,1892,0xadba985ef8f265bbe8a969888e36801558aebc82,0xadba985ef8f265bbe8a969888e36801558aebc82,30.7125,seaport,17886795,1691698425,0x64af744cb19082c3ccdd54a362daa7c8209c9ede44874048f3b2c468b6d344c0
BoredApeYachtClub,0xBC4CA0EdA7647A8aB7C2061c2E118A18a936f13D,1892,0xcb415344cd0fc552ce7b48ee9375991ff5865895,0xadba985ef8f265bbe8a969888e36801558aebc82,32.2875,seaport,17886795,1691698425,0x64af744cb19082c3ccdd54a362daa7c8209c9ede44874048f3b2c468b6d344c0
BoredApeYachtClub,0xBC4CA0EdA7647A8aB7C2061c2E118A18a936f13D,2395,0x69986d5af481c14ca1351c8f330a34a0afcd90bd,0xcb415344cd0fc552ce7b48ee9375991ff5865895,31.7,x2y2,17886051,1691689433,0xc445a77a14a1809e23e5e06d70d348b85509ab1ccf69b6bafb6bbe0477f29cd3
BoredApeYachtClub,0xBC4CA0EdA7647A8aB7C2061c2E118A18a936f13D,1310,0x95921da9f69d177c1c4421ff3b70446883c538b8,0x126c2d3225191bb459870d1aa353c789ec5348c7,35.0,seaport,17885319,1691680585,0xb1f52407c9110a9057cda75c69223f71ff819c62825d9cfdfa35b9b07b11c079
BoredApeYachtClub,0xBC4CA0EdA7647A8aB7C2061c2E118A18a936f13D,6648,0x1b523dc90a79cf5ee5d095825e586e33780f7188,0x0bfff40545a2250c3f11993e7b75dbbcb11e36ac,44.0,x2y2,17882194,1691642815,0x625e5cafe9443f17b7e345908d14016d8979afffcb56a096b250105762483a89
BoredApeYachtClub,0xBC4CA0EdA7647A8aB7C2061c2E118A18a936f13D,4383,0x69986d5af481c14ca1351c8f330a34a0afcd90bd,0x3989549d3d35f78b043ebcce4bb253adc0f1c35d,0.0,seaport,17880463,1691621893,0x3ed81bfe657e6bace153e077771e3a30031660f7e43b1eb859198d501c2430cc
BoredApeYachtClub,0xBC4CA0EdA7647A8aB7C2061c2E118A18a936f13D,9656,0x492441c6a0afed286716fd03be17a4cf5567f066,0xdf969692c4121f317499f714c2dbd5e964301688,29.5,seaport,17880396,1691621084,0x302215fac5b23b4592613442e0192878417c8aa562c2ad325cee6a540059b98f
BoredApeYachtClub,0xBC4CA0EdA7647A8aB7C2061c2E118A18a936f13D,6068,0x63a8c07b9a858a6cfb0b0ba3c46dbd480df88ef0,0xb385a44f5447691adf74dd16dd2490d93f564842,32.0,seaport,17878978,1691603945,0xa4d2ec54304d86713b24be17d6b2939fe427027ad7db7c123ada81e833d2969a
BoredApeYachtClub,0xBC4CA0EdA7647A8aB7C2061c2E118A18a936f13D,2395,0x7ad4146a21e2a1f409b77d59f8b70c4cdd9bf32c,0x7ad4146a21e2a1f409b77d59f8b70c4cdd9bf32c,28.7625,seaport,17878504,1691598216,0x34fa19949b8b12c65d28f67d5c23e059d60a0c6d48e194580b1b518705f6eabc
BoredApeYachtClub,0xBC4CA0EdA7647A8aB7C2061c2E118A18a936f13D,2395,0xcb415344cd0fc552ce7b48ee9375991ff5865895,0x7ad4146a21e2a1f409b77d59f8b70c4cdd9bf32c,30.2375,seaport,17878504,1691598216,0x34fa19949b8b12c65d28f67d5c23e059d60a0c6d48e194580b1b518705f6eabc
BoredApeYachtClub,0xBC4CA0EdA7647A8aB7C2061c2E118A18a936f13D,5898,0x30f588686dd8f22c063bc7474af2afaa647a51a5,0x2c2ed4b3876c442fee80bee76ce0ee2ca2a512af,39.99,x2y2,17874082,1691544769,0xfcd0767a5c91b0d33089e1016c6b6359444717828013f0f4a981e4493ef57691
BoredApeYachtClub,0xBC4CA0EdA7647A8aB7C2061c2E118A18a936f13D,2002,0xcb415344cd0fc552ce7b48ee9375991ff5865895,0x14ae8100ea85a11bbb36578f83ab1b5c1cfdd61c,41.1,x2y2,17871465,1691513139,0x2e852bff8dd6ed8e8f19ab3a47ee43cfb774248ad497d47190788e38920e33e4
BoredApeYachtClub,0xBC4CA0EdA7647A8aB7C2061c2E118A18a936f13D,9203,0x2a138e24cf857f189826600463c05d0cac5aeede,0x38567482053831601c81e0f710cfbd75ca89a1d6,31.5,seaport,17860911,1691385578,0x36e4135dabf496c0889ee7615fb9cab69a49fb9d6b73ad8910aebc53182005ba
BoredApeYachtClub,0xBC4CA0EdA7647A8aB7C2061c2E118A18a936f13D,7824,0x69986d5af481c14ca1351c8f330a34a0afcd90bd,0x820c38acb5cd0e19601632efbc6b54a48bfa2d35,30.69,x2y2,17856534,1691332676,0x9b93185e11faf5501d8dd59d6fb0f8ceea708a22a0e334dab3b109cd3b6881f2
BoredApeYachtClub,0xBC4CA0EdA7647A8aB7C2061c2E118A18a936f13D,7219,0x4907911cf8911510b89bc7147a25700b2d260f36,0x4907911cf8911510b89bc7147a25700b2d260f36,27.9825,seaport,17856064,1691326995,0x196d7d08715784e871ca0c1c4ddb52c14e100b7305fa5faf9d7274aeb10cefd1
BoredApeYachtClub,0xBC4CA0EdA7647A8aB7C2061c2E118A18a936f13D,7219,0xce841f783dc6d9df256af36b1cf6b3a52aa57cdc,0x4907911cf8911510b89bc7147a25700b2d260f36,29.4175,seaport,17856064,1691326995,0x196d7d08715784e871ca0c1c4ddb52c14e100b7305fa5faf9d7274aeb10cefd1
BoredApeYachtClub,0xBC4CA0EdA7647A8aB7C2061c2E118A18a936f13D,343,0x4a9f2e8f692d2f7b3f45f04bcd5bc136e492f921,0x8ed9a20098be9e7d637e3a7f6e7cc998049362a4,31.98,seaport,17853636,1691297649,0x520648f0bfa28ce1045496d7481f046d4d06f40f68354d0eea987d682764ff1d
BoredApeYachtClub,0xBC4CA0EdA7647A8aB7C2061c2E118A18a936f13D,2226,0xcb415344cd0fc552ce7b48ee9375991ff5865895,0x69986d5af481c14ca1351c8f330a34a0afcd90bd,31.0,x2y2,17850084,1691254718,0x735470979d6fe9a139ed19a4383773f8d300f7eeb6c608b9c4c24beb921f53d4
BoredApeYachtClub,0xBC4CA0EdA7647A8aB7C2061c2E118A18a936f13D,3603,0xf13c89b0fbe2e8bfcd54f068568daf6518d0bb7e,0xc361af36b90b9cca650547bd7f3357bd59f06e7e,40.0,x2y2,17847182,1691219643,0xce05c0ad89a066cffb4b53ce787630a79487cb4fa04507194ff828c9948599c1
BoredApeYachtClub,0xBC4CA0EdA7647A8aB7C2061c2E118A18a936f13D,5777,0xece60339ed26e59d0f61e9b91217229f5a2eca61,0xba2c9d4478747dbede87da1acde58be28edfb8b4,35.0,seaport,17845856,1691203616,0x70526d99c2f0be8325b47e656fbda845cadae87ddb8077048357aff9c9e5029e
BoredApeYachtClub,0xBC4CA0EdA7647A8aB7C2061c2E118A18a936f13D,6672,0xdf969692c4121f317499f714c2dbd5e964301688,0xc02a7141ede836cc24195a56e9a427ed8e9d5992,33.5,x2y2,17845321,1691197150,0x58a4e6e84337eac6aafa6a2977492e0b02ce2d727451a6c09459cf532944c1a2
BoredApeYachtClub,0xBC4CA0EdA7647A8aB7C2061c2E118A18a936f13D,7889,0xcb415344cd0fc552ce7b48ee9375991ff5865895,0x27ace2849d6e1be10a3f0274d279c7788646b55e,28.9999,seaport,17844830,1691191216,0xa22d9570e8cce3795dba83697bdfd452ea8c2c38efe7f6f8361a9fd60d6430f7
BoredApeYachtClub,0xBC4CA0EdA7647A8aB7C2061c2E118A18a936f13D,4592,0x0e5e2d23a9a3570923f2f02992fb44230fedcf9a,0xce841f783dc6d9df256af36b1cf6b3a52aa57cdc,35.0,seaport,17844538,1691187686,0x2f2e214e63dc641f13f1aa72b5273f1d8fdf86e6d84941c007e26b25d5ec1e24
BoredApeYachtClub,0xBC4CA0EdA7647A8aB7C2061c2E118A18a936f13D,4789,0x020ca66c30bec2c4fe3861a94e4db4a498a35872,0xfbff1ebff67093a239bc1343ae6a5e3372a14ac0,34.2,seaport,17844462,1691186768,0x289a7e7c551f1603596261be88aedaf3ba6a585823d4f9fcdd8e7d138ff010f8
BoredApeYachtClub,0xBC4CA0EdA7647A8aB7C2061c2E118A18a936f13D,1571,0xd099b763fa289f3eb695cf69fd4102c6bf266e0d,0xd099b763fa289f3eb695cf69fd4102c6bf266e0d,27.885,seaport,17844031,1691181559,0x0612e973009a2321b37ef387b471f588a37d61e447f34940fc92149175401f7a
BoredApeYachtClub,0xBC4CA0EdA7647A8aB7C2061c2E118A18a936f13D,1571,0xce841f783dc6d9df256af36b1cf6b3a52aa57cdc,0xd099b763fa289f3eb695cf69fd4102c6bf266e0d,29.315,seaport,17844031,1691181559,0x0612e973009a2321b37ef387b471f588a37d61e447f34940fc92149175401f7a
BoredApeYachtClub,0xBC4CA0EdA7647A8aB7C2061c2E118A18a936f13D,4592,0x285d5629bf07479a08db16bcb3891a411f146752,0x285d5629bf07479a08db16bcb3891a411f146752,27.885,seaport,17843547,1691175709,0x72c67a83945c1f060daa08125f75b8a94567b276a1d3e936392dfcfb79577c4b
BoredApeYachtClub,0xBC4CA0EdA7647A8aB7C2061c2E118A18a936f13D,4592,0xce841f783dc6d9df256af36b1cf6b3a52aa57cdc,0x285d5629bf07479a08db16bcb3891a411f146752,29.315,seaport,17843547,1691175709,0x72c67a83945c1f060daa08125f75b8a94567b276a1d3e936392dfcfb79577c4b
Azuki,0xED5AF388653567Af2F388E6224dC7C4b3241C544,308,0xbc1934f548417f79ab10138b57716fbc7c25c177,0x2efb798f5f77b6aa5d9bdf620228817c842cf36d,70.0,x2y2,19767095,1714467635,0xb160a358c7e349609ba0511996513919cd3f4d54dac0d40307c96ce5df7979c8
Azuki,0xED5AF388653567Af2F388E6224dC7C4b3241C544,9050,0xe80fd7a82d4191717b43e7316359a06ec9a6a7a0,0x6bbc768ecb1c39cd34b96e996442901b3beee8d4,4.9,x2y2,19747840,1714234207,0xacfe290c96621c2c1b49e54bc5968457bdfe97ccce8b58b15c4e52fb177a8937
Azuki,0xED5AF388653567Af2F388E6224dC7C4b3241C544,5869,0xeae48336d3ff45cf4832f016bd396a7a0e27e090,0xa1313a9d6ab08d24e03c2251817b72676df4c3bb,67.0,x2y2,19730622,1714025473,0xf80358e603d0eca73816ae875ca57c859a2bc79959ae956f4bfc58fe5ebaa4f3
Azuki,0xED5AF388653567Af2F388E6224dC7C4b3241C544,7200,0xbc1934f548417f79ab10138b57716fbc7c25c177,0xe80fd7a82d4191717b43e7316359a06ec9a6a7a0,7.2,x2y2,19683697,1713456603,0xc62a6439b124d8a944343852fdb9baf61d5378afc47d2eef4bac0fa400834131
Azuki,0xED5AF388653567Af2F388E6224dC7C4b3241C544,7486,0xcd126ddb47efd449c9b76886b250be341b1049c0,0xbc1934f548417f79ab10138b57716fbc7c25c177,9.0,x2y2,19683478,1713453948,0x48ff3d5129adfc4b07c18cfe721818b3dffc59b8f325ae95cfd2c8bd50fc8695
Azuki,0xED5AF388653567Af2F388E6224dC7C4b3241C544,875,0xcd126ddb47efd449c9b76886b250be341b1049c0,0x9de416ab881b322ee0b4c189c2de624090280cf2,4.35,x2y2,19683053,1713448796,0x2ae89c877013eb3a431fa2610549601e01d6a65726926b0a54e7195ddb9b0a6a
Azuki,0xED5AF388653567Af2F388E6224dC7C4b3241C544,1983,0xcd126ddb47efd449c9b76886b250be341b1049c0,0x9de416ab881b322ee0b4c189c2de624090280cf2,4.5,x2y2,19683051,1713448772,0x54f9092e97c1ded954c247289c650bb894d341952cd63e8da02bf3a85e4789c8
Azuki,0xED5AF388653567Af2F388E6224dC7C4b3241C544,508,0xcd126ddb47efd449c9b76886b250be341b1049c0,0x0097b9cfe64455eed479292671a1121f502bc954,7.2,x2y2,19676019,1713363523,0xf5e0523cab916ec00b6f71e962ffab5f58a1a5d1b8fc002c66146dccb64a2f5b
Azuki,0xED5AF388653567Af2F388E6224dC7C4b3241C544,9636,0x6b7a91c6a6832bc3498883ff65268612f67c8119,0x94e9d73a2aeec807d85756b84759965b41866450,4.75,x2y2,19582241,1712226655,0xb7deb5e9b03a958d876cb8c292ca3c32cd7d372396bf2baa272e83372953ca09
Azuki,0xED5AF388653567Af2F388E6224dC7C4b3241C544,2457,0xc1cfa03bbd30d3048e580edee774b514d82b0750,0x0097b9cfe64455eed479292671a1121f502bc954,4.5,x2y2,19580709,1712208083,0x2b61bf4bd8c2beb95100b906865fcd2db0742ae35d2fd22d6028a26548a90783
Azuki,0xED5AF388653567Af2F388E6224dC7C4b3241C544,277,0x2bdcec3bef517f35064c7cdb7f04803f4fb9824d,0x2bdcec3bef517f35064c7cdb7f04803f4fb9824d,3.986092,seaport,19569140,1712067832,0xd11020f5f8b34c40edf07d3a793782152d1e68380274c5c07c14d2ae62fe4a4e
Azuki,0xED5AF388653567Af2F388E6224dC7C4b3241C544,277,0x0097b9cfe64455eed479292671a1121f502bc954,0x2bdcec3bef517f35064c7cdb7f04803f4fb9824d,4.190508,seaport,19569140,1712067832,0xd11020f5f8b34c40edf07d3a793782152d1e68380274c5c07c14d2ae62fe4a4e
Azuki,0xED5AF388653567Af2F388E6224dC7C4b3241C544,2267,0xfa9a55607bf094f991884f722b7fba3a76687e40,0xfdbece068035337f0db9674aec46b37f2c6ada2c,8.5,x2y2,19565753,1712026772,0xd7a041e6b0109aec79bd4a79ba35d8956907f72e3ed5af37feabd702d4843270
Azuki,0xED5AF388653567Af2F388E6224dC7C4b3241C544,1836,0xdf961e2c3114506e2f5d5bc0ca334f740f7fc4dd,0x1b68a276c33e93ea69afeb39aa8958fb9b96e15b,70.0,x2y2,19562582,1711988330,0xd89bb863fc6dcba2fa690b3e9ac21a67fc2dc00686ced2ee5e2c611054d9a4c9
Azuki,0xED5AF388653567Af2F388E6224dC7C4b3241C544,6525,0xcd126ddb47efd449c9b76886b250be341b1049c0,0x59dbce846aa40f138d805a7cebe2afb0c33066a3,72.0,x2y2,19562188,1711983554,0xe554b2d69e24a09fda26ac9471e54bf2485d7656a91f3366d4a40b8177ada9af
Azuki,0xED5AF388653567Af2F388E6224dC7C4b3241C544,9078,0x9194d724a29aa1bc40f8628d074ce212fd64cb14,0xf40e567bbd7b7a243b03972e5bb33df8e848d066,4.9,x2y2,19554349,1711888522,0x08826b1fff6b8b0561fc351ae4d3cc031b3b17c8958b36a618f179fc4ae0dfe3
Azuki,0xED5AF388653567Af2F388E6224dC7C4b3241C544,4403,0x8c0a7439d6776262ce06b44a1ecb9a0aee641aac,0x8c0a7439d6776262ce06b44a1ecb9a0aee641aac,4.684387,seaport,19532846,1711627841,0x84e7842e883cb20ace0f2e49095fe37a208ce38e8ab7ffc4d4bbe460090983db
Azuki,0xED5AF388653567Af2F388E6224dC7C4b3241C544,4403,0x0097b9cfe64455eed479292671a1121f502bc954,0x8c0a7439d6776262ce06b44a1ecb9a0aee641aac,4.924613,seaport,19532846,1711627841,0x84e7842e883cb20ace0f2e49095fe37a208ce38e8ab7ffc4d4bbe460090983db
Azuki,0xED5AF388653567Af2F388E6224dC7C4b3241C544,7934,0xfa122d3cbc13e706710c1832f2aa6fe39476f623,0x885b8da26103188186a1f42b4ead654dafdb1b6b,5.25,seaport,19532805,1711627344,0x3d2488ba418d187b575a3ecfb424b44a2df5894175c43ec88a702da46dec085e
Azuki,0xED5AF388653567Af2F388E6224dC7C4b3241C544,731,0x9fb23a9d484ee7ab3e5ec864da290e72b79716fe,0x9b669cb81b3988fc9da4c42a84fb0403b4b91ad0,9.9,x2y2,19529272,1711584514,0xd43418fec68f831ab6f87f78398a410ca9b23f02c0761685e48813cf5d477d4b
Azuki,0xED5AF388653567Af2F388E6224dC7C4b3241C544,4565,0xbeaf1ef88d29e4004802ddaf391c1c8188ed7432,0x6ba40551f7a18e1439ffc1397a22f95b25dbdb4b,6.0,seaport,19525857,1711543114,0xadeb125dd578a9ce0571c358200d417fbbd38f1a301f1ef39a7dc01985c08e12
Azuki,0xED5AF388653567Af2F388E6224dC7C4b3241C544,8755,0x45083059173afa275730617fcd446c1c5d19508e,0x3e6527de2cfec82ce5240d5559a8b09d256d5d6d,5.6,seaport,19525810,1711542544,0x6f8cbfa6e799b0ea6d8c7306acedab0b5ed81dc54d37b5253710d8463fb3e0e0
Azuki,0xED5AF388653567Af2F388E6224dC7C4b3241C544,5758,0x45083059173afa275730617fcd446c1c5d19508e,0x3e6527de2cfec82ce5240d5559a8b09d256d5d6d,5.6,seaport,19525810,1711542544,0x6f8cbfa6e799b0ea6d8c7306acedab0b5ed81dc54d37b5253710d8463fb3e0e0
Azuki,0xED5AF388653567Af2F388E6224dC7C4b3241C544,6150,0x0fcbfc0a67985ee0803def22343ec4aeed02760e,0x94f055731e8588cf434de1591dc922490a86cd4e,5.55,x2y2,19524609,1711527985,0xb9974e831c4b0ea2318d3cda4079c7a046d587f80f717ff716303c068a5408c1
Azuki,0xED5AF388653567Af2F388E6224dC7C4b3241C544,1497,0xc71f4f16aee77b163429da7602e08889cc864bef,0xc71f4f16aee77b163429da7602e08889cc864bef,4.914878,seaport,19520468,1711477783,0xbb2fc8ac55983dab299a6a776f3a909f37c9408d3fa1c5d0388d08722f4232c1
Azuki,0xED5AF388653567Af2F388E6224dC7C4b3241C544,1497,0x4f59ce7bb4777b536f09116b66c95a5d1ea8a8e6,0xc71f4f16aee77b163429da7602e08889cc864bef,5.166923,seaport,19520468,1711477783,0xbb2fc8ac55983dab299a6a776f3a909f37c9408d3fa1c5d0388d08722f4232c1
Azuki,0xED5AF388653567Af2F388E6224dC7C4b3241C544,2019,0x03e37e1c61253b9fa4fcd2627784b0f3fd6cea5c,0x9451f0ef7a6bbbb6466b69ca19b7944d7bb836fd,5.25,seaport,19517572,1711442675,0x4ad83858ac95854ed1ab3ec00180acd8c3caf605be51e597601b5d18d24a8ad0
Azuki,0xED5AF388653567Af2F388E6224dC7C4b3241C544,7599,0x97bfcf95b940e46990a42fdc21812be84442ef74,0xa98caf8b47eeef8d62402fb49b9afec75a7f4afc,5.2,seaport,19517440,1711441075,0xcab03a1b46fe0f9ba809a62603f863a0031ebe5d0c06645a8ab826b47c8e0ae6
Azuki,0xED5AF388653567Af2F388E6224dC7C4b3241C544,8041,0x4f6f6b4eacff3e96c19d8773ac5ac05f5a650207,0x6a8bc66bb56bdddcc43b5e976a728d864c2aa4a4,5.2,seaport,19517433,1711440990,0x15a9f50e78956d5bf210b048f788dc48a0d878de973ac056522cc07d6e462826
Azuki,0xED5AF388653567Af2F388E6224dC7C4b3241C544,5108,0xa7b5ca022774bd02842932e4358ddcbea0ccaade,0xc2144a4e236ddd95224acd16f7d73128c9d3f8b8,5.1,seaport,19517346,1711439935,0x24dc2a7ec2f418731012683c301d3a740a7ca873f6638bb7e4830ce90cd33064
Azuki,0xED5AF388653567Af2F388E6224dC7C4b3241C544,4270,0xc821d3d24c27c713a9e2758086bd29b23f7381e2,0x62b7d292cb214bb83921438f9f1edc55cd318836,5.0,seaport,19517342,1711439887,0x5b794c7671d62f5bde8bfdd1b4f1219ec6606cb4b9a8b6d5e6be4026696a3df6
Azuki,0xED5AF388653567Af2F388E6224dC7C4b3241C544,6467,0xc821d3d24c27c713a9e2758086bd29b23f7381e2,0x8bb1ac0a962492b8de72d14c011425ae7b212c97,4.999,seaport,19516702,1711432128,0xff547235a83e09ba6e2132511db8efd2332a43a3749b0dfa32d68881e531086a
Azuki,0xED5AF388653567Af2F388E6224dC7C4b3241C544,8705,0x88e19ddfb33dd7e4daefa4ed965e06153204cd92,0x5d9f578f4626e132248abc3ccd88c7e59fb644d9,4.99,seaport,19516673,1711431777,0x39a5258a0c436f13505ec55c8fbbb348991bc29d27ca929ee5451b109a43a2f3
Azuki,0xED5AF388653567Af2F388E6224dC7C4b3241C544,6635,0xac32967007909f5b312557e4909cb73a3dea3d8d,0x3ced4ab8f70798c4354944261d6befba89a51171,5.0,seaport,19516590,1711430770,0x6fb4c6f3c2497ae73ef59b1e3720a329d439d6d854dfd89cdd3da0f7c64529ef
Azuki,0xED5AF388653567Af2F388E6224dC7C4b3241C544,5020,0xbef0af218433e07d8bf9ec11065294160e43e82c,0x0c425a9c77ad1a320343b44faac7e739963a21a3,5.2,seaport,19513983,1711399166,0xb30da5ab35955bcd55b9e14563b0de6cd9d848636a16f88e34d8f0c2fd6a8d53
Azuki,0xED5AF388653567Af2F388E6224dC7C4b3241C544,3969,0xbfbee9b20b0ba618b9ed44623faf86a0b2e21b1f,0x89e2ad6fd0a0a3dc3f310761be52e246b14e1575,5.0,seaport,19510993,1711362918,0xb6b9883a56bb874881d0d5d6de63f1f22f68174631e2fd9addb6eb3ebc23b855
Azuki,0xED5AF388653567Af2F388E6224dC7C4b3241C544,4388,0x000099b4a4d3ceb370d3a8a6235d24e07a8c0000,0xcc356fb61d359f376615b54bdc29a53f0ca7aa0d,0.0,blur,19510936,1711362227,0xa3d4d990cec9f7ac78fde12493f590a3ff11a661b855800fe46dabf3968746de
Azuki,0xED5AF388653567Af2F388E6224dC7C4b3241C544,2704,0x8a4b4bd8c5e842eecb2681b99dc5c25b8eb11710,0x0adc41b6fe12074e3ef041dd6ca12ef64c9fddb9,6.6,seaport,19510162,1711352844,0x3fa0a99a44d68484633d5072b26fa887cbb22fe08e6963f87491b71deb9c6eca
Azuki,0xED5AF388653567Af2F388E6224dC7C4b3241C544,5136,0x0adc41b6fe12074e3ef041dd6ca12ef64c9fddb9,0x0adc41b6fe12074e3ef041dd6ca12ef64c9fddb9,3.938122,seaport,19508384,1711331289,0xbbf438eec79349980ac967f814ebe891fd9fc2169ddafdd1c9dbb815bc6031db
Azuki,0xED5AF388653567Af2F388E6224dC7C4b3241C544,5136,0x3e316f6abe52fc5cf70a6c9c0932dcb1fcbf3d62,0x0adc41b6fe12074e3ef041dd6ca12ef64c9fddb9,4.140078,seaport,19508384,1711331289,0xbbf438eec79349980ac967f814ebe891fd9fc2169ddafdd1c9dbb815bc6031db
Azuki,0xED5AF388653567Af2F388E6224dC7C4b3241C544,2218,0x9ae0b5adeb38135f5e80ea5b4a97392a60f6f4ea,0x1e1936adba1d18be91694727086e40647decf375,7.5,x2y2,19506063,1711303152,0x94484b0bdf0f033335d2461dbdd539d119361ac8921be1732cd0ddcf0531dbe5
Azuki,0xED5AF388653567Af2F388E6224dC7C4b3241C544,3916,0x9ae0b5adeb38135f5e80ea5b4a97392a60f6f4ea,0x1e1936adba1d18be91694727086e40647decf375,7.0,x2y2,19506057,1711303079,0x7d35f551964aa411fbfd472bb3189e8605cde75ca0173e65e24d03892ee7e68f
Azuki,0xED5AF388653567Af2F388E6224dC7C4b3241C544,4015,0x1f630d7434f2b079cb925c338b8ba9e5302c0583,0x1f630d7434f2b079cb925c338b8ba9e5302c0583,4.128247,seaport,19498595,1711212618,0xb45cc2eb541fda16249b7743e6414126dfa5ffa861765337587c97f5ac51a96f
Azuki,0xED5AF388653567Af2F388E6224dC7C4b3241C544,4015,0x0097b9cfe64455eed479292671a1121f502bc954,0x1f630d7434f2b079cb925c338b8ba9e5302c0583,4.339952,seaport,19498595,1711212618,0xb45cc2eb541fda16249b7743e6414126dfa5ffa861765337587c97f5ac51a96f
Azuki,0xED5AF388653567Af2F388E6224dC7C4b3241C544,277,0xc2b6589234bc3c9ff14d1b111402a07df99c35b1,0x0097b9cfe64455eed479292671a1121f502bc954,4.8888,seaport,19497354,1711197573,0x44ed9e8196ed487a4313b3183d8a958583d1a2b694a98bf01cd2d5bb13ecd7ce
Azuki,0xED5AF388653567Af2F388E6224dC7C4b3241C544,3065,0xa4cc3f2057f0676cd73e360aa5287087b7ad3b00,0x55800060d2d61d6d88eb60ca227ebff92ba03e2d,4.64,seaport,19489392,1711101050,0x4f75f36f98085d8a55dff2bde71bb80550607dbea199534df4f8e85dc9043c21
Azuki,0xED5AF388653567Af2F388E6224dC7C4b3241C544,4222,0x000099b4a4d3ceb370d3a8a6235d24e07a8c0000,0x1618d7838242267e88224dc36fa21c9fee179dd8,0.0,blur,19487975,1711083872,0x4e4ef09257a7aaae264511ee3bb2631907be17d7e812078cb2f66ccef7831a78
Azuki,0xED5AF388653567Af2F388E6224dC7C4b3241C544,8699,0x7dc326e4e93a552a58876edb8561687f4dff83d0,0x9451f0ef7a6bbbb6466b69ca19b7944d7bb836fd,4.8,seaport,19482734,1711020335,0x1a4e8dec9ce6bd21d5fb9ff3da4b7f89f2d0bae3f712a48668744a4e45d24012
Azuki,0xED5AF388653567Af2F388E6224dC7C4b3241C544,7769,0x9fb23a9d484ee7ab3e5ec864da290e72b79716fe,0x1e1936adba1d18be91694727086e40647decf375,7.69,x2y2,19482269,1711014698,0x53bab77a23afe6e18bbe140ca382b59c962d60d4e15ae0c3b76b82a784b45544
Azuki,0xED5AF388653567Af2F388E6224dC7C4b3241C544,9078,0xf40e567bbd7b7a243b03972e5bb33df8e848d066,0x0097b9cfe64455eed479292671a1121f502bc954,4.5888,seaport,19480791,1710996780,0x8f50c4d15ab21cdf37d2d2c430230c5806d7c9f41db67577975007ca6e770efd
Azuki,0xED5AF388653567Af2F388E6224dC7C4b3241C544,3642,0xbcce0335d3796408bdb4cdc365d23029f9797979,0x0097b9cfe64455eed479292671a1121f502bc954,4.549,seaport,19480527,1710993580,0xd8cf1ad958991e74ba50656d898c84dddaf085e7d33c37fb1df75f2afa57b197
Azuki,0xED5AF388653567Af2F388E6224dC7C4b3241C544,9391,0x52c946c93798e3a47a7888164dbc0375d081f720,0x6d0d27930eb2a52a7528b9eaecbbd24a6894e73d,4.6,x2y2,19480498,1710993228,0x009d184657108aab1f514a2de4859f9caa91d79ad9dffe5987e7a07f9ff97a37
Azuki,0xED5AF388653567Af2F388E6224dC7C4b3241C544,5258,0xf0aca4e017e9d9ef77a7fdeee93ce15f26cfd518,0x7bf14d493520f20fad2e326dec83509d1116c6b6,4.7,seaport,19478196,1710965295,0xbe12ba090dc190f80fe064fb208395346c32f91341bd4e80aa02f04a95bb8e5e
Azuki,0xED5AF388653567Af2F388E6224dC7C4b3241C544,697,0xac32967007909f5b312557e4909cb73a3dea3d8d,0x4ad742e05edb6bdfede3e94d3f4bb884de2d4836,4.0,seaport,19476934,1710949975,0xf0ceaf596f56272f7bb510f096df932b01f76c511691adb8f31385d0f2ae9caf
Azuki,0xED5AF388653567Af2F388E6224dC7C4b3241C544,5065,0xac32967007909f5b312557e4909cb73a3dea3d8d,0x397d0fbc55b95627458a748914f17be363150c26,4.0,seaport,19476934,1710949975,0xf0ceaf596f56272f7bb510f096df932b01f76c511691adb8f31385d0f2ae9caf
Azuki,0xED5AF388653567Af2F388E6224dC7C4b3241C544,3539,0xac32967007909f5b312557e4909cb73a3dea3d8d,0x961d8705436d924b7c7130eedab3da93f606503f,4.0,seaport,19476934,1710949975,0xf0ceaf596f56272f7bb510f096df932b01f76c511691adb8f31385d0f2ae9caf
Azuki,0xED5AF388653567Af2F388E6224dC7C4b3241C544,6934,0x495d85fd7d267e55e980dd806d42ffdf49824fa6,0xb97279f0a18f3b705742f0d1352afb9653bec821,4.1925,seaport,19476926,1710949878,0x73aa9939d997fe76cb81d1da6594cb4ed693c2154ea8531a4fb841c21fdd38bc
Azuki,0xED5AF388653567Af2F388E6224dC7C4b3241C544,3358,0x66666f58de1bcd762a5e5c5aff9cc3c906d66666,0xce841f783dc6d9df256af36b1cf6b3a52aa57cdc,3.9,seaport,19475344,1710930674,0x4b3951f229d9e5a7edec3a015bf4543ead2c9272d7d85f35cca59143d1b60110
Azuki,0xED5AF388653567Af2F388E6224dC7C4b3241C544,369,0xcd17b19b47f8a3e9ca45df086580f4a19d7f4941,0xcd17b19b47f8a3e9ca45df086580f4a19d7f4941,3.602918,seaport,19468731,1710850397,0x38bcf077f4e744c7e86ddd115a86320fa75b700917583a4b233d3ddd160ea76f
Azuki,0xED5AF388653567Af2F388E6224dC7C4b3241C544,369,0x0097b9cfe64455eed479292671a1121f502bc954,0xcd17b19b47f8a3e9ca45df086580f4a19d7f4941,3.787682,seaport,19468731,1710850397,0x38bcf077f4e744c7e86ddd115a86320fa75b700917583a4b233d3ddd160ea76f
Azuki,0xED5AF388653567Af2F388E6224dC7C4b3241C544,2972,0x39c60bae189d4ebacb6616bb20d8c3a0abd7ea85,0x0097b9cfe64455eed479292671a1121f502bc954,4.44,seaport,19467648,1710837250,0x76ed3534b83181923a63fcef20420ad794b424078708005d9c28a8244dbecd5b
Azuki,0xED5AF388653567Af2F388E6224dC7C4b3241C544,3927,0x25be6c9cbf3b8ddda767ba6a597f8e6d211fc224,0x827f66a616f1a6954d4873b031019bbdd249f5ed,4.0,seaport,19459511,1710738473,0xcb11c22a91afee5d05d3aa90e7ff291b93c7619d53899ffe5f2cf4a29ece1d3a
Azuki,0xED5AF388653567Af2F388E6224dC7C4b3241C544,7033,0xc71f4f16aee77b163429da7602e08889cc864bef,0xc71f4f16aee77b163429da7602e08889cc864bef,3.7089,seaport,19459285,1710735730,0x49af898e832fb3bf6e4c74d764bb185a7161366b2edd9d8e7e62a98cc35613d1
Azuki,0xED5AF388653567Af2F388E6224dC7C4b3241C544,7033,0x0097b9cfe64455eed479292671a1121f502bc954,0xc71f4f16aee77b163429da7602e08889cc864bef,3.8991,seaport,19459285,1710735730,0x49af898e832fb3bf6e4c74d764bb185a7161366b2edd9d8e7e62a98cc35613d1
Azuki,0xED5AF388653567Af2F388E6224dC7C4b3241C544,2978,0x4b978322643f9bf6c15bf26d866b81e99f26b8da,0x4b978322643f9bf6c15bf26d866b81e99f26b8da,3.607597,seaport,19455837,1710693874,0xeef9469b2b130a600540b64c0524181ce73b329c4d80e94787142d9aea5772da
Azuki,0xED5AF388653567Af2F388E6224dC7C4b3241C544,2978,0x645998e8aa4817ed6c6fe244482d8842ace72c29,0x4b978322643f9bf6c15bf26d866b81e99f26b8da,3.792603,seaport,19455837,1710693874,0xeef9469b2b130a600540b64c0524181ce73b329c4d80e94787142d9aea5772da
Azuki,0xED5AF388653567Af2F388E6224dC7C4b3241C544,5305,0x8bcf82b3dffe3a580c2204ff532ff3f07428fb30,0x8bcf82b3dffe3a580c2204ff532ff3f07428fb30,3.687743,seaport,19455422,1710688836,0x292a31ce61fd66c2ae8f99c36bfdb96eb77cb91ab7883e26f44f2c0b7473038d
Azuki,0xED5AF388653567Af2F388E6224dC7C4b3241C544,5305,0x856750961732cbead1e289e04c57027bb368fcc0,0x8bcf82b3dffe3a580c2204ff532ff3f07428fb30,3.876858,seaport,19455422,1710688836,0x292a31ce61fd66c2ae8f99c36bfdb96eb77cb91ab7883e26f44f2c0b7473038d
Azuki,0xED5AF388653567Af2F388E6224dC7C4b3241C544,9747,0x9de416ab881b322ee0b4c189c2de624090280cf2,0x94e9d73a2aeec807d85756b84759965b41866450,4.1,x2y2,19454860,1710682013,0x7dcbe096e478d3e70e871a4874413a01fd497cad3ff5fec481c672c00a14d465
Azuki,0xED5AF388653567Af2F388E6224dC7C4b3241C544,2887,0x65c1f3fa4bf6c978311f26135c1244502539a7ff,0x9de416ab881b322ee0b4c189c2de624090280cf2,4.0,x2y2,19454822,1710681552,0x422753569408cefb965ae5f4690fd52a976557b443f6937c738907eed03e3c06
Azuki,0xED5AF388653567Af2F388E6224dC7C4b3241C544,7236,0x81ed580f108446eb80e4e9e7b7f19b5d9bf46c63,0x5d4109bfcfadb94366ae7e25b508280368dadec2,4.8,seaport,19453955,1710671027,0xd5ad04ffd13d7dd3a4d9ed50366628ee5e9988ecc309faab7e3542ff4581b573
Azuki,0xED5AF388653567Af2F388E6224dC7C4b3241C544,6095,0x0000db5c8b030ae20308ac975898e09741e70000,0xfc7355bf612fb59043b0ac3d728942f41a3e3905,0.0,blur,19450966,1710634743,0x0ceb5463029fa7ed5bdbaef8b685f7a52ecd15556c009dce83ffd6b60416b95b
Azuki,0xED5AF388653567Af2F388E6224dC7C4b3241C544,2682,0x0000db5c8b030ae20308ac975898e09741e70000,0xfc7355bf612fb59043b0ac3d728942f41a3e3905,0.0,blur,19450966,1710634743,0x0ceb5463029fa7ed5bdbaef8b685f7a52ecd15556c009dce83ffd6b60416b95b
Azuki,0xED5AF388653567Af2F388E6224dC7C4b3241C544,1618,0x87efb9c56ea05efbf748f5d6e112600123b41e5a,0x87efb9c56ea05efbf748f5d6e112600123b41e5a,3.44994,seaport,19448957,1710610355,0x7a9585b6830d17a55fe921da2b6ab05a08a87de1c71490e890acef35cd1ba689
Azuki,0xED5AF388653567Af2F388E6224dC7C4b3241C544,1618,0x645998e8aa4817ed6c6fe244482d8842ace72c29,0x87efb9c56ea05efbf748f5d6e112600123b41e5a,3.62686,seaport,19448957,1710610355,0x7a9585b6830d17a55fe921da2b6ab05a08a87de1c71490e890acef35cd1ba689
Azuki,0xED5AF388653567Af2F388E6224dC7C4b3241C544,6092,0x8a4b4bd8c5e842eecb2681b99dc5c25b8eb11710,0xb29f8ddd1ade87ee93e7cc7497d4e65db46b8a20,3.9,seaport,19446550,1710581136,0x39187cc66fab03662562e42a542097b6c49b9f57deb95fe4390af2b8779eb287
Azuki,0xED5AF388653567Af2F388E6224dC7C4b3241C544,3642,0x372934d5878e10a8b8e9a3cf2ead3bf929bd6f36,0x372934d5878e10a8b8e9a3cf2ead3bf929bd6f36,3.659175,seaport,19433082,1710417645,0x92ae1d657f437128283a483ac8dcdcd65444106e1c9bd8eab527e4cfe974bc02
Azuki,0xED5AF388653567Af2F388E6224dC7C4b3241C544,3642,0x0097b9cfe64455eed479292671a1121f502bc954,0x372934d5878e10a8b8e9a3cf2ead3bf929bd6f36,3.846825,seaport,19433082,1710417645,0x92ae1d657f437128283a483ac8dcdcd65444106e1c9bd8eab527e4cfe974bc02
Azuki,0xED5AF388653567Af2F388E6224dC7C4b3241C544,5327,0x085c4c8b0eafd93f28e100f4087f2116d901f55b,0x085c4c8b0eafd93f28e100f4087f2116d901f55b,3.616665,seaport,19426842,1710341896,0x143bf8df3122547f01ce37f356626db58cc6bf9c3a541cd6ff6a0b3e9aa48ad5
Azuki,0xED5AF388653567Af2F388E6224dC7C4b3241C544,5327,0x645998e8aa4817ed6c6fe244482d8842ace72c29,0x085c4c8b0eafd93f28e100f4087f2116d901f55b,3.802135,seaport,19426842,1710341896,0x143bf8df3122547f01ce37f356626db58cc6bf9c3a541cd6ff6a0b3e9aa48ad5
Azuki,0xED5AF388653567Af2F388E6224dC7C4b3241C544,9724,0x0000db5c8b030ae20308ac975898e09741e70000,0x6b7a91c6a6832bc3498883ff65268612f67c8119,0.0,blur,19426496,1710337696,0x0fd1a0d38a0e1b0184957d7bb7413ba0fdaf705e4627a2bd5a0bd4057ab297c0
Azuki,0xED5AF388653567Af2F388E6224dC7C4b3241C544,9636,0x0000db5c8b030ae20308ac975898e09741e70000,0x6b7a91c6a6832bc3498883ff65268612f67c8119,0.0,blur,19426496,1710337696,0x0fd1a0d38a0e1b0184957d7bb7413ba0fdaf705e4627a2bd5a0bd4057ab297c0
Azuki,0xED5AF388653567Af2F388E6224dC7C4b3241C544,9602,0x0000db5c8b030ae20308ac975898e09741e70000,0x6b7a91c6a6832bc3498883ff65268612f67c8119,0.0,blur,19426496,1710337696,0x0fd1a0d38a0e1b0184957d7bb7413ba0fdaf705e4627a2bd5a0bd4057ab297c0
Azuki,0xED5AF388653567Af2F388E6224dC7C4b3241C544,6685,0x0000db5c8b030ae20308ac975898e09741e70000,0x6b7a91c6a6832bc3498883ff65268612f67c8119,0.0,blur,19426496,1710337696,0x0fd1a0d38a0e1b0184957d7bb7413ba0fdaf705e4627a2bd5a0bd4057ab297c0
Azuki,0xED5AF388653567Af2F388E6224dC7C4b3241C544,6182,0x0000db5c8b030ae20308ac975898e09741e70000,0x6b7a91c6a6832bc3498883ff65268612f67c8119,0.0,blur,19426496,1710337696,0x0fd1a0d38a0e1b0184957d7bb7413ba0fdaf705e4627a2bd5a0bd4057ab297c0
Azuki,0xED5AF388653567Af2F388E6224dC7C4b3241C544,5651,0xc821d3d24c27c713a9e2758086bd29b23f7381e2,0xc821d3d24c27c713a9e2758086bd29b23f7381e2,3.929835,seaport,19424196,1710309775,0xbba81f3ad03b15f17e743c9b67d9be8a514fff572845e36060b7ae191dc5546d
Azuki,0xED5AF388653567Af2F388E6224dC7C4b3241C544,5651,0x645998e8aa4817ed6c6fe244482d8842ace72c29,0xc821d3d24c27c713a9e2758086bd29b23f7381e2,4.131365,seaport,19424196,1710309775,0xbba81f3ad03b15f17e743c9b67d9be8a514fff572845e36060b7ae191dc5546d
Azuki,0xED5AF388653567Af2F388E6224dC7C4b3241C544,8856,0xde02fffb824720e25674a604baf2277f21c66a0f,0x558ed3a844ec118a86ec87f833dbe41aaab3578e,4.0,seaport,19423702,1710303779,0xdfa2ca48c597892048ad2a1485dc96133c908211fcc066bc8f5326e66f3b0374
Azuki,0xED5AF388653567Af2F388E6224dC7C4b3241C544,4759,0xde02fffb824720e25674a604baf2277f21c66a0f,0x002b05d19cb34a3336e9095c1de60248a12970dd,4.0,seaport,19423702,1710303779,0xdfa2ca48c597892048ad2a1485dc96133c908211fcc066bc8f5326e66f3b0374
Azuki,0xED5AF388653567Af2F388E6224dC7C4b3241C544,3358,0xde02fffb824720e25674a604baf2277f21c66a0f,0x16dbcd202be906c36667258799155d48fb6c9584,4.0,seaport,19423702,1710303779,0xdfa2ca48c597892048ad2a1485dc96133c908211fcc066bc8f5326e66f3b0374
Azuki,0xED5AF388653567Af2F388E6224dC7C4b3241C544,8326,0xcbb48e6d1594e36c88b5dbd14179f2017530012d,0xe1bd9a88603409eff8818db72ae982ecd5b560c8,4.0,seaport,19423700,1710303754,0x938852c66e1725235ac5e99dbcd48d50c1c9550779f1018841ea06967ca93b3b
Azuki,0xED5AF388653567Af2F388E6224dC7C4b3241C544,8007,0x85a5e9f47aa433306b6c946878c3f77a9b813f57,0x1ff27a7faab1fb865e212b14f18c23acd8c5e111,3.95,seaport,19422753,1710292258,0x11a7c60163c1ec1fdc9b6f5b6cf5783b56cf786c761ad7d11b1369a0ff997e79
Azuki,0xED5AF388653567Af2F388E6224dC7C4b3241C544,218,0xff3879b8a363aed92a6eaba8f61f1a96a9ec3c1e,0x916c5a7e958924e850e3c434ddcf65d1d660339d,3.96,seaport,19422711,1710291749,0x5fcbb47eb69e0e623cef5b46c348a6b1c445e5af4f5e0f74990d8cef16d7965a
Azuki,0xED5AF388653567Af2F388E6224dC7C4b3241C544,8256,0x22c2b1aebc222a2e523dc122ef5d8a3f4c3a5e2b,0x22c2b1aebc222a2e523dc122ef5d8a3f4c3a5e2b,3.623295,seaport,19419153,1710248557,0xbca652dcd115fe922d78023ce165e45c38e6f97caf6f2f050e17643f45276ff0
Azuki,0xED5AF388653567Af2F388E6224dC7C4b3241C544,8256,0x0097b9cfe64455eed479292671a1121f502bc954,0x22c2b1aebc222a2e523dc122ef5d8a3f4c3a5e2b,3.809105,seaport,19419153,1710248557,0xbca652dcd115fe922d78023ce165e45c38e6f97caf6f2f050e17643f45276ff0
Azuki,0xED5AF388653567Af2F388E6224dC7C4b3241C544,4114,0x4191baa24e15ed0dad172c380a294954e0aa62e2,0x4191baa24e15ed0dad172c380a294954e0aa62e2,3.635483,seaport,19419141,1710248411,0x42c4ef30c90cc93118eccff56e735621ac04ce28e018d86f3d8fa0b9c175ba41
Azuki,0xED5AF388653567Af2F388E6224dC7C4b3241C544,4114,0x645998e8aa4817ed6c6fe244482d8842ace72c29,0x4191baa24e15ed0dad172c380a294954e0aa62e2,3.821918,seaport,19419141,1710248411,0x42c4ef30c90cc93118eccff56e735621ac04ce28e018d86f3d8fa0b9c175ba41
Azuki,0xED5AF388653567Af2F388E6224dC7C4b3241C544,8694,0x0adc41b6fe12074e3ef041dd6ca12ef64c9fddb9,0x0adc41b6fe12074e3ef041dd6ca12ef64c9fddb9,3.61725,seaport,19418081,1710235544,0x02425415a3715895f8b7e815b23ea3b2c747a12eab17dbf329ae9a4645e27e51
Azuki,0xED5AF388653567Af2F388E6224dC7C4b3241C544,8694,0x454e8e59a9024b00d317550e02acf552b828c88b,0x0adc41b6fe12074e3ef041dd6ca12ef64c9fddb9,3.80275,seaport,19418081,1710235544,0x02425415a3715895f8b7e815b23ea3b2c747a12eab17dbf329ae9a4645e27e51
Azuki,0xED5AF388653567Af2F388E6224dC7C4b3241C544,6745,0xf43b55199d275b9cc16888ebf0c79f1e256b2d5b,0xe1bd9a88603409eff8818db72ae982ecd5b560c8,4.2,seaport,19417133,1710224036,0x1afa68ecbbe38a2e21b56c28980c661e90f24c6f58fa0d3de5a4f3fab502811e
Azuki,0xED5AF388653567Af2F388E6224dC7C4b3241C544,6386,0x825c83db6144d477c1d3b8d5446eb37f41fa816d,0x94e9d73a2aeec807d85756b84759965b41866450,4.1,x2y2,19416824,1710220285,0x5ab45f5bf529054b6483b37cd522da19cb9b68e3fca524b5b56cb5c9a98c75f4
Azuki,0xED5AF388653567Af2F388E6224dC7C4b3241C544,3302,0x25bdfc6f2792ef6123695a159905542af3ac4b37,0x90e926065b3c811f48ae3bf6ed042c73af4dab05,9.3,x2y2,19416224,1710213001,0x23cc7d12f32d4198462bf29b49d86cde6dccdea8045e7790b88b410a4673b83d
Azuki,0xED5AF388653567Af2F388E6224dC7C4b3241C544,6598,0xad8425cd32ad1729ccf956309b84d2b928cf709a,0xad8425cd32ad1729ccf956309b84d2b928cf709a,3.656835,seaport,19415958,1710209772,0xb97c4391aff7b76433d8643d205d22e978ba5050cbdf148198371eb2bfce98fa
Azuki,0xED5AF388653567Af2F388E6224dC7C4b3241C544,6598,0x645998e8aa4817ed6c6fe244482d8842ace72c29,0xad8425cd32ad1729ccf956309b84d2b928cf709a,3.844365,seaport,19415958,1710209772,0xb97c4391aff7b76433d8643d205d22e978ba5050cbdf148198371eb2bfce98fa
Azuki,0xED5AF388653567Af2F388E6224dC7C4b3241C544,2155,0x05c250120ce07ba6fe361b39ac344148435c25ca,0x90e926065b3c811f48ae3bf6ed042c73af4dab05,10.0,x2y2,19415343,1710202307,0xb5e06450e15545c02c08f7433e655b420d2d9dabe1bb0c95efe5d26d83331979
Azuki,0xED5AF388653567Af2F388E6224dC7C4b3241C544,9990,0xc4eb7271fbf273200d5882889ba6239ff3051c8d,0x5d1129fc02f0cdd3e0bc3da5d3a3d06c1f7dc611,0.0,seaport,19409573,1710132572,0xb6143a0e15a219887114cedbfacd39edc324dec2650055fe0795ba72604ee73a
Azuki,0xED5AF388653567Af2F388E6224dC7C4b3241C544,9078,0x0097b9cfe64455eed479292671a1121f502bc954,0x9de416ab881b322ee0b4c189c2de624090280cf2,0.35,seaport,19409118,1710127073,0x8845774bdc50626deb7f83d62484926af4e9cb1dc7e9a6d8970a817caebf8eec
Azuki,0xED5AF388653567Af2F388E6224dC7C4b3241C544,6142,0xea0af4ea86a17b8bb49c365a536dc808f310e0d6,0xea0af4ea86a17b8bb49c365a536dc808f310e0d6,3.95577,seaport,19408648,1710121392,0xd38257509fc3f95ab60eb3a147788e4828ef2262d564ec54c968d3f6c6d5d322
Azuki,0xED5AF388653567Af2F388E6224dC7C4b3241C544,6142,0x0097b9cfe64455eed479292671a1121f502bc954,0xea0af4ea86a17b8bb49c365a536dc808f310e0d6,4.15863,seaport,19408648,1710121392,0xd38257509fc3f95ab60eb3a147788e4828ef2262d564ec54c968d3f6c6d5d322
Azuki,0xED5AF388653567Af2F388E6224dC7C4b3241C544,7698,0x7da947e9608c314625e77a9ea1bfc14e3aff940c,0x7da947e9608c314625e77a9ea1bfc14e3aff940c,4.049272,seaport,19404467,1710070862,0xa2ad4995bfed7b4861857921035d0ba5e0faa7393814f3cbf095ebe66ba2f37b
Azuki,0xED5AF388653567Af2F388E6224dC7C4b3241C544,7698,0xf91207a95b68575d97b15b7a6a3f61c272a617ef,0x7da947e9608c314625e77a9ea1bfc14e3aff940c,4.256928,seaport,19404467,1710070862,0xa2ad4995bfed7b4861857921035d0ba5e0faa7393814f3cbf095ebe66ba2f37b
Azuki,0xED5AF388653567Af2F388E6224dC7C4b3241C544,9078,0x9de416ab881b322ee0b4c189c2de624090280cf2,0x166022d3960bd3bf2c39416601052e3a5ad42b94,4.55,x2y2,19395294,1709959999,0x6c253f81c095583bc248617b5af35e35a1b12e67ca78bf68d7c5165eb23cbdad
Azuki,0xED5AF388653567Af2F388E6224dC7C4b3241C544,2509,0x6d0d27930eb2a52a7528b9eaecbbd24a6894e73d,0x9de416ab881b322ee0b4c189c2de624090280cf2,5.1,x2y2,19394869,1709954863,0xcf5522b7fa46d288cdbd2912e97a18d47524a395df6ae8523ea2be0b313193bc
Azuki,0xED5AF388653567Af2F388E6224dC7C4b3241C544,5158,0x52c946c93798e3a47a7888164dbc0375d081f720,0x6d0d27930eb2a52a7528b9eaecbbd24a6894e73d,5.0,x2y2,19394764,1709953594,0xd5d46b6108bf1cc9ae5ac5a84e501683ae88e0251371b9d4d01fc9c4204af84a
Azuki,0xED5AF388653567Af2F388E6224dC7C4b3241C544,8468,0xe348e80923a3da512d3da81e7518c5972562a3aa,0xe348e80923a3da512d3da81e7518c5972562a3aa,3.856125,seaport,19392548,1709926812,0x2caf49cca58a0449c274b670c4dd1c14f8afd74a18cf1fadef1e0ede4f3f4100
Azuki,0xED5AF388653567Af2F388E6224dC7C4b3241C544,8468,0x0097b9cfe64455eed479292671a1121f502bc954,0xe348e80923a3da512d3da81e7518c5972562a3aa,4.053875,seaport,19392548,1709926812,0x2caf49cca58a0449c274b670c4dd1c14f8afd74a18cf1fadef1e0ede4f3f4100
Azuki,0xED5AF388653567Af2F388E6224dC7C4b3241C544,8214,0xbab25a0c16288607d815016f8d3f202a9441e884,0x552628f4dfa219a902ae837fa5add3390e9e7d14,4.25,seaport,19387850,1709870033,0xe957e2ab05f8379eefbd5e0b1bf9ddcae4b1674a1ebc72016f1c169f51610378
Azuki,0xED5AF388653567Af2F388E6224dC7C4b3241C544,7481,0x9d15f0202ae4f3b3534862c7c4856eeaf54fefdf,0xc301ccb76e60279bd223f25198be3c7239304246,4.35,x2y2,19386734,1709856546,0x47a82337c615e696491dfc66f7252f47c4d2bb6e5a70ac4d486802488bb101ee
Azuki,0xED5AF388653567Af2F388E6224dC7C4b3241C544,4084,0x8a23e25aa36781d7bc28e2eb00990133f80257bd,0x8a23e25aa36781d7bc28e2eb00990133f80257bd,3.703927,seaport,19383740,1709820361,0x5006eeab44979d941132e703d1bc45b6f9a6f58f667c8e6442ea2b9cb2df81ff
Azuki,0xED5AF388653567Af2F388E6224dC7C4b3241C544,4084,0x4f59ce7bb4777b536f09116b66c95a5d1ea8a8e6,0x8a23e25aa36781d7bc28e2eb00990133f80257bd,3.893873,seaport,19383740,1709820361,0x5006eeab44979d941132e703d1bc45b6f9a6f58f667c8e6442ea2b9cb2df81ff
Azuki,0xED5AF388653567Af2F388E6224dC7C4b3241C544,6670,0x788ea3b974c55546c42cba273cc92313adc1405b,0x788ea3b974c55546c42cba273cc92313adc1405b,3.872018,seaport,19380026,1709775474,0x61b2817bb905e638f19207f23c7f3c41ed2d5ea203310986cafd904ffe976814
Azuki,0xED5AF388653567Af2F388E6224dC7C4b3241C544,6670,0x0097b9cfe64455eed479292671a1121f502bc954,0x788ea3b974c55546c42cba273cc92313adc1405b,4.070582,seaport,19380026,1709775474,0x61b2817bb905e638f19207f23c7f3c41ed2d5ea203310986cafd904ffe976814
Azuki,0xED5AF388653567Af2F388E6224dC7C4b3241C544,7102,0xb222426a306b2c549200110a038d44f7869c7566,0xb222426a306b2c549200110a038d44f7869c7566,3.977805,seaport,19378574,1709757926,0xb55de3d93b7604fce678174150abedc123a2d065db09ca65be4bb41dfe044e24
Azuki,0xED5AF388653567Af2F388E6224dC7C4b3241C544,7102,0x0097b9cfe64455eed479292671a1121f502bc954,0xb222426a306b2c549200110a038d44f7869c7566,4.181795,seaport,19378574,1709757926,0xb55de3d93b7604fce678174150abedc123a2d065db09ca65be4bb41dfe044e24
Azuki,0xED5AF388653567Af2F388E6224dC7C4b3241C544,2761,0x21f8ff01dcb248bb26eb0bc5a0fb25c7e586c807,0x50a879029f433e7743ebea8ecb47a29ed458e083,5.0,seaport,19378442,1709756331,0xf91ec74ece48a11f22aa6ad7f637b5a02502cecdc66d2d74f1b847e3bd51ee12
Azuki,0xED5AF388653567Af2F388E6224dC7C4b3241C544,6583,0x0097b9cfe64455eed479292671a1121f502bc954,0x695c30548cfd80caa82929274d2f534be6a50056,6.572121,seaport,19375521,1709721028,0x9fd7ef966d98bafea1cbad3898a67eed3f8a6fffe4cae55423bd3575a42e3b4f
Azuki,0xED5AF388653567Af2F388E6224dC7C4b3241C544,2972,0xba637c7f42470561dcf609ca673550ee6832cf63,0xba637c7f42470561dcf609ca673550ee6832cf63,4.00374,seaport,19374934,1709713934,0xf48ddd8d083e6ebf33e38d7a1586304790f335f050629000b765f98c96ac20a8
Azuki,0xED5AF388653567Af2F388E6224dC7C4b3241C544,2972,0x0097b9cfe64455eed479292671a1121f502bc954,0xba637c7f42470561dcf609ca673550ee6832cf63,4.20906,seaport,19374934,1709713934,0xf48ddd8d083e6ebf33e38d7a1586304790f335f050629000b765f98c96ac20a8
Azuki,0xED5AF388653567Af2F388E6224dC7C4b3241C544,9490,0xcf7e6f0c8dbfbcbf40e39913a55d1b674c8c9581,0xcf7e6f0c8dbfbcbf40e39913a55d1b674c8c9581,4.21941,seaport,19373958,1709702138,0xc2b18d9f6d2fb5bdef638568ada19e89f34c54b73f99a0e1c007da3efd1c6ef8
Azuki,0xED5AF388653567Af2F388E6224dC7C4b3241C544,9490,0x4f59ce7bb4777b536f09116b66c95a5d1ea8a8e6,0xcf7e6f0c8dbfbcbf40e39913a55d1b674c8c9581,4.43579,seaport,19373958,1709702138,0xc2b18d9f6d2fb5bdef638568ada19e89f34c54b73f99a0e1c007da3efd1c6ef8
Azuki,0xED5AF388653567Af2F388E6224dC7C4b3241C544,6324,0xa3b3acf61034ccd05f204e24e5935cea4d291065,0xf853184415ac2312844e77cc7babda372e8f56af,7.0,x2y2,19369291,1709645734,0x9f386c90514a1198b38c4fe292ed474d0d2f5d9a6a7aa841ee8cc30da90ebfd8
Azuki,0xED5AF388653567Af2F388E6224dC7C4b3241C544,5258,0x7bf14d493520f20fad2e326dec83509d1116c6b6,0xb996e1eff7d300280ce3811094b36aa14d07356f,4.8175,seaport,19367655,1709625962,0x7d42ad3c50c884846aa4aed5b24267bc3670ab37583838c0a08129d6fc542c99
Azuki,0xED5AF388653567Af2F388E6224dC7C4b3241C544,2310,0x6d970c5d3fb2cf589398148839b9833c06640b64,0x6d970c5d3fb2cf589398148839b9833c06640b64,4.31652,seaport,19366939,1709617308,0x1adc14b91a3272c4f4fde416d779b33f99234d4eb2d2547ad77bfc2468c5e430
Azuki,0xED5AF388653567Af2F388E6224dC7C4b3241C544,2310,0x0097b9cfe64455eed479292671a1121f502bc954,0x6d970c5d3fb2cf589398148839b9833c06640b64,4.53788,seaport,19366939,1709617308,0x1adc14b91a3272c4f4fde416d779b33f99234d4eb2d2547ad77bfc2468c5e430
Azuki,0xED5AF388653567Af2F388E6224dC7C4b3241C544,3701,0x215817e07c7f9059c93e919ac35142a08fb1f6d1,0x01add8ab60c614cf6b81fc6b35ae80ab454a40c1,0.25,seaport,19365500,1709599917,0x514e2186eb24886ecd0c56bd2c68c49942ddf9fe03f9ac98dbb6ecba1a90f8c3
Azuki,0xED5AF388653567Af2F388E6224dC7C4b3241C544,9280,0xb996e1eff7d300280ce3811094b36aa14d07356f,0x071420414fa21f28683b8c84adeaf7ac2d620e7b,4.58,seaport,19362431,1709562789,0xb2eac9ee3618e30c21b5d53dedec4e570f354ca95b1e4ef6d2ef2d7c61cd8645
Azuki,0xED5AF388653567Af2F388E6224dC7C4b3241C544,3847,0xe2dcd3b92c1f1eabcc0223372a1a4d959a11e368,0xf76b1ed3e35c6e7c04ab2098001bf7909fd252a3,5.54,seaport,19359208,1709523783,0x6f1ce556ea0af2d2a0e8821b2aa9077bbbd0cb34745262002e327eabc80ff92a
Azuki,0xED5AF388653567Af2F388E6224dC7C4b3241C544,5313,0xeb83e695adcac2e83f290d2d2815fc58e6491d7a,0xce15923666fe8bfa84e9518b0f4a3512a55ac2de,5.7,x2y2,19359097,1709522440,0x625e2a8eecb751950c056cd1b7202565557c331517f0769562cbe9c71a335e39
Azuki,0xED5AF388653567Af2F388E6224dC7C4b3241C544,7130,0xdcfb41f0f95fb5b523e57dafe04dd128ad4b91ed,0xdcfb41f0f95fb5b523e57dafe04dd128ad4b91ed,4.875975,seaport,19357895,1709507893,0xb122b9b1aa8946c4019e0e1d44873c46435510331ddb3ffacff358a93e713762
Azuki,0xED5AF388653567Af2F388E6224dC7C4b3241C544,7130,0x88b835e481cabef3c7c35e4007b2f413aab7755f,0xdcfb41f0f95fb5b523e57dafe04dd128ad4b91ed,5.126025,seaport,19357895,1709507893,0xb122b9b1aa8946c4019e0e1d44873c46435510331ddb3ffacff358a93e713762
Azuki,0xED5AF388653567Af2F388E6224dC7C4b3241C544,1161,0x32213707c1628b5de83fc8b71e2a0cfa4ce58914,0x32213707c1628b5de83fc8b71e2a0cfa4ce58914,4.735575,seaport,19354096,1709461916,0xd853fedc2ffec781aff310170d5c533da8f243eb6b394eca118be606d2349757
Azuki,0xED5AF388653567Af2F388E6224dC7C4b3241C544,1161,0x88b835e481cabef3c7c35e4007b2f413aab7755f,0x32213707c1628b5de83fc8b71e2a0cfa4ce58914,4.978425,seaport,19354096,1709461916,0xd853fedc2ffec781aff310170d5c533da8f243eb6b394eca118be606d2349757
Azuki,0xED5AF388653567Af2F388E6224dC7C4b3241C544,4126,0x23c8d1747529ec25111caf3f5fc4fe9ffccac3a7,0x23c8d1747529ec25111caf3f5fc4fe9ffccac3a7,0.565597,seaport,19348496,1709394143,0x6643d09659be58151f63a9093bf0cd0033a440c88a53a17f9156ce5267699a48
Azuki,0xED5AF388653567Af2F388E6224dC7C4b3241C544,4126,0xe8e66df6cbb5fea9020ca2c78078ca76b3fa5b32,0x23c8d1747529ec25111caf3f5fc4fe9ffccac3a7,0.594602,seaport,19348496,1709394143,0x6643d09659be58151f63a9093bf0cd0033a440c88a53a17f9156ce5267699a48
Azuki,0xED5AF388653567Af2F388E6224dC7C4b3241C544,3286,0x1a5f7d42a12545cbc0935a6d54c496b686b09b6e,0x1a5f7d42a12545cbc0935a6d54c496b686b09b6e,5.16984,seaport,19343307,1709331345,0xffdb123f85916b2c49a62ff93ba0410339273d37bdd94cc433c2f476657defd5
Azuki,0xED5AF388653567Af2F388E6224dC7C4b3241C544,3286,0x0097b9cfe64455eed479292671a1121f502bc954,0x1a5f7d42a12545cbc0935a6d54c496b686b09b6e,5.43496,seaport,19343307,1709331345,0xffdb123f85916b2c49a62ff93ba0410339273d37bdd94cc433c2f476657defd5
Azuki,0xED5AF388653567Af2F388E6224dC7C4b3241C544,7481,0xc301ccb76e60279bd223f25198be3c7239304246,0xae20574304b6264d3129dbfe5df72eead8c5b208,5.45,x2y2,19342646,1709323345,0x288417c9b62730772738123816b90e3144d33501790cba7fd4e504f1eeae34be
Azuki,0xED5AF388653567Af2F388E6224dC7C4b3241C544,111,0x74e37d8882a83ff04e7524dc8dd2b8da028a4702,0x41c86ce8da3b6be1d710301eef36875cb5646dd4,7.0,x2y2,19342226,1709318262,0x3c730a1d0192d512dbba20a3f168459aeca27fbe9cae659ff9ae6e8dc807e4aa
Azuki,0xED5AF388653567Af2F388E6224dC7C4b3241C544,9345,0x647da47eb50c221fe811fe44822026dd2f36ef13,0xe0e76a34c17635ebff5d80b1e387fcdd4eeab863,11.0,seaport,19342224,1709318238,0x559473ece97a683ac09f37b6d7a5dc79c0152524bb0e2d872e299b2ee41aa0fd
Azuki,0xED5AF388653567Af2F388E6224dC7C4b3241C544,1366,0xf91207a95b68575d97b15b7a6a3f61c272a617ef,0xb996e1eff7d300280ce3811094b36aa14d07356f,7.725,seaport,19342156,1709317415,0x0eb1fe2433554ec9d856bc75b63adc50518adc74917c956e164b421bb5d44127
Azuki,0xED5AF388653567Af2F388E6224dC7C4b3241C544,172,0xf14b02ce886553b754ae77abff882dc468f82b28,0x6b2cfd67b6be5f3cb61b84395091aa8d687cdc03,6.6,x2y2,19341865,1709313893,0x073a675b69f0bc30ecd2f9c9cde1a4c307de65807cd36ba92fa3e17a7113e035
Azuki,0xED5AF388653567Af2F388E6224dC7C4b3241C544,2525,0x2dcbb97739d6da8385928c29c341b41f828f7777,0x01add8ab60c614cf6b81fc6b35ae80ab454a40c1,0.35,seaport,19341418,1709308483,0x2d0aa8654823a3ee0452a480b4f12a01650ae57e7b50f8d637a9abbe296ae196
Azuki,0xED5AF388653567Af2F388E6224dC7C4b3241C544,4410,0x1902811c478b5e6f602c74c3bf8b6d4f7c8d079d,0xa148f43b6aca0f99e3a831ed07f158ce4cde0319,6.19,seaport,19334691,1709227071,0xa8d2b07f9088d7e6635a2276162756432b0f4545ad7aa5b79964b4262217156e
Azuki,0xED5AF388653567Af2F388E6224dC7C4b3241C544,7005,0xa1b89a7ee814a000f0b24f2c6bca05f653857023,0x743dbd073d951bc1e7ee276eb79a285595993d63,6.978592,seaport,19332577,1709201487,0xf0c19b175e5fad25018aeee29395a67c4c38b4442175bf55a61060e10d0d77c4
Azuki,0xED5AF388653567Af2F388E6224dC7C4b3241C544,4945,0x07f7ded89d22c4baba44346577cebcbb9d1db81d,0x93bd0162687d98afadf3ff4b67ccb68680877bc3,6.18,x2y2,19329672,1709166330,0x17bdb2e0bb4d53cd5a20f33debe3907a5f89495a4d6f46173ba0dec31f877e0c
Azuki,0xED5AF388653567Af2F388E6224dC7C4b3241C544,3593,0xcacfc7ee3208585619f76d8609d6a6f32b7fd5a6,0xcacfc7ee3208585619f76d8609d6a6f32b7fd5a6,5.706675,seaport,19329606,1709165531,0xefb2973ddf2fa0f09f42b11f3f82ed344f3b36db79c991864a74271bb2f70641
Azuki,0xED5AF388653567Af2F388E6224dC7C4b3241C544,3593,0x1fee3385b22d69e93209db2042be58fcac57b59b,0xcacfc7ee3208585619f76d8609d6a6f32b7fd5a6,5.999325,seaport,19329606,1709165531,0xefb2973ddf2fa0f09f42b11f3f82ed344f3b36db79c991864a74271bb2f70641
Azuki,0xED5AF388653567Af2F388E6224dC7C4b3241C544,7691,0x92add03e9d08d994f99e6ec7524cd8b49cdf9cf1,0x92add03e9d08d994f99e6ec7524cd8b49cdf9cf1,5.886172,seaport,19288462,1708667595,0xc32869686b870ed041cdbc36aa7e560baad55e2028d842a773d294cc73332de8
Azuki,0xED5AF388653567Af2F388E6224dC7C4b3241C544,7691,0x0097b9cfe64455eed479292671a1121f502bc954,0x92add03e9d08d994f99e6ec7524cd8b49cdf9cf1,6.188027,seaport,19288462,1708667595,0xc32869686b870ed041cdbc36aa7e560baad55e2028d842a773d294cc73332de8
Azuki,0xED5AF388653567Af2F388E6224dC7C4b3241C544,6368,0xd665834826f3fd6660d7884858f8b650082abe6d,0xd665834826f3fd6660d7884858f8b650082abe6d,6.00288,seaport,19282541,1708595938,0x84eedc294ddd707d59126ad9844291a68195a83fd8a8ebe5c4809dd73b2628fe
Azuki,0xED5AF388653567Af2F388E6224dC7C4b3241C544,6368,0x0097b9cfe64455eed479292671a1121f502bc954,0xd665834826f3fd6660d7884858f8b650082abe6d,6.31072,seaport,19282541,1708595938,0x84eedc294ddd707d59126ad9844291a68195a83fd8a8ebe5c4809dd73b2628fe
Azuki,0xED5AF388653567Af2F388E6224dC7C4b3241C544,2085,0xb199096b39d496cc2089d398ed709f4397259879,0xb199096b39d496cc2089d398ed709f4397259879,6.013898,seaport,19281114,1708578668,0x1406d9a3487556b11fae2517276884c9e26c8a3ec9c5cbd85e9a71f768fae1be
Azuki,0xED5AF388653567Af2F388E6224dC7C4b3241C544,2085,0x0097b9cfe64455eed479292671a1121f502bc954,0xb199096b39d496cc2089d398ed709f4397259879,6.322303,seaport,19281114,1708578668,0x1406d9a3487556b11fae2517276884c9e26c8a3ec9c5cbd85e9a71f768fae1be
Azuki,0xED5AF388653567Af2F388E6224dC7C4b3241C544,1003,0x5c8636f65e16e02ef6eb7c92668def68655d77f1,0x4f59ce7bb4777b536f09116b66c95a5d1ea8a8e6,6.399999,seaport,19280397,1708569991,0xe6b4a837d2e5240af3f50a506bfdef3d15dca3aee253b2c7628865238d4cd35a
Azuki,0xED5AF388653567Af2F388E6224dC7C4b3241C544,2851,0xe1ce874993c3874545d8183bbcf3c4812cacf2c1,0x11fafc6ab4ba838d7076665d2b583ca18738dc3d,15.0,x2y2,19274173,1708494666,0x31efa0d77b603840db15520fe52c135192fd688b22e31d0e046ef7e5d174b74e
Azuki,0xED5AF388653567Af2F388E6224dC7C4b3241C544,7514,0x4341f1bdd076760013ffc1aeff9fcf1c2c815fab,0x11fafc6ab4ba838d7076665d2b583ca18738dc3d,50.0,x2y2,19273683,1708488736,0x0d97c3622daf7da49cafcae27a2d25b69bc27f6916f6e953b1c3eb0ee9637edf
Azuki,0xED5AF388653567Af2F388E6224dC7C4b3241C544,1003,0xe1ac1a95afd1ea9eac65310904cd3cb388dcf960,0xe1ac1a95afd1ea9eac65310904cd3cb388dcf960,5.954813,seaport,19273646,1708488288,0xf1880f9272e5472012458a6963c288c0ce5cede114e025f6ea4743be6abe4df5
Azuki,0xED5AF388653567Af2F388E6224dC7C4b3241C544,1003,0x4f59ce7bb4777b536f09116b66c95a5d1ea8a8e6,0xe1ac1a95afd1ea9eac65310904cd3cb388dcf960,6.260187,seaport,19273646,1708488288,0xf1880f9272e5472012458a6963c288c0ce5cede114e025f6ea4743be6abe4df5
Azuki,0xED5AF388653567Af2F388E6224dC7C4b3241C544,3656,0xf0638096047ef0183d0f3232e82205b118e100dd,0x0097b9cfe64455eed479292671a1121f502bc954,7.249,seaport,19271240,1708459170,0xe735cd3817836231b68ff7f94ed144519db07ef7469323120601a285529ebed2
Azuki,0xED5AF388653567Af2F388E6224dC7C4b3241C544,8453,0xd57af88e1a10c15a7ced8cbda0f17324184a2024,0xb7ee226ebef03995335b40a57c76d772131531af,7.3,seaport,19265463,1708389255,0xe16796ea7ea17dfe54affa627cb45e48a00254510caf9a064a584dfc9656e40c
Azuki,0xED5AF388653567Af2F388E6224dC7C4b3241C544,1115,0xdea63aaa372e5879f83d44dd34cbe4fe5b24af01,0xdea63aaa372e5879f83d44dd34cbe4fe5b24af01,6.040612,seaport,19264998,1708383628,0x397be5bde0518b3c781feafc4a94ecbf60e99f00af7301d24fc435e7b93ccf8f
Azuki,0xED5AF388653567Af2F388E6224dC7C4b3241C544,1115,0x0097b9cfe64455eed479292671a1121f502bc954,0xdea63aaa372e5879f83d44dd34cbe4fe5b24af01,6.350388,seaport,19264998,1708383628,0x397be5bde0518b3c781feafc4a94ecbf60e99f00af7301d24fc435e7b93ccf8f
Azuki,0xED5AF388653567Af2F388E6224dC7C4b3241C544,6886,0x81ed580f108446eb80e4e9e7b7f19b5d9bf46c63,0x99b8226ec774c957ffe2747fdfbae8f22741e899,6.66,seaport,19256115,1708276123,0xc4d0f8b994f705267fe3f487d655d3aaef55af529076608753fb6d226605a17a
Azuki,0xED5AF388653567Af2F388E6224dC7C4b3241C544,4884,0xe2cb34ffcf3c7f52d226b0889bc4eaab16faae0f,0x0097b9cfe64455eed479292671a1121f502bc954,6.5,seaport,19254699,1708258986,0x2a3b93ed028af52e26c57ea16f7f01d72b046599bc8219fbb5a2d86404477b83
Azuki,0xED5AF388653567Af2F388E6224dC7C4b3241C544,4884,0x5abed1844d09dd6422d0a2446045ee230fb97506,0x5abed1844d09dd6422d0a2446045ee230fb97506,6.101452,seaport,19253884,1708249123,0x722b785800fb26f132ad3088664b57603fb2f2bc58dbeab7ca88d7374e89d818
Azuki,0xED5AF388653567Af2F388E6224dC7C4b3241C544,4884,0x0097b9cfe64455eed479292671a1121f502bc954,0x5abed1844d09dd6422d0a2446045ee230fb97506,6.414347,seaport,19253884,1708249123,0x722b785800fb26f132ad3088664b57603fb2f2bc58dbeab7ca88d7374e89d818
Azuki,0xED5AF388653567Af2F388E6224dC7C4b3241C544,1245,0x79f1bc5c5ee691206fc55c66402f938dd1e96421,0x79f1bc5c5ee691206fc55c66402f938dd1e96421,6.152153,seaport,19246408,1708158644,0xc535cfad00d1d38484b673aaeb44268461a61034ddb4c304ddbdefe1e4accdaa
Azuki,0xED5AF388653567Af2F388E6224dC7C4b3241C544,1245,0x1fee3385b22d69e93209db2042be58fcac57b59b,0x79f1bc5c5ee691206fc55c66402f938dd1e96421,6.467647,seaport,19246408,1708158644,0xc535cfad00d1d38484b673aaeb44268461a61034ddb4c304ddbdefe1e4accdaa
Azuki,0xED5AF388653567Af2F388E6224dC7C4b3241C544,4170,0xd9318e05ff1d1d03f1fe07888d6d315a313a772f,0x1e1936adba1d18be91694727086e40647decf375,9.0,x2y2,19236215,1708035044,0xaadb785aacd8c05672e6f16edd976688d4d5eef74e9887ccb36d8d31868c7135
Azuki,0xED5AF388653567Af2F388E6224dC7C4b3241C544,2879,0x356c3c9e0c38eeeea534ce241a5545f711545e86,0x1e1936adba1d18be91694727086e40647decf375,21.0,x2y2,19231646,1707979641,0x6f3eacab2b9ab4958283d1fff0c130447698bb11db777d3ff55b028126abc6d8
Azuki,0xED5AF388653567Af2F388E6224dC7C4b3241C544,6354,0x2ebfec305b0038ea83856dee864cb437aca5cd01,0x2ebfec305b0038ea83856dee864cb437aca5cd01,6.244875,seaport,19231535,1707978295,0x13196c461cb8f8e1e2f3cefc0f2b8aa095f3cc23b3c12a183b9c3b33a3dd466a
Azuki,0xED5AF388653567Af2F388E6224dC7C4b3241C544,6354,0x645998e8aa4817ed6c6fe244482d8842ace72c29,0x2ebfec305b0038ea83856dee864cb437aca5cd01,6.565125,seaport,19231535,1707978295,0x13196c461cb8f8e1e2f3cefc0f2b8aa095f3cc23b3c12a183b9c3b33a3dd466a
Azuki,0xED5AF388653567Af2F388E6224dC7C4b3241C544,3851,0x9de416ab881b322ee0b4c189c2de624090280cf2,0x52c946c93798e3a47a7888164dbc0375d081f720,9.35,x2y2,19230146,1707961452,0xaff39883b347fd3c1fab15e7b4c32983bde163b7e869d836c02d66fd7ac7515a
Azuki,0xED5AF388653567Af2F388E6224dC7C4b3241C544,4011,0x43e9c89f0e7a2f9642fb274b3920436029366fdd,0x9de416ab881b322ee0b4c189c2de624090280cf2,7.435995,seaport,19227360,1707927670,0x09fd84235416ec803a7056bf96ce5e126b9e86b3f599a1bdb76f2002860cf786
Azuki,0xED5AF388653567Af2F388E6224dC7C4b3241C544,1935,0x6d0d27930eb2a52a7528b9eaecbbd24a6894e73d,0x07f7ded89d22c4baba44346577cebcbb9d1db81d,0.03,seaport,19217745,1707811079,0xcb355c970f546f5a67739b835ced3672a30b99d9693d656d23c40946805f5ac8
Azuki,0xED5AF388653567Af2F388E6224dC7C4b3241C544,2486,0x04994e92f4c60ac609699f18be815cf316d05a95,0x9e4003955ac15d7d76a8e74717592adb564651c2,6.9,seaport,19208347,1707697120,0x84866d24c5821e30f45ea2ceffe901f9cea6d2d6c600c0fc6770df261892e27a
Azuki,0xED5AF388653567Af2F388E6224dC7C4b3241C544,1958,0x94e9d73a2aeec807d85756b84759965b41866450,0x23215af4b85621bfb87c54a061b81f951818a719,6.59,x2y2,19206999,1707680775,0x54bc7108d8e9ec3a6118d0c20fd2c892c8c4521a7c3d8a8be50c94c7257528de
Azuki,0xED5AF388653567Af2F388E6224dC7C4b3241C544,8418,0xd4950f1ba76e1ef19dfea078dcfb671fda2237bf,0xd4950f1ba76e1ef19dfea078dcfb671fda2237bf,9.559095,seaport,19193721,1707519767,0xf12f61cc99e9d37d1754b81d2c0b3f0c3256cbd9c3c79bef6d8a967e3c0c4af3
Azuki,0xED5AF388653567Af2F388E6224dC7C4b3241C544,8418,0xfa839088a97d68af483f67958e2f28ceaff2e480,0xd4950f1ba76e1ef19dfea078dcfb671fda2237bf,10.049305,seaport,19193721,1707519767,0xf12f61cc99e9d37d1754b81d2c0b3f0c3256cbd9c3c79bef6d8a967e3c0c4af3
Azuki,0xED5AF388653567Af2F388E6224dC7C4b3241C544,6866,0x30e926d4a4d3272171c5da4879d409174b360857,0x30e926d4a4d3272171c5da4879d409174b360857,6.3336,seaport,19191727,1707495588,0x41a4eb5eab0340e16796d2d7568aa98925dddeb50b59e0a01b903b63a5819908
Azuki,0xED5AF388653567Af2F388E6224dC7C4b3241C544,6866,0x0097b9cfe64455eed479292671a1121f502bc954,0x30e926d4a4d3272171c5da4879d409174b360857,6.6584,seaport,19191727,1707495588,0x41a4eb5eab0340e16796d2d7568aa98925dddeb50b59e0a01b903b63a5819908
Azuki,0xED5AF388653567Af2F388E6224dC7C4b3241C544,6980,0x03773c97c170a90c3d588a3357063630e1bd05e8,0x03773c97c170a90c3d588a3357063630e1bd05e8,6.334672,seaport,19187321,1707442162,0xdde9a9e133653e85b075ee7a5d537a2f8ba0dcd065190e94783a62fcf77a56df
Azuki,0xED5AF388653567Af2F388E6224dC7C4b3241C544,6980,0x4f59ce7bb4777b536f09116b66c95a5d1ea8a8e6,0x03773c97c170a90c3d588a3357063630e1bd05e8,6.659527,seaport,19187321,1707442162,0xdde9a9e133653e85b075ee7a5d537a2f8ba0dcd065190e94783a62fcf77a56df
Azuki,0xED5AF388653567Af2F388E6224dC7C4b3241C544,9090,0x3fb65feeab83bf60b0d1ffbc4217d2d97a35c8d4,0x071420414fa21f28683b8c84adeaf7ac2d620e7b,6.57,seaport,19186450,1707431600,0x883c0385abc2ed2f4e1f961f00751c0686d5d865af4b05a6a95a947d5f3d64a0
Azuki,0xED5AF388653567Af2F388E6224dC7C4b3241C544,4011,0x9de416ab881b322ee0b4c189c2de624090280cf2,0xd9318e05ff1d1d03f1fe07888d6d315a313a772f,0.6,seaport,19179783,1707350757,0x10bef3f2671b81638f985643740eaa8bbc6c227d2c4eb7e3eb4143ef1e349e7e
Azuki,0xED5AF388653567Af2F388E6224dC7C4b3241C544,7410,0xbeb882685d22edb8d57a6ccc8c275e00b967fcd1,0xbeb882685d22edb8d57a6ccc8c275e00b967fcd1,6.433928,seaport,19178121,1707330604,0xda454410d7a94c991f705a1f87ff8f9cf51ad0090d191403b2b6af61ed4f46cb
Azuki,0xED5AF388653567Af2F388E6224dC7C4b3241C544,7410,0x0097b9cfe64455eed479292671a1121f502bc954,0xbeb882685d22edb8d57a6ccc8c275e00b967fcd1,6.763873,seaport,19178121,1707330604,0xda454410d7a94c991f705a1f87ff8f9cf51ad0090d191403b2b6af61ed4f46cb
Azuki,0xED5AF388653567Af2F388E6224dC7C4b3241C544,2846,0x0000e53a54a68e047b73cffdea45f44368a60000,0x47b70d16c9118afbf0cde34d46d3604e4f779265,0.0,seaport,19176989,1707316877,0x21a49913d46b82b913e1bbc6191c4d2a180862dbba60f8ca78f5a0d9e0a45f3b
Azuki,0xED5AF388653567Af2F388E6224dC7C4b3241C544,2341,0x3bb6e7dd4340e80e5e3f1d94b7a19e7847583dfd,0x3bb6e7dd4340e80e5e3f1d94b7a19e7847583dfd,6.338963,seaport,19173883,1707279214,0x1fafb386569732d053a9008b01bfe6d2b77a983424cf81a1af3cb1625aaa7e6a
Azuki,0xED5AF388653567Af2F388E6224dC7C4b3241C544,2341,0x1fee3385b22d69e93209db2042be58fcac57b59b,0x3bb6e7dd4340e80e5e3f1d94b7a19e7847583dfd,6.664038,seaport,19173883,1707279214,0x1fafb386569732d053a9008b01bfe6d2b77a983424cf81a1af3cb1625aaa7e6a
Azuki,0xED5AF388653567Af2F388E6224dC7C4b3241C544,839,0x21b18ff92ddb88475dccf38429022e0b7ce3a142,0xca1ee6abeaa8d61c9d3e73c94d7bdb9fbc114138,0.0,seaport,19173672,1707276656,0x612700b82b3b5404dae49c65e8a14ecbb7b9eeebcbb96a9dc481ec326fb404cd
Azuki,0xED5AF388653567Af2F388E6224dC7C4b3241C544,8824,0x703229ec1005fba3108883b8a094ea206fc1e161,0x703229ec1005fba3108883b8a094ea206fc1e161,6.3375,seaport,19170941,1707243540,0xe6b86461bfb8d64d3f0420398dcf603a04efa615b1503e69e32bb166d3e4b661
Azuki,0xED5AF388653567Af2F388E6224dC7C4b3241C544,8824,0x0097b9cfe64455eed479292671a1121f502bc954,0x703229ec1005fba3108883b8a094ea206fc1e161,6.6625,seaport,19170941,1707243540,0xe6b86461bfb8d64d3f0420398dcf603a04efa615b1503e69e32bb166d3e4b661
Azuki,0xED5AF388653567Af2F388E6224dC7C4b3241C544,3790,0x0000e53a54a68e047b73cffdea45f44368a60000,0x183120585aaefd430ed6e481f175efbf7d7a37cd,0.0,seaport,19170548,1707238774,0x50fca905c5f0468b1aeb93261d7c5b0b0258ad7bdc2105f8e6a7410ec94c02c6
Azuki,0xED5AF388653567Af2F388E6224dC7C4b3241C544,7064,0xc45860c5d076e8bbc854c0873151c75202e958a9,0xc45860c5d076e8bbc854c0873151c75202e958a9,6.457912,seaport,19168350,1707212122,0xee5c3d7af743a52aeb42eed062da44b52291e1e785565d3a4fa8508e8c103b16
Azuki,0xED5AF388653567Af2F388E6224dC7C4b3241C544,7064,0x0097b9cfe64455eed479292671a1121f502bc954,0xc45860c5d076e8bbc854c0873151c75202e958a9,6.789087,seaport,19168350,1707212122,0xee5c3d7af743a52aeb42eed062da44b52291e1e785565d3a4fa8508e8c103b16
Azuki,0xED5AF388653567Af2F388E6224dC7C4b3241C544,3790,0x183120585aaefd430ed6e481f175efbf7d7a37cd,0x0097b9cfe64455eed479292671a1121f502bc954,6.78879,seaport,19162942,1707146545,0x9f1c2c2f9001bdccc0392bd5f72de0ba94ddf4c5ffcf2b0430abfafa4226ff5d
Azuki,0xED5AF388653567Af2F388E6224dC7C4b3241C544,6430,0xa099ec99966fa615c29b1ec56ce403fe655bca40,0x248230127f082f54952ca5b46553bd86fa185f14,8.25,x2y2,19162749,1707144205,0x9467dd147a318ed4111d6000381a2bc0c29da0f72dc9f14659339f92d3b3a1dd
Azuki,0xED5AF388653567Af2F388E6224dC7C4b3241C544,2646,0x4b5910405f5c4d8d15f395e796361da82f2e8eb5,0x166022d3960bd3bf2c39416601052e3a5ad42b94,0.5,seaport,19162588,1707142252,0x436091acdf034b0f3893fe0fa1f83748ff2aa4a499abe36beaa6ef4acf1fcee3
Azuki,0xED5AF388653567Af2F388E6224dC7C4b3241C544,9143,0xb7ef760f30d139097ba547bd6f0dfaecbf148452,0x90e926065b3c811f48ae3bf6ed042c73af4dab05,95.0,x2y2,19153974,1707037800,0x656a5b57d512bc3ee1ea4806f18e6dd9f768c47356f904047f8a12a273ce5832
Azuki,0xED5AF388653567Af2F388E6224dC7C4b3241C544,8670,0xb7ef760f30d139097ba547bd6f0dfaecbf148452,0x90e926065b3c811f48ae3bf6ed042c73af4dab05,7.0,x2y2,19152843,1707024086,0x1d7eec570a3ab564a7ed6cb7a313cf1add5cb28b40699e67a2cd13607c8f0715
Azuki,0xED5AF388653567Af2F388E6224dC7C4b3241C544,608,0xc35f3f92a9f27a157b309a9656cfea30e5c9cce3,0x6497a43285fab5a257a71c17a9293dcb6a741acd,16.7,seaport,19151675,1707009923,0x5b87a500354660b07be2a336b85399e2b19fef95ecd1ce484c05102d118cdadc
Azuki,0xED5AF388653567Af2F388E6224dC7C4b3241C544,4709,0x074c55a0ce5e32e521f6e71d9bddfe1df8a472d6,0x074c55a0ce5e32e521f6e71d9bddfe1df8a472d6,6.316245,seaport,19147077,1706954168,0xb6affda4cffa9c18065fa6c24bc46e805023db3375cc17de89c74a37bf10d5ee
Azuki,0xED5AF388653567Af2F388E6224dC7C4b3241C544,4709,0x0097b9cfe64455eed479292671a1121f502bc954,0x074c55a0ce5e32e521f6e71d9bddfe1df8a472d6,6.640155,seaport,19147077,1706954168,0xb6affda4cffa9c18065fa6c24bc46e805023db3375cc17de89c74a37bf10d5ee
Azuki,0xED5AF388653567Af2F388E6224dC7C4b3241C544,6651,0xe6da1d19fdcec179ba9755f2c6139f8ffecbfeb0,0xd9318e05ff1d1d03f1fe07888d6d315a313a772f,3.3,seaport,19147069,1706954071,0xe32b5e99f66dffb53de271b606c4b03b8399ce5aec41a4a7641e5cdcf7c03fd0
Azuki,0xED5AF388653567Af2F388E6224dC7C4b3241C544,3223,0xe6da1d19fdcec179ba9755f2c6139f8ffecbfeb0,0x7d26ed3c3563292fb39cdeeca26ef1d3cf2d6b18,9.6,x2y2,19146660,1706949111,0x464fa4a80e8082daf177ccfcaf7986c42d870ef6e7fbfbcda0271597fec49bab
Azuki,0xED5AF388653567Af2F388E6224dC7C4b3241C544,8204,0xd9318e05ff1d1d03f1fe07888d6d315a313a772f,0x9de416ab881b322ee0b4c189c2de624090280cf2,6.6,x2y2,19144130,1706918433,0x9b140bb4b192b9ad7d6bbd54bc853c58a4574a8aabf0b6ce4a49d0fb7b24e2e9
Azuki,0xED5AF388653567Af2F388E6224dC7C4b3241C544,9391,0x6d0d27930eb2a52a7528b9eaecbbd24a6894e73d,0xd9318e05ff1d1d03f1fe07888d6d315a313a772f,0.15,seaport,19143296,1706908320,0x15aaf4fba9bf543cbc6782e250d368ce81f6b0c075181a58ca70fb6a59c78ec9
Azuki,0xED5AF388653567Af2F388E6224dC7C4b3241C544,2092,0x5f4934fc98eae6061a01868a4700c53c1ffb7d2e,0x5f4934fc98eae6061a01868a4700c53c1ffb7d2e,6.23844,seaport,19142194,1706894957,0x14559a7d110c530bc14062670bb9ed2e72283d9865df42995e656978fa238baf
Azuki,0xED5AF388653567Af2F388E6224dC7C4b3241C544,2092,0x0097b9cfe64455eed479292671a1121f502bc954,0x5f4934fc98eae6061a01868a4700c53c1ffb7d2e,6.55836,seaport,19142194,1706894957,0x14559a7d110c530bc14062670bb9ed2e72283d9865df42995e656978fa238baf
Azuki,0xED5AF388653567Af2F388E6224dC7C4b3241C544,7636,0xbe540ff17e5008c9698dc1ffc2abdfbbd47a57ba,0x6d0d27930eb2a52a7528b9eaecbbd24a6894e73d,7.0,x2y2,19142046,1706893162,0x944b64fe2f33b0e6871b424c7224390c692dc45b4a2ee01bb959100512d586f0
Azuki,0xED5AF388653567Af2F388E6224dC7C4b3241C544,7312,0xd7ff381f0f9ffde0282f934ff78229a7f2269945,0x5a1c3e75838e13b3bfa33d5c63cb3c05bd0dfa27,6.75,seaport,19135378,1706812307,0x25d6780af37147abaf05c192ce026e5407a91208b300c71199b0a1d526292a29
Azuki,0xED5AF388653567Af2F388E6224dC7C4b3241C544,6726,0x0097b9cfe64455eed479292671a1121f502bc954,0x91f6c4d8d5438bc0b76e6b8afa9a75ba64559483,6.994165,seaport,19135334,1706811774,0x9eefd84a6f795ade107545052bcfd6d09273158ac7f6cc1d8773bbac45e6739f
Azuki,0xED5AF388653567Af2F388E6224dC7C4b3241C544,7064,0xc45860c5d076e8bbc854c0873151c75202e958a9,0xc166b70407f03422bdd700da9380c11ff22a7e38,6.89,seaport,19133298,1706787085,0x71835fb021124975309c7d5a65d79039e1bc5ac5cf7f6e100c03a979240775b7
Azuki,0xED5AF388653567Af2F388E6224dC7C4b3241C544,3330,0xc5dea3ee26f62d516f11fafd7de2de38c71c0beb,0xc5dea3ee26f62d516f11fafd7de2de38c71c0beb,6.291577,seaport,19130206,1706749592,0x788dc19f11a7026040e45bb4e3584f2fd0fecd8b097b6c9b6b509743cf2cda8e
Azuki,0xED5AF388653567Af2F388E6224dC7C4b3241C544,3330,0x1fee3385b22d69e93209db2042be58fcac57b59b,0xc5dea3ee26f62d516f11fafd7de2de38c71c0beb,6.614222,seaport,19130206,1706749592,0x788dc19f11a7026040e45bb4e3584f2fd0fecd8b097b6c9b6b509743cf2cda8e
Azuki,0xED5AF388653567Af2F388E6224dC7C4b3241C544,3790,0x0199c7394c1cb6abb6b2932c038e49496cbcdff7,0x0199c7394c1cb6abb6b2932c038e49496cbcdff7,6.28758,seaport,19129900,1706745881,0x964e3757065cdfd0fb43348fa55acc4e2413bd00e56cf8e13ac61d2ac1c72758
Azuki,0xED5AF388653567Af2F388E6224dC7C4b3241C544,3790,0x0097b9cfe64455eed479292671a1121f502bc954,0x0199c7394c1cb6abb6b2932c038e49496cbcdff7,6.61002,seaport,19129900,1706745881,0x964e3757065cdfd0fb43348fa55acc4e2413bd00e56cf8e13ac61d2ac1c72758
Azuki,0xED5AF388653567Af2F388E6224dC7C4b3241C544,842,0x5a1c3e75838e13b3bfa33d5c63cb3c05bd0dfa27,0xd9318e05ff1d1d03f1fe07888d6d315a313a772f,0.0,seaport,19128106,1706724128,0x9f47dd68af1f5c62501ba814373f69dccf59e5ba080585b23715c1676dbf62af
Azuki,0xED5AF388653567Af2F388E6224dC7C4b3241C544,9208,0xe6da1d19fdcec179ba9755f2c6139f8ffecbfeb0,0x3d3016d35996b750a38b80c90719bc248ca74d46,9.9,x2y2,19127704,1706719253,0x7a47f02fd8fce146a9291d12499bc31d4c04b50cc089b1069495951064931980
Azuki,0xED5AF388653567Af2F388E6224dC7C4b3241C544,3344,0x313d1c234002c370b322aac9f95493926f83ffed,0x166022d3960bd3bf2c39416601052e3a5ad42b94,0.22,seaport,19124915,1706685434,0x19fbf42e41defbeedfc254508ad54ff37e47972c6ba13ce7fc77d97831b84b1b
Azuki,0xED5AF388653567Af2F388E6224dC7C4b3241C544,3330,0x990a68d64f40671176ba139deaca947d55717b02,0xf8c701ab492a639810c52d395ed814e1af04b7cc,7.2,seaport,19123625,1706669792,0xe47031df87cc4982bde3e063dc93b80d84b0071cc42ee48d88b2db0f2f55877d
Azuki,0xED5AF388653567Af2F388E6224dC7C4b3241C544,4225,0xca69da5ac328fbb0af4e7ecf9c88756d4550a6e9,0xd9318e05ff1d1d03f1fe07888d6d315a313a772f,7.1,x2y2,19121387,1706642654,0xa3a401207c52c26716da964e1ad087c04b7a7b98364eccd9534cf0ed2eeaa9a2
Azuki,0xED5AF388653567Af2F388E6224dC7C4b3241C544,4091,0x521d19fc654e6746a04beed3a4b57994224672a4,0xc5c362f9ae6a5a152cbeec146957c517d6d1ece6,0.0,seaport,19119872,1706624295,0x9e5a0693aa283e7242c0d3380429818635b1ee1c6573f8af1cc4fbf511074341
Azuki,0xED5AF388653567Af2F388E6224dC7C4b3241C544,9217,0x995db04afea09f1051b46678ffd886cc3f00b2d6,0x743dbd073d951bc1e7ee276eb79a285595993d63,6.921632,seaport,19119455,1706619248,0x1a035250b29fc13cfd6e3c1a3a0928de17bf1f66a6f5af5a67afb97f2aed40a3
Azuki,0xED5AF388653567Af2F388E6224dC7C4b3241C544,5139,0x521d19fc654e6746a04beed3a4b57994224672a4,0xfcd3a5fb3df4404094d111ea6d579264cc08d4df,0.69,seaport,19117569,1706596420,0x2a6398273c139cc324bd0fed2b3d375f9d2ebae532a03e7e2e1455392125260e
Azuki,0xED5AF388653567Af2F388E6224dC7C4b3241C544,4225,0xc0e95ebd15252490cad48129f35ffb9e9919bd0e,0x2179c7d0d7f020dbffc71c44c3b867a1d5283b51,7.3,seaport,19096544,1706341934,0xabc5cbaa5545a91ccbcd127fe1399a37321bab80a1ea138d56653fd0830ea401
Azuki,0xED5AF388653567Af2F388E6224dC7C4b3241C544,724,0xa099ec99966fa615c29b1ec56ce403fe655bca40,0xf5f5a4fd2bd676b1a4aee72205269946f1991c95,16.065,x2y2,19090507,1706268863,0xec760927026cba345d66e1719a4995f894c79e6ccc60930210e04a9712de11e1
Azuki,0xED5AF388653567Af2F388E6224dC7C4b3241C544,2714,0x521d19fc654e6746a04beed3a4b57994224672a4,0x57c24d4de21ea9eb61e86758d57d5afaa8e0c685,0.5,seaport,19088560,1706245296,0xbcbc33700ffe9f8e611ebabab2cc5424faa49ba7a75d8b124df18c68a4680ebe
Azuki,0xED5AF388653567Af2F388E6224dC7C4b3241C544,3344,0xa7e9b18313ea02d41a95031445812e9c722d4c3a,0xd9318e05ff1d1d03f1fe07888d6d315a313a772f,7.4,x2y2,19088321,1706242404,0x900b7ba6b8ec6fc7a82c21d572a1adbff8b08b1346276b5329a530b7ed3290e5
Azuki,0xED5AF388653567Af2F388E6224dC7C4b3241C544,9671,0xc1f5f5ba110a908abf3f27f2210c2e9a78f5bcf7,0xc1f5f5ba110a908abf3f27f2210c2e9a78f5bcf7,6.989775,seaport,19088169,1706240564,0xb6241f5f69eda7bf39e6393c633bdaca8d0174528dc6919d96d3ed83409a47e9
Azuki,0xED5AF388653567Af2F388E6224dC7C4b3241C544,9671,0x1fee3385b22d69e93209db2042be58fcac57b59b,0xc1f5f5ba110a908abf3f27f2210c2e9a78f5bcf7,7.348225,seaport,19088169,1706240564,0xb6241f5f69eda7bf39e6393c633bdaca8d0174528dc6919d96d3ed83409a47e9
Azuki,0xED5AF388653567Af2F388E6224dC7C4b3241C544,2509,0x9de416ab881b322ee0b4c189c2de624090280cf2,0x5a1c3e75838e13b3bfa33d5c63cb3c05bd0dfa27,8.3,x2y2,19086833,1706224393,0x90c9e0ee1f29e57712949c3ec097ddf9ffbe50d8babfd8608acfc061c4718105
Azuki,0xED5AF388653567Af2F388E6224dC7C4b3241C544,8409,0xaa21505a90f5a5d1e40c39bd719f1b3bef843cbc,0x0097b9cfe64455eed479292671a1121f502bc954,7.4998,seaport,19083854,1706188335,0xa4234233f14596f26f383d96e5ee850612f7999ac258c2ff90df01ee85d473fa
Azuki,0xED5AF388653567Af2F388E6224dC7C4b3241C544,1725,0x0f26f0b788412aeea7449defb79b8b3f0152710d,0x52ca1cb9fc6fbd1cfe5630e74de8738b517a367a,25.75,seaport,19083332,1706182017,0x7cd34505c419e44a49b660ab9c97f977e60f671537b160b3efe96cf70a7a0642
Azuki,0xED5AF388653567Af2F388E6224dC7C4b3241C544,1725,0x52ca1cb9fc6fbd1cfe5630e74de8738b517a367a,0x9de416ab881b322ee0b4c189c2de624090280cf2,19.99,seaport,19083332,1706182017,0x7cd34505c419e44a49b660ab9c97f977e60f671537b160b3efe96cf70a7a0642
Azuki,0xED5AF388653567Af2F388E6224dC7C4b3241C544,1723,0x5a1c3e75838e13b3bfa33d5c63cb3c05bd0dfa27,0xfcd3a5fb3df4404094d111ea6d579264cc08d4df,0.0,seaport,19081524,1706160133,0xc1f3722ab2db06e66e66a2a2474a126e14f7f9664a66fe2847fd25224211d6d9
Azuki,0xED5AF388653567Af2F388E6224dC7C4b3241C544,9037,0x21f8ff01dcb248bb26eb0bc5a0fb25c7e586c807,0xac32967007909f5b312557e4909cb73a3dea3d8d,12.16,x2y2,19079040,1706130067,0x94423a9a626f4700b976d0f9929c0c74c285eae9c727303c7d29ec79cf380add
Azuki,0xED5AF388653567Af2F388E6224dC7C4b3241C544,2992,0x1e12a0799003dcb2f001f9996fbfb0fd2d739393,0xe1ce874993c3874545d8183bbcf3c4812cacf2c1,2.0,seaport,19076083,1706094276,0x88892c76e29bf55a6899992c769ccc91432eb5e189151945819f3f02ccc8e468
Azuki,0xED5AF388653567Af2F388E6224dC7C4b3241C544,1843,0x7e58d735b4e7fac5b6105ddd998f51208157d2ad,0x418fb9444bfe7e7ce2baf04aac0568972e32b439,7.6,x2y2,19068049,1705997033,0x9c458d9953d9d7d09ca401eda2095e90a7a72fe3fcc7cdfab245c3da116869fd
Azuki,0xED5AF388653567Af2F388E6224dC7C4b3241C544,3859,0xf5ed0384f72a2871a105f219bc47e37b97f075ee,0x743dbd073d951bc1e7ee276eb79a285595993d63,7.264923,seaport,19065311,1705963892,0x969029856a4f9e6a12385720b4fe997074418781466b594af96de112525bec3d
Azuki,0xED5AF388653567Af2F388E6224dC7C4b3241C544,7661,0xab31025edc52e4f918cc16cd0515aad558fafc32,0xab31025edc52e4f918cc16cd0515aad558fafc32,7.3125,seaport,19063923,1705947092,0xfbd5cda30f4169c185f03c10e831b644eb5e70fbf911cc73d2c9ddb3767dbfc1
Azuki,0xED5AF388653567Af2F388E6224dC7C4b3241C544,7661,0x6b29e9889982bc2d2b052085bdb878c467f7527b,0xab31025edc52e4f918cc16cd0515aad558fafc32,7.6875,seaport,19063923,1705947092,0xfbd5cda30f4169c185f03c10e831b644eb5e70fbf911cc73d2c9ddb3767dbfc1
Azuki,0xED5AF388653567Af2F388E6224dC7C4b3241C544,7020,0x6d0d27930eb2a52a7528b9eaecbbd24a6894e73d,0x9675b0ed61d85ad9c0f16ae071b7002c5747caca,7.7,x2y2,19063598,1705943158,0xb49099f84c5876a83a1f3adca328d1b00d616c5cbb972a8a7d5d286e5be3c878
Azuki,0xED5AF388653567Af2F388E6224dC7C4b3241C544,1723,0xfcd3a5fb3df4404094d111ea6d579264cc08d4df,0x166022d3960bd3bf2c39416601052e3a5ad42b94,0.5,seaport,19060628,1705907209,0xe6dd12c7a305a01836629be68ee7446c735a0850c7965accf0b9fec1833cac91
Azuki,0xED5AF388653567Af2F388E6224dC7C4b3241C544,9960,0xc821d3d24c27c713a9e2758086bd29b23f7381e2,0xb29f8ddd1ade87ee93e7cc7497d4e65db46b8a20,7.2,seaport,19060528,1705905999,0x9e71ab138cb4ca6fa020256ee6534f972c68b6bc1fbec3ba83b061aade3ec525
Azuki,0xED5AF388653567Af2F388E6224dC7C4b3241C544,5741,0x2525f1a08a2d5f037dda969f2fa1b56e4b4b47f3,0x6e72b76142940f5bc471398f8fa35755e154325b,7.06,seaport,19058015,1705875582,0xc33dafea33fbd2f436ddfc69672be15aaec44254d14095f09fd18a14e0a9b8e7
Azuki,0xED5AF388653567Af2F388E6224dC7C4b3241C544,259,0x32c9dd9feca3d3279125e0d431b2fc199a859a18,0x46b2bd5c888e6d57a839c559fd6076f2c15a8cb1,7.85,x2y2,19056599,1705858443,0xb203a9029d085676c278d37b84c3a39ea92afce5d1c06fc1d12682486a207bb3
Azuki,0xED5AF388653567Af2F388E6224dC7C4b3241C544,1169,0xcc1c42c3a917a1f48b3d022104e7538abd0f081d,0xac32967007909f5b312557e4909cb73a3dea3d8d,7.21,x2y2,19055734,1705847973,0xfd4e203504f88706bc3d54ef573981eb59e765fa8ef1346d7b0fc541a11b2892
Azuki,0xED5AF388653567Af2F388E6224dC7C4b3241C544,4818,0x24278f2643e90b56a519aef6e612d91dca5257d1,0x57b0ca62a7f8fb8ef3edf8500eca1b963bae171a,16.75,seaport,19055626,1705846665,0xe294cbdccf9cc0c8604854a678c39591dbc0a96e260c52210e31d2df92fb7a55
Azuki,0xED5AF388653567Af2F388E6224dC7C4b3241C544,376,0x4b4df3b4c0a893c7beefe72e1b8dae7654ae6f47,0x8bb1ac0a962492b8de72d14c011425ae7b212c97,7.799,seaport,19055172,1705841170,0x9ee519157e28d1baa18aaa92c8837444cad103d267f182a2bbc153858b89da91
Azuki,0xED5AF388653567Af2F388E6224dC7C4b3241C544,4922,0x94e9d73a2aeec807d85756b84759965b41866450,0x2b19776471ba7f45617bf459a909c3b6e44050b8,8.8,seaport,19048169,1705756406,0x8194fdcfb5dd94b780dcdc0dd5d39c20ae69c2be47e23af5af887162a9d34ef2
Azuki,0xED5AF388653567Af2F388E6224dC7C4b3241C544,4515,0xac7facb702d146778601ff8eb847ca42900ef6f5,0xac7facb702d146778601ff8eb847ca42900ef6f5,6.911385,seaport,19046878,1705740780,0x1b6bd9928c9d9dae3e0f23cbe1c4f42f10f9bfccbf8f8414a34c1d1f44bbe2d6
Azuki,0xED5AF388653567Af2F388E6224dC7C4b3241C544,4515,0x0097b9cfe64455eed479292671a1121f502bc954,0xac7facb702d146778601ff8eb847ca42900ef6f5,7.265815,seaport,19046878,1705740780,0x1b6bd9928c9d9dae3e0f23cbe1c4f42f10f9bfccbf8f8414a34c1d1f44bbe2d6
Azuki,0xED5AF388653567Af2F388E6224dC7C4b3241C544,2992,0xe1ce874993c3874545d8183bbcf3c4812cacf2c1,0x9f44c4a82d6c8f95e226dcbdead4d61dddc6fe73,9.5,x2y2,19044109,1705707264,0x30c3cd84776f02ebd6762c6d6a0da03ff199112eec84018a8fc7db4035df7eb8
Azuki,0xED5AF388653567Af2F388E6224dC7C4b3241C544,3767,0x1c4fcad3ea18a245ea747037f3524f08a68fd9b4,0x1c4fcad3ea18a245ea747037f3524f08a68fd9b4,6.702052,seaport,19043961,1705705473,0xa45676c5fb4d472cbe2a183e86874c05d4aef0f3835250483577f3d62bd54b81
Azuki,0xED5AF388653567Af2F388E6224dC7C4b3241C544,3767,0x645998e8aa4817ed6c6fe244482d8842ace72c29,0x1c4fcad3ea18a245ea747037f3524f08a68fd9b4,7.045748,seaport,19043961,1705705473,0xa45676c5fb4d472cbe2a183e86874c05d4aef0f3835250483577f3d62bd54b81
Azuki,0xED5AF388653567Af2F388E6224dC7C4b3241C544,5754,0x0cc5428702c220cc4a68dfb6c83c6930f7270e4a,0xac32967007909f5b312557e4909cb73a3dea3d8d,7.1,x2y2,19043058,1705694543,0x8a2e16a6fcf4b14e9e3b73477dd5c75b9d6bcb71b8b6cfc73bd7999dae08c5b2
Azuki,0xED5AF388653567Af2F388E6224dC7C4b3241C544,3999,0x9de416ab881b322ee0b4c189c2de624090280cf2,0x5a1c3e75838e13b3bfa33d5c63cb3c05bd0dfa27,7.27,x2y2,19040863,1705667975,0xf24a21b83d13b7b83197f345b41c176bd010a89cf0298f00e48183fe7fe5656b
Azuki,0xED5AF388653567Af2F388E6224dC7C4b3241C544,8579,0x5a1c3e75838e13b3bfa33d5c63cb3c05bd0dfa27,0x107bd7ed9cba47a996076ec1020bc086ee8852dc,0.25,seaport,19038351,1705637570,0xf14161f55ced00ae09914c0722413d4d9433142efc73571540a4e1dbc988afd3
Azuki,0xED5AF388653567Af2F388E6224dC7C4b3241C544,1175,0xb996e1eff7d300280ce3811094b36aa14d07356f,0x0f581f00f6a318873e77715ef8953df226427ae7,7.15,seaport,19037231,1705624014,0xc8298b01d486efcde4ad25730a8cfc6820b751a292c7f13512c0cc7035bbf5ea
Azuki,0xED5AF388653567Af2F388E6224dC7C4b3241C544,759,0xcfb036d68d0de2d7a44c56ca51ca0519257ac52a,0xa50cfc05d7a2c678c4eda391df4af3ae5fa99136,7.99,seaport,19037110,1705622549,0xae34ce2ebea1a0802f71f5358ddc89a474c7ac777885a7cab45665e1cb006f98
Azuki,0xED5AF388653567Af2F388E6224dC7C4b3241C544,7595,0x17b0a6707c92abcce081a07734a7bec447a8d317,0x2610a963da9a05c4e08426589bf78c8c01b9343e,7.85,seaport,19033070,1705573649,0x27d670df3883027f6c38a6806ad7c68a4f36d17ca580c2dac0fccc51e1017536
Azuki,0xED5AF388653567Af2F388E6224dC7C4b3241C544,2184,0x6d596fdfd3381ebb5ecd526ebcaec8cc2ba019ff,0x32c9dd9feca3d3279125e0d431b2fc199a859a18,7.689,seaport,19032193,1705563034,0xb6a735c63d53cad4945b6b4f3374a75a71579f3e23d540224eefdb3e1c47e5ac
Azuki,0xED5AF388653567Af2F388E6224dC7C4b3241C544,507,0xde9b4206b1499e56e4417f8edb7be4586fed30ba,0xd918252c46bf5d399ce827151b422810388c79ec,8.888,seaport,19030512,1705542687,0x37d865710895420545a3c284437b4978efd4b23f297bb049bf5da86ac8a17c2b
Azuki,0xED5AF388653567Af2F388E6224dC7C4b3241C544,9614,0x7c90c6cacb389f149297fffee6255cba093bc4c2,0xeef775dec9fb448b68545ccc3a3c939fa36b1b4d,7.1,x2y2,19027009,1705500287,0xc98935ca0f348fb4e5279f7920447daabf6ab9de5b0735c119790869d19dde66
Azuki,0xED5AF388653567Af2F388E6224dC7C4b3241C544,7445,0xde8c5018331de791c0622515d9bd3ecced2bd192,0xe685d523b6d1c827d830b68c5343558d39903c07,7.99,seaport,19023831,1705461821,0xbcf328c3cb85c7d810a0e0a12288ccab1a36b229b79d811431b80f8441611f1e
Azuki,0xED5AF388653567Af2F388E6224dC7C4b3241C544,842,0xd9318e05ff1d1d03f1fe07888d6d315a313a772f,0x6d0d27930eb2a52a7528b9eaecbbd24a6894e73d,7.75,x2y2,19022922,1705450818,0xf106ffe47dc5621a75ae2d708fae41fe26137b8f8c51fafe93e6b778a79c4ee9
Azuki,0xED5AF388653567Af2F388E6224dC7C4b3241C544,1395,0xf0a6b38b6fb9b676a9c4188100ecb07d297fe8f4,0x5a1c3e75838e13b3bfa33d5c63cb3c05bd0dfa27,0.0,seaport,19021770,1705436875,0x4a4b0534411735304437faedd400337d7052750126112db9a2cf04960c382cc8
Azuki,0xED5AF388653567Af2F388E6224dC7C4b3241C544,6150,0x94f055731e8588cf434de1591dc922490a86cd4e,0x5a1c3e75838e13b3bfa33d5c63cb3c05bd0dfa27,0.1,seaport,19020442,1705420801,0xc9330170486f1dfdfaf5d80da8284b75bc3c1638d9e6834666c9f06f6510769c
Azuki,0xED5AF388653567Af2F388E6224dC7C4b3241C544,9282,0x5c2da6affcabc059b950d30006e8c3fb5df1b755,0x5a1c3e75838e13b3bfa33d5c63cb3c05bd0dfa27,6.9,x2y2,19019267,1705406578,0x70920f35de8d59ac3d89f26945f5cfaa4e2d5ed7592ff097b84ec5699c59efd4
Azuki,0xED5AF388653567Af2F388E6224dC7C4b3241C544,1395,0x94f055731e8588cf434de1591dc922490a86cd4e,0xf853184415ac2312844e77cc7babda372e8f56af,4.5,seaport,19017220,1705381802,0xd5cf095120c967620fe8217507b68246bcf96c3bc77c93569be7fcae6dcdd9ee
Azuki,0xED5AF388653567Af2F388E6224dC7C4b3241C544,9840,0xf52b6a3cca0f68ceee778547f6c4a43d423defed,0xfa2b6215530aae393315443e1934c82bf103aca0,7.0,seaport,19015687,1705363246,0x447913d2b850505f99e26d425ebafbba5207b692f4b7bffa64e11a87e1a58677
Azuki,0xED5AF388653567Af2F388E6224dC7C4b3241C544,5073,0x9fb23a9d484ee7ab3e5ec864da290e72b79716fe,0x9de416ab881b322ee0b4c189c2de624090280cf2,7.77,x2y2,19012876,1705329222,0x16ed88d38d798334436c7409d58e8fce0c5fe41ef4f178c5b14ba0c92319302f
Azuki,0xED5AF388653567Af2F388E6224dC7C4b3241C544,5507,0xb8b5aa80788b914a404b9416911f63820f3ba0f1,0x2d8de1f9c47f0cde92bbb15dc1dfd8dcb8d5d8b5,6.497,seaport,19011759,1705315702,0x002e0f527b633fe42a9dce5c92c7fa164a8a72fe1b1266bed4649526ae0674da
Azuki,0xED5AF388653567Af2F388E6224dC7C4b3241C544,5889,0x8108b3d5c3449c1f40dc63be5d6bacb753bfb01b,0xb7ef760f30d139097ba547bd6f0dfaecbf148452,0.0,seaport,19010657,1705302364,0x128d425c30547c73a68194514db65d702e9cad8e41b86d4db5ad7278b5ca5e0d
Azuki,0xED5AF388653567Af2F388E6224dC7C4b3241C544,1163,0x022885692db44c78c4af5088a37ce811937b1934,0xcb415344cd0fc552ce7b48ee9375991ff5865895,6.97,seaport,19010560,1705301189,0xd78bfeddcaddec5aeca9d07ceec6d6252242e50c1de782aff881896475d342ca
Azuki,0xED5AF388653567Af2F388E6224dC7C4b3241C544,7795,0x92add03e9d08d994f99e6ec7524cd8b49cdf9cf1,0x94e9d73a2aeec807d85756b84759965b41866450,7.45,seaport,19009649,1705290163,0x8434ebd0f4df11003ccfbd134b0e7f2d7c34e66684c3bcd3a5735118cee26e48
Azuki,0xED5AF388653567Af2F388E6224dC7C4b3241C544,308,0x3ef63a41dc067492051ec24be4da8281f7dbb18f,0x179730c6106b450c29e6b22f504be3261207de56,90.0,x2y2,19008738,1705279136,0xddafb059a5f605856ae0236bca580162bd8f4d8c4c1a5ce024c1584ae1517229
Azuki,0xED5AF388653567Af2F388E6224dC7C4b3241C544,5889,0xb7ef760f30d139097ba547bd6f0dfaecbf148452,0x3ef63a41dc067492051ec24be4da8281f7dbb18f,95.0,x2y2,19008699,1705278664,0x48255c98681c186290bfa60fdffe24cda3cd0be4b0557bca353e494981703c2b
Azuki,0xED5AF388653567Af2F388E6224dC7C4b3241C544,4228,0x0fcbfc0a67985ee0803def22343ec4aeed02760e,0x8f6aab77abe29be36bf6691317d9e1e59cd65797,0.0,seaport,19008649,1705278059,0x35b8603347f18773b4dbadaadb35e272a97fabdf18cd1bbaccee8db68695b662
Azuki,0xED5AF388653567Af2F388E6224dC7C4b3241C544,6209,0xe7877116717a205b8ed6a61efef262fa6d325ae8,0x86ed56ff2e7aef671f9e23db5ccccc9f5a8dfe78,0.0,seaport,19007883,1705268787,0x1d7284f107858b5e1c3d57d6ff77b1291a3947fb1a2d3bfd08c481e988ee8e9d
Azuki,0xED5AF388653567Af2F388E6224dC7C4b3241C544,772,0xf58da7fede6805c51986bc145dcdf9c81e24241f,0xf853184415ac2312844e77cc7babda372e8f56af,12.0,x2y2,19005973,1705245669,0x2edcda1a5306cf1d0d69c8db7e4ff7e704d09e203f7d50ef5335296fa9992ff2
Azuki,0xED5AF388653567Af2F388E6224dC7C4b3241C544,9028,0x4ba6c0c6219616b5922ad978eec789029d92bbd1,0xf98ff587feb37db9e6934ddaf1ab377240430753,6.99,seaport,19003386,1705214356,0xb53d622685d96cec813f5fdfb37e17720ec7b233bf671119b23620ac5ab0b663
Azuki,0xED5AF388653567Af2F388E6224dC7C4b3241C544,9835,0xa6138336375a58c189087b5dc4e2ece763daa90a,0x94e9d73a2aeec807d85756b84759965b41866450,7.24995,seaport,19003112,1705211039,0x0c861d385060c4e91ea1d62f32ae75647daf26e84a6a17946740de4bf67b66dd
Azuki,0xED5AF388653567Af2F388E6224dC7C4b3241C544,9386,0x48323d4600f634f5e9ac274070b7ec4b107c3711,0x0fcbfc0a67985ee0803def22343ec4aeed02760e,0.0,seaport,19002704,1705206101,0xb7ad6dcc99bbe9302aaa5b61fd847d908d8029dac8458c5a68958c774378c787
Azuki,0xED5AF388653567Af2F388E6224dC7C4b3241C544,2997,0x215817e07c7f9059c93e919ac35142a08fb1f6d1,0x3e316f6abe52fc5cf70a6c9c0932dcb1fcbf3d62,7.0,seaport,19002288,1705201066,0xc1662086467398ec9edeab4b15256c0fe49cba7dcf29d8458538bf009cfd302b
Azuki,0xED5AF388653567Af2F388E6224dC7C4b3241C544,7238,0x6d0d27930eb2a52a7528b9eaecbbd24a6894e73d,0x0fcbfc0a67985ee0803def22343ec4aeed02760e,0.0,seaport,19001949,1705196963,0xe56e5a09d443a14782a3bfa11bfbfac4bc54181e5b866a8b55c86b0d85a5a7d2
Azuki,0xED5AF388653567Af2F388E6224dC7C4b3241C544,1565,0x0fcbfc0a67985ee0803def22343ec4aeed02760e,0x727588489352d7f7f2999cc2d8d94b068030fca4,0.0,seaport,19000560,1705180096,0x78510f5855330409fde726432e0acc170e7cb7eba78c924a547bd06934b99df7
Azuki,0xED5AF388653567Af2F388E6224dC7C4b3241C544,877,0x4a13dc62490c2eb9004a8aa092ee5b9d7cb7acaa,0x6497a43285fab5a257a71c17a9293dcb6a741acd,11.9,seaport,19000302,1705176964,0x02b2e6510f084a858497cfca295c80f8640d6f2afdb9a9ad839d979ff1febffd
Azuki,0xED5AF388653567Af2F388E6224dC7C4b3241C544,3747,0x66d3c53e61be58c558ddb2f273271f99cb7673fa,0x66d3c53e61be58c558ddb2f273271f99cb7673fa,6.290407,seaport,18999773,1705170540,0x95b5f37192b9d507d7e14b3816edec56212d4a1c40c9842fa77f7e489355b627
Azuki,0xED5AF388653567Af2F388E6224dC7C4b3241C544,3747,0x4f59ce7bb4777b536f09116b66c95a5d1ea8a8e6,0x66d3c53e61be58c558ddb2f273271f99cb7673fa,6.612992,seaport,18999773,1705170540,0x95b5f37192b9d507d7e14b3816edec56212d4a1c40c9842fa77f7e489355b627
Azuki,0xED5AF388653567Af2F388E6224dC7C4b3241C544,6607,0xd756f8c27503f45432d4222eb573c72ef045db4d,0xd756f8c27503f45432d4222eb573c72ef045db4d,6.7275,seaport,18998853,1705159369,0x934518cd927bedc004a8e44e128df76804851897057b8d0ddf4cd7bba44811f7
Azuki,0xED5AF388653567Af2F388E6224dC7C4b3241C544,6607,0x9fb23a9d484ee7ab3e5ec864da290e72b79716fe,0xd756f8c27503f45432d4222eb573c72ef045db4d,7.0725,seaport,18998853,1705159369,0x934518cd927bedc004a8e44e128df76804851897057b8d0ddf4cd7bba44811f7
Azuki,0xED5AF388653567Af2F388E6224dC7C4b3241C544,3090,0x9fb23a9d484ee7ab3e5ec864da290e72b79716fe,0x0fcbfc0a67985ee0803def22343ec4aeed02760e,0.0,seaport,18998231,1705151816,0xc76d0967016142bf203d39bbca97b4e5c0ed975a18eba3f482368eac60a5316a
Azuki,0xED5AF388653567Af2F388E6224dC7C4b3241C544,4409,0x17c5f68ec854f6f699984d5c2d97d3b61ec4d60b,0x07f7ded89d22c4baba44346577cebcbb9d1db81d,10.5,x2y2,18996293,1705128284,0xf5490557a9b252a5c378b6ea0922ad3dda8712b1c9ecb1e9f665c99eb6dfccc5
Azuki,0xED5AF388653567Af2F388E6224dC7C4b3241C544,9998,0xce2a88bf4138c230a448646a6862428c01f31df3,0x01c1e8a6a1dd71a4cab9aa6d7423333002fabde5,21.5,seaport,18996183,1705126948,0xf2d687b0bb5908e74b62173c4c3e6b46fb3b53e32b1029dba4758b7b1fe2e995
Azuki,0xED5AF388653567Af2F388E6224dC7C4b3241C544,3169,0x17c5f68ec854f6f699984d5c2d97d3b61ec4d60b,0xc4da1707a7a16cf4ac15d75d6a49a684b23ee1e4,28.5,x2y2,18996132,1705126329,0x0537e1113d603cdd372d2827830b33d87ab1c797c6a137e6b64e8057150f9568
Azuki,0xED5AF388653567Af2F388E6224dC7C4b3241C544,5252,0x43088c6cbcceb76f0c7691edd83ff78878026e29,0x5a1c3e75838e13b3bfa33d5c63cb3c05bd0dfa27,6.5,x2y2,18995911,1705123646,0x0b5436755899c8a05a7d970f5a4458ec2468cfefde1f10ac9e581206e313e3ce
Azuki,0xED5AF388653567Af2F388E6224dC7C4b3241C544,2459,0xdbc71e15d22fc90e370f75d611490f97d175085d,0x66666f58de1bcd762a5e5c5aff9cc3c906d66666,0.0,seaport,18992042,1705076666,0x27fd191fa797ec9ba10711f46d3b52d41e7d42174f50c5a7ce31d9a74e5bddff
Azuki,0xED5AF388653567Af2F388E6224dC7C4b3241C544,4974,0xbc1934f548417f79ab10138b57716fbc7c25c177,0x4e1fd741e3f95a5cb758a6cadcef9e6b328791f1,2.1,seaport,18989380,1705044342,0x8a854f6144dda43ffd9063365c2e649642b6058953aa0027549415829f6f7aa5
Azuki,0xED5AF388653567Af2F388E6224dC7C4b3241C544,7170,0x1ad57b608959dc956acc8c0a432fcd528fce3f28,0x1ad57b608959dc956acc8c0a432fcd528fce3f28,6.220013,seaport,18988380,1705032200,0x738d358be02512d3f4173e5d057ed78486cf42fc6464dfd15ae0d1f2cd190e9c
Azuki,0xED5AF388653567Af2F388E6224dC7C4b3241C544,7170,0x0097b9cfe64455eed479292671a1121f502bc954,0x1ad57b608959dc956acc8c0a432fcd528fce3f28,6.538988,seaport,18988380,1705032200,0x738d358be02512d3f4173e5d057ed78486cf42fc6464dfd15ae0d1f2cd190e9c
Azuki,0xED5AF388653567Af2F388E6224dC7C4b3241C544,6670,0x788ea3b974c55546c42cba273cc92313adc1405b,0xe6da1d19fdcec179ba9755f2c6139f8ffecbfeb0,6.75,seaport,18986659,1705011302,0xbfea8e06c644a9616a6e3a2aee7ce04c9b9a0ea337ba3eb043ada83f5ed28f14
Azuki,0xED5AF388653567Af2F388E6224dC7C4b3241C544,8826,0xee032424e7fad60517a11d4c9525146de6c13def,0x3ef63a41dc067492051ec24be4da8281f7dbb18f,10.5,x2y2,18983530,1704973308,0xd393c75e8e6314e827432b0efb8fe5d15d52de26345400253852408aa3a4a885
Azuki,0xED5AF388653567Af2F388E6224dC7C4b3241C544,3922,0xf120d9c54bc5d520a8482e2bf74a42cb7268bd5b,0xa50cfc05d7a2c678c4eda391df4af3ae5fa99136,8.29,seaport,18981877,1704953237,0xa8ed7b371d4cd6d6e80cc8442455afd9d66f7b3beca0dd7e8500374e9e2e04d1
Azuki,0xED5AF388653567Af2F388E6224dC7C4b3241C544,2336,0x8295a49790dac601d51c7650f82f34045cf1c338,0x8295a49790dac601d51c7650f82f34045cf1c338,6.428175,seaport,18981088,1704943656,0x843816b1daa81f0a32689a43c3d5d252c65b2728e64d5c9bd84f03722eb533e8
Azuki,0xED5AF388653567Af2F388E6224dC7C4b3241C544,2336,0x1fee3385b22d69e93209db2042be58fcac57b59b,0x8295a49790dac601d51c7650f82f34045cf1c338,6.757825,seaport,18981088,1704943656,0x843816b1daa81f0a32689a43c3d5d252c65b2728e64d5c9bd84f03722eb533e8
Azuki,0xED5AF388653567Af2F388E6224dC7C4b3241C544,9395,0xf58da7fede6805c51986bc145dcdf9c81e24241f,0xadaf51f1e434c446abc90ffdaf1c3a967e6f2ea1,18.0,x2y2,18969535,1704803373,0x59699f3ebcb5668c14f9ac78b81179c68b039eeedd70be7788de969c02cca519
Azuki,0xED5AF388653567Af2F388E6224dC7C4b3241C544,3557,0xac692be7a338eb59c5d5c3c49722a2d875512252,0x3e316f6abe52fc5cf70a6c9c0932dcb1fcbf3d62,7.898999,seaport,18969316,1704800714,0x6c2321f7b4c5d2d2f2976230b5021fff85fd649d062fc381279a81c6cd00b40f
Azuki,0xED5AF388653567Af2F388E6224dC7C4b3241C544,4868,0xb4b5810735acb93cfaeb6aa24fcfd04d583f7593,0x4cbe943865732135415f6493958017eaf16a55f8,8.08,seaport,18967035,1704773016,0xbbfa7b6569867fbb6de64d85f52b30422a796ae2ced31c02d3b03522779ec2a3
Azuki,0xED5AF388653567Af2F388E6224dC7C4b3241C544,4684,0x7543102417eded001142e287a7f10c41f7dd8050,0x3ef63a41dc067492051ec24be4da8281f7dbb18f,19.0,x2y2,18963006,1704724094,0xfee5aaacac8847b322c16bbf9a6995d221f87f04af8961225b0c96901a4d5e56
Azuki,0xED5AF388653567Af2F388E6224dC7C4b3241C544,6940,0x80b23aecb95535d09077e5fbe4b09805e2a9f58f,0x80b23aecb95535d09077e5fbe4b09805e2a9f58f,6.936637,seaport,18959177,1704677600,0xbfc5646600dad1816dcaed1345ef838311100c57da2dbcec8df8e4ed4433baa3
Azuki,0xED5AF388653567Af2F388E6224dC7C4b3241C544,6940,0x0097b9cfe64455eed479292671a1121f502bc954,0x80b23aecb95535d09077e5fbe4b09805e2a9f58f,7.292362,seaport,18959177,1704677600,0xbfc5646600dad1816dcaed1345ef838311100c57da2dbcec8df8e4ed4433baa3
Azuki,0xED5AF388653567Af2F388E6224dC7C4b3241C544,369,0xce729195b3eb67973394a022a06ba7abde2195e1,0x1ff27a7faab1fb865e212b14f18c23acd8c5e111,9.25,seaport,18959097,1704676629,0x4e23d60711e3d7e50e6c2eea939dc2583f69702d353acfaeec163d411d50062d
Azuki,0xED5AF388653567Af2F388E6224dC7C4b3241C544,4615,0xc40f3244995fad94d0379b4cf6a6f54b8529e2db,0x07f7ded89d22c4baba44346577cebcbb9d1db81d,7.5,x2y2,18954381,1704619364,0x54f9d4db6826712c6a180fdf6bb61184e91cd8a93a51a0229c5ffd82c04d1f60
Azuki,0xED5AF388653567Af2F388E6224dC7C4b3241C544,1471,0xfbdf2b5f8bb7dfcde4a68c3fcd5a6c17f7a7164d,0xc4da1707a7a16cf4ac15d75d6a49a684b23ee1e4,16.0,x2y2,18952878,1704601114,0x4bd8649f665c301822df35f4a77fce7731473a32bd86c8fd3b242de86dcac4ff
Azuki,0xED5AF388653567Af2F388E6224dC7C4b3241C544,2164,0xe2da4a72234ac4a3c6e1a62fc01dfe3d7885f003,0x46aa400ebe1d5026cc6d12af9036fed33bd6e271,0.1,x2y2,18950452,1704571656,0x23a97e5a1f44d2ef345ac2e53bff1571afc6e7d08070f18c16f789afecf8d44b
Azuki,0xED5AF388653567Af2F388E6224dC7C4b3241C544,2164,0x46aa400ebe1d5026cc6d12af9036fed33bd6e271,0xd2c894e3ae98f342761dfd4afd7d23a371ca95c6,0.1,x2y2,18950431,1704571401,0x374aeb585c2918a00f00c1ef05bf746d88fb99521c27dd55c4c106f98e0d446e
Azuki,0xED5AF388653567Af2F388E6224dC7C4b3241C544,1574,0xa148f43b6aca0f99e3a831ed07f158ce4cde0319,0xac32967007909f5b312557e4909cb73a3dea3d8d,8.59,seaport,18949892,1704564856,0x9ac9da588356fa5d0cb929c23012aec6abea475c0cba6105d2ce0c5181e55e81
Azuki,0xED5AF388653567Af2F388E6224dC7C4b3241C544,8909,0xa148f43b6aca0f99e3a831ed07f158ce4cde0319,0xda30d629fbf792e56c74c20ec17f5ca96f41aec6,8.33,seaport,18949892,1704564856,0x9ac9da588356fa5d0cb929c23012aec6abea475c0cba6105d2ce0c5181e55e81
Azuki,0xED5AF388653567Af2F388E6224dC7C4b3241C544,4410,0xa148f43b6aca0f99e3a831ed07f158ce4cde0319,0x0097b9cfe64455eed479292671a1121f502bc954,8.2498,seaport,18949892,1704564856,0x9ac9da588356fa5d0cb929c23012aec6abea475c0cba6105d2ce0c5181e55e81
Azuki,0xED5AF388653567Af2F388E6224dC7C4b3241C544,5822,0x28b1702d41087d999d378df762769732dfbf50c9,0x2610a963da9a05c4e08426589bf78c8c01b9343e,8.4,seaport,18948313,1704545683,0xf66617f6fa789813fe4a74ce840f647195f5cd97d08ad513bd976b5d39cb6835
Azuki,0xED5AF388653567Af2F388E6224dC7C4b3241C544,4437,0xf5c2fdde417e51c63a0ec0875f9bce27b439d8dc,0xb5bdbda53a853d0f1a49c5f3573ef02090706fd9,8.88,seaport,18946956,1704529205,0xff8cd23619e8718e59fd8a3d36d52569e9ed88382e2e323a1112de86e35f4fe5
Azuki,0xED5AF388653567Af2F388E6224dC7C4b3241C544,3999,0x5763507aa0f014b4153abc71108d1797ff17664e,0x52b8d5b0ccf90e8c0a63f0b54f00c87a694b6758,8.0,seaport,18946926,1704528841,0x20f9e62a297de3fa139f48da0cb805dac19dfb48dacba59652f12302234d54c5
Azuki,0xED5AF388653567Af2F388E6224dC7C4b3241C544,7445,0xf58da7fede6805c51986bc145dcdf9c81e24241f,0x521d19fc654e6746a04beed3a4b57994224672a4,8.25,x2y2,18946846,1704527870,0xd0dbb5ac0a054b08c4ed1a0514ed8c3fe14d184b4101a5451bdbc2ee3916276f
Azuki,0xED5AF388653567Af2F388E6224dC7C4b3241C544,4184,0xf58da7fede6805c51986bc145dcdf9c81e24241f,0x82974b9ec855e7e3580247e7c92e7257904d3e08,10.0,seaport,18946746,1704526655,0x8fecf18e6c77ba111433c10b98663ad0b52a92ac62c8799237f73ca60c2bf56c
Azuki,0xED5AF388653567Af2F388E6224dC7C4b3241C544,5539,0xf58da7fede6805c51986bc145dcdf9c81e24241f,0xa65c859d8dd4f307079835ee6a9f9d41a4630cc8,10.55,seaport,18946630,1704525247,0x609ed8bfbb7f8ceda98d6db00abe992d394e6ae76e14f62054ebdf349cfd3b5e
Azuki,0xED5AF388653567Af2F388E6224dC7C4b3241C544,1261,0xf58da7fede6805c51986bc145dcdf9c81e24241f,0xa3dadc7729a7d9bd2665ea48b6413c4de47beeae,10.0,x2y2,18946554,1704524324,0x0a25f80198735421325f31fdad989557f54e9844b50c9c3ab7dfbb981733b767
Azuki,0xED5AF388653567Af2F388E6224dC7C4b3241C544,1360,0x54e1c1a0d0cf0bd31eda9cce20e5de6815090192,0xbf32569aefb2b39aa86f057d34f68edb867cd781,7.95,seaport,18946004,1704517646,0x822e965d3f6d35cf628474ff8e0b1115fe1a6b4ce3ef22a2a303738708880291
Azuki,0xED5AF388653567Af2F388E6224dC7C4b3241C544,1314,0x54e1c1a0d0cf0bd31eda9cce20e5de6815090192,0x4a309866d288f5bcc0f4aea449f2e176cef976aa,7.9,seaport,18945996,1704517549,0xb9c17bb1954b9c40ff7d5e0b5e1b622a0753b1488df26521856d60a11373c416
Azuki,0xED5AF388653567Af2F388E6224dC7C4b3241C544,4868,0x4cbe943865732135415f6493958017eaf16a55f8,0xbeb882685d22edb8d57a6ccc8c275e00b967fcd1,7.6289,seaport,18945976,1704517306,0xd737c6940532519da38e30066a831c9adad1676ce471e8784700dbd70582a1e7
Azuki,0xED5AF388653567Af2F388E6224dC7C4b3241C544,6869,0x31d713bad8c617f8a3dd46306222b58a497ddc16,0xf07496c2cdebfb417163cedad9a769ccc43327a2,7.75,seaport,18945974,1704517281,0xdae9a0c740c9f348b857e9d591aff005aabab175f2a3aa7e6dbd0ff791faa26c
Azuki,0xED5AF388653567Af2F388E6224dC7C4b3241C544,5387,0x835b9edf89e7472aad4a2fc4fde8a4e6f05ae9f0,0x233512da85c16aef9d1102454a61ce0709dcf886,7.75,seaport,18945973,1704517269,0x82bcd29e58734372a145e4e4ae5c64916500188cb78623fc7dcedaeefba5225f
Azuki,0xED5AF388653567Af2F388E6224dC7C4b3241C544,1515,0x835b9edf89e7472aad4a2fc4fde8a4e6f05ae9f0,0x777d92fcb83ca9131b05ce579d9a951019c4ca5c,7.7,seaport,18945973,1704517269,0x82bcd29e58734372a145e4e4ae5c64916500188cb78623fc7dcedaeefba5225f
Azuki,0xED5AF388653567Af2F388E6224dC7C4b3241C544,2438,0x45133db3eadd8718f5c3a868ec2f7148e460dcfd,0x9ff63e20ec8c6ea59116a49d5d68fa91d579114d,26.99,seaport,18945882,1704516164,0x3ae41300ff3c2889f9e0f365664be74883d46ef6f56185530ca001fb5ab64226
Azuki,0xED5AF388653567Af2F388E6224dC7C4b3241C544,9022,0x7d5daf74424f3abd47a3ee3392baf7c5f9b716ec,0x938e2063f460c53df49367db028a69ac6e4aaea3,7.25,seaport,18945860,1704515897,0x9f32f8aaad34c13ff64656c0ba0fa053f9df8ce7135af3fa887def450b41fb7b
Azuki,0xED5AF388653567Af2F388E6224dC7C4b3241C544,6540,0x7b8e9b448ac82a04ba4d605e5ac01326847e84b2,0xab4ead4014c3e4429fe53a56fdc256d1ea583ae9,8.555,seaport,18945767,1704514768,0xe5e84ea0052ff222d5083ce6169bbb7f63c98c8d35bf8edde1f84e328f0a7bdc
Azuki,0xED5AF388653567Af2F388E6224dC7C4b3241C544,9059,0xaebb1ac559b767b848ea9645e86dfc99c8d0a69a,0xe5563aaa7f33b1c94be80d47ec3b4529f821aa9b,7.0,seaport,18945742,1704514464,0x82da95821a06add2389f3537ef1270fe1830bd590030c4f8be2f70c177a82c60
Azuki,0xED5AF388653567Af2F388E6224dC7C4b3241C544,1616,0xbf32569aefb2b39aa86f057d34f68edb867cd781,0x18929dbe1644fa75dd68ae5e4dbebf0b419f1dee,7.0,seaport,18945739,1704514428,0x8c88c118ca6665763b473db009f13ebaa89831ff1f36d364cf99ec2f836bc45e
Azuki,0xED5AF388653567Af2F388E6224dC7C4b3241C544,8746,0x277238513aa94c7fbc52fe5000da62e577466015,0x76e1c0c3235dc939119ab33e460a70a992a4590d,6.955,seaport,18945732,1704514343,0xe83e7b73712745be378ce69b5388d3de7121b14a14ef21b0837019cbc2a809d3
Azuki,0xED5AF388653567Af2F388E6224dC7C4b3241C544,605,0x277238513aa94c7fbc52fe5000da62e577466015,0x18929dbe1644fa75dd68ae5e4dbebf0b419f1dee,6.9,seaport,18945732,1704514343,0xe83e7b73712745be378ce69b5388d3de7121b14a14ef21b0837019cbc2a809d3
Azuki,0xED5AF388653567Af2F388E6224dC7C4b3241C544,6008,0x277238513aa94c7fbc52fe5000da62e577466015,0xafb64e0361ae2bfaf7fec231544902dabccc6a33,6.98,seaport,18945732,1704514343,0xe83e7b73712745be378ce69b5388d3de7121b14a14ef21b0837019cbc2a809d3
Azuki,0xED5AF388653567Af2F388E6224dC7C4b3241C544,2712,0x277238513aa94c7fbc52fe5000da62e577466015,0x4c2a6c5d15502c41c4d290f5ddd600878ff31da3,6.9696,seaport,18945732,1704514343,0xe83e7b73712745be378ce69b5388d3de7121b14a14ef21b0837019cbc2a809d3
Azuki,0xED5AF388653567Af2F388E6224dC7C4b3241C544,9915,0xd76f577d6a3d325a3d021ca8a0a5f14cf811c0bd,0xa5f704bbbe8fc92082579ce4cc9940a44742eec5,6.77,seaport,18945731,1704514331,0xfdfc49047b4934757efe840fe371171772a132f413a49017fcee346ea3aa2455
Azuki,0xED5AF388653567Af2F388E6224dC7C4b3241C544,896,0x32437c38b28b23deed09ba23ea46d18ec6d0c363,0x2b1e3fca761feb4140fae66609bb765f14bb1f20,6.77,seaport,18945730,1704514319,0x3fa9f7d74db741fa14295a4e504bcf756b3e45f6892d3c2a8f46b0ea1d546990
Azuki,0xED5AF388653567Af2F388E6224dC7C4b3241C544,7362,0xde02798db0845d8c41324506f16c4200766e8b4b,0x560776810a4fef50ae1450dcde53c88b13efe936,7.2,x2y2,18945719,1704514185,0x5887c0b6324898f6815215367234af396c5450c3d0a8f68414bd7983c49cc4dd
Azuki,0xED5AF388653567Af2F388E6224dC7C4b3241C544,4656,0xa9fee0f8fa39776ffc11308ec40ed98f8cb1f3ad,0x0c5437379a42a5d172c9ce92d64a64bcda6eb794,6.66,seaport,18945666,1704513541,0xee5db441d79eb8d06541bca8094de947b758a0e9312de44e5035f76eb698b004
Azuki,0xED5AF388653567Af2F388E6224dC7C4b3241C544,269,0x2525f1a08a2d5f037dda969f2fa1b56e4b4b47f3,0x7bf14d493520f20fad2e326dec83509d1116c6b6,6.68,seaport,18945627,1704513068,0x153d181f05ebd76958d633a5ad8c98877caccb2c0c7e782a16b2145059f5ac00
Azuki,0xED5AF388653567Af2F388E6224dC7C4b3241C544,2537,0x5004451e331fca06a5479c3e05a05b5e3f72ad17,0x8cde3caa8b8c77a3b032c9149717a7db7fe41438,6.45,seaport,18945614,1704512910,0xe1c42ee2cb0e538b518e50a354a57ac09705813767d0cc5b0d8e848902bf5863
Azuki,0xED5AF388653567Af2F388E6224dC7C4b3241C544,9601,0x3b0f5eb36e8e261ffc690f900b3e4b609daf9687,0x93af1b9bdd5a98ba92d746dbb8217e652309c857,6.4,seaport,18945614,1704512910,0x7a91d12b988120998a940d45d340403600fe1472a4e4a4f7b6c75f5127d7ed98
Azuki,0xED5AF388653567Af2F388E6224dC7C4b3241C544,500,0xef1de2fa338fb55e834bd6cb8bad382d410cb882,0x259e09785d6005be81cd0fe0d2789e57627a014a,6.38,seaport,18945609,1704512849,0x65fd4e3c6c2a644ae7daeeaabb4f90bd1347ed8a0ef39ed7350aba0763d7d11a
Azuki,0xED5AF388653567Af2F388E6224dC7C4b3241C544,3740,0x62bfd11770d5b0492730d75b31356b1d452c2fee,0xa6705764df552e80dd343a4be8baaf272270b695,6.069,seaport,18941461,1704462482,0xa8af6991eb55fbc7cbe1196912e575c5594245c77afd340ea493a0ce876e1940
Azuki,0xED5AF388653567Af2F388E6224dC7C4b3241C544,2142,0x7b8e9b448ac82a04ba4d605e5ac01326847e84b2,0x37032dbb26b88a6f7b6a4efe307d30b2868e928c,10.0,x2y2,18939970,1704444377,0x22eca9b36763a7a8f83e6549686bb94b5e689a6592d8289e4f926235b3f68f58
Azuki,0xED5AF388653567Af2F388E6224dC7C4b3241C544,1030,0x210367f6fbb316fc24674ab5c36666edac3e6187,0x210367f6fbb316fc24674ab5c36666edac3e6187,5.984258,seaport,18938155,1704422339,0xaba0273a54030f22b555065cef0dfccca2c3eed8c1a13c795e8f99f518d85adc
Azuki,0xED5AF388653567Af2F388E6224dC7C4b3241C544,1030,0x0097b9cfe64455eed479292671a1121f502bc954,0x210367f6fbb316fc24674ab5c36666edac3e6187,6.291142,seaport,18938155,1704422339,0xaba0273a54030f22b555065cef0dfccca2c3eed8c1a13c795e8f99f518d85adc
Azuki,0xED5AF388653567Af2F388E6224dC7C4b3241C544,4304,0x2dca7bf37c703e685b8ffc2985f6ee6c96a3f9ed,0x8bb1ac0a962492b8de72d14c011425ae7b212c97,6.7,seaport,18937011,1704408447,0xf234b9e9b09109f8afc09639b946afa7691a8358f6a614282cf212d57430a589
Azuki,0xED5AF388653567Af2F388E6224dC7C4b3241C544,743,0xa9dddaa0d1b6bf797eca3dbbab4161e46f1434f4,0xd1aaf6e5785231398c082532da1a0df15e44cb5c,9.7448,seaport,18934596,1704379123,0xb91254d31d8b26b8bf45fec65692853b39900431d49d38cdfb897efe9ecd308d
Azuki,0xED5AF388653567Af2F388E6224dC7C4b3241C544,4555,0xfbdf2b5f8bb7dfcde4a68c3fcd5a6c17f7a7164d,0xd1aaf6e5785231398c082532da1a0df15e44cb5c,8.25,x2y2,18930299,1704326946,0x56861795e19004d0e12a39c3c39298290644e0fb3c0dc29cee0033141e6fae1d
Azuki,0xED5AF388653567Af2F388E6224dC7C4b3241C544,3066,0x6d0d27930eb2a52a7528b9eaecbbd24a6894e73d,0x356c3c9e0c38eeeea534ce241a5545f711545e86,8.6,x2y2,18930174,1704325429,0xfd02e0c8733a181aaddae7bf53c7fde73284b81a95aa70724d4d2847ae224b7a
Azuki,0xED5AF388653567Af2F388E6224dC7C4b3241C544,1398,0x30cd0b966af4f8a52fcdda738e2a661afcdae727,0xd1aaf6e5785231398c082532da1a0df15e44cb5c,7.0,x2y2,18928139,1704300721,0x205349130725b2b5d1a55396be0b204344e03a7ccb9372e48d3138e147c93f06
Azuki,0xED5AF388653567Af2F388E6224dC7C4b3241C544,9136,0xfbdf2b5f8bb7dfcde4a68c3fcd5a6c17f7a7164d,0xd1aaf6e5785231398c082532da1a0df15e44cb5c,8.25,x2y2,18925224,1704265361,0x33258cd5c7ed50ff65d9c4f09d0550dda35eb222ed1aa73e04e4205e686c9467
Azuki,0xED5AF388653567Af2F388E6224dC7C4b3241C544,1075,0xd23f9931a9c05964875929ef93cb83915fe9322a,0xd23f9931a9c05964875929ef93cb83915fe9322a,6.063233,seaport,18924563,1704257343,0x84dcedee5ba69d96aa2aadca062652958451dcb85c4f9a34ce83e6684f6a3f77
Azuki,0xED5AF388653567Af2F388E6224dC7C4b3241C544,1075,0x0097b9cfe64455eed479292671a1121f502bc954,0xd23f9931a9c05964875929ef93cb83915fe9322a,6.374168,seaport,18924563,1704257343,0x84dcedee5ba69d96aa2aadca062652958451dcb85c4f9a34ce83e6684f6a3f77
Azuki,0xED5AF388653567Af2F388E6224dC7C4b3241C544,8331,0x78763ebf0b8e1620a716068400286b1f832e8fe0,0x9de416ab881b322ee0b4c189c2de624090280cf2,6.459,seaport,18922988,1704238237,0x33b6c8774b00909a8d60ffffe5e9e8122bb45af2c58ef294c99bcfdd47bcc723
Azuki,0xED5AF388653567Af2F388E6224dC7C4b3241C544,7048,0x7ec21bad87f164eb25987f95ed29baec55df3873,0x7ec21bad87f164eb25987f95ed29baec55df3873,6.00717,seaport,18920828,1704212036,0xfff0787261f10b8759c19fee9b866cec9b69bdf945316dab6ea0dd5292a760fb
Azuki,0xED5AF388653567Af2F388E6224dC7C4b3241C544,7048,0x0097b9cfe64455eed479292671a1121f502bc954,0x7ec21bad87f164eb25987f95ed29baec55df3873,6.31523,seaport,18920828,1704212036,0xfff0787261f10b8759c19fee9b866cec9b69bdf945316dab6ea0dd5292a760fb
Azuki,0xED5AF388653567Af2F388E6224dC7C4b3241C544,4117,0x9de416ab881b322ee0b4c189c2de624090280cf2,0x166022d3960bd3bf2c39416601052e3a5ad42b94,0.0,seaport,18917225,1704168329,0x6c9f45d0592c822850cf830b2e676128417b200b4104e1b35e84840f5aa0eeca
Azuki,0xED5AF388653567Af2F388E6224dC7C4b3241C544,9896,0xe6da1d19fdcec179ba9755f2c6139f8ffecbfeb0,0x8bb1ac0a962492b8de72d14c011425ae7b212c97,6.19,seaport,18915690,1704149709,0xd9512270601f6ffe66c88b0fa82efa47d71056460bf51c27d84da4c1e08b6a92
Azuki,0xED5AF388653567Af2F388E6224dC7C4b3241C544,4492,0x5a1c3e75838e13b3bfa33d5c63cb3c05bd0dfa27,0x63a6b4616cdc0e0fe990d62d8b4d12d3f3ace2b9,0.1,seaport,18914287,1704132690,0x1c7080704f863b8b1512dd8bb3ce80be1670601d6c4622b106ba0b87894ebf14
Azuki,0xED5AF388653567Af2F388E6224dC7C4b3241C544,399,0x3399705493b0f3d93ebf8aa612b150f7b410b02e,0x3e316f6abe52fc5cf70a6c9c0932dcb1fcbf3d62,6.149,seaport,18909848,1704078843,0x33b85b53da1b231bbb81ab0ac8567a40d491ed39e9ade56cd034d065d45c39cc
Azuki,0xED5AF388653567Af2F388E6224dC7C4b3241C544,4425,0xf2d248822ab127d0bcc1d4ecd4914e659764345b,0xdc4fe629b153b2be8114ec9c8683ce3b74f654f8,25.75,seaport,18909169,1704070606,0xc3aa66ab035960cf7545f297191bb5b0525905de1b62de3c3ad9b48d7133dcb4
Azuki,0xED5AF388653567Af2F388E6224dC7C4b3241C544,9671,0x3ec64b73a6589ef0ff988cf9ad36e172a0e789fd,0x3ec64b73a6589ef0ff988cf9ad36e172a0e789fd,5.699655,seaport,18907998,1704056401,0x1d91117dd79c220ff91cf443fed6a7ea98a96f00413aac079f7621e39543fd78
Azuki,0xED5AF388653567Af2F388E6224dC7C4b3241C544,9671,0xd47f6d5fb8dc684dfa75a0551889026738c5aa1c,0x3ec64b73a6589ef0ff988cf9ad36e172a0e789fd,5.991945,seaport,18907998,1704056401,0x1d91117dd79c220ff91cf443fed6a7ea98a96f00413aac079f7621e39543fd78
Azuki,0xED5AF388653567Af2F388E6224dC7C4b3241C544,2177,0x5fd58cf3168614c731feb8c3ed4ec37ef97465bb,0x743dbd073d951bc1e7ee276eb79a285595993d63,7.026608,seaport,18905658,1704028016,0x5ebc0795791dd161582eda96f02f4be243e05763556ccd4422f2efd8beb60c21
Azuki,0xED5AF388653567Af2F388E6224dC7C4b3241C544,4492,0x63a6b4616cdc0e0fe990d62d8b4d12d3f3ace2b9,0x5a1c3e75838e13b3bfa33d5c63cb3c05bd0dfa27,0.1,seaport,18903600,1704003052,0xb7d6167241e1ade15981ce5654255ae974e347f8cc07ce919e604d501071b24d
Azuki,0xED5AF388653567Af2F388E6224dC7C4b3241C544,1367,0x5e5e024f4baf54264b933745a434a83b0f811f06,0x5a1c3e75838e13b3bfa33d5c63cb3c05bd0dfa27,6.5,x2y2,18899127,1703948792,0x42e6ba67f1ba3a785559f82b027b84ad08b010c7e6b16a3e87854feaf08061b4
Azuki,0xED5AF388653567Af2F388E6224dC7C4b3241C544,9625,0x000000093e55f433fb57a32aa5d5fe717b3f7ab1,0x08eb8c48f1c34d1efd8c6b2e885ad3f5b0ab8586,0.0,blur,18893445,1703879866,0x6216e0e586684c13b62b691ba5f7b14f407902c05512a0d3bbcac3e311b70ae3
Azuki,0xED5AF388653567Af2F388E6224dC7C4b3241C544,2751,0xa54bcc943f3d0c40a3f25d303a7312a54df8d1a0,0x3b5f949c07d0e31b904b53cd4d24f94687e15c2d,8.0,seaport,18892847,1703872612,0x1ac128026fcc5f0e33f716258ef1dd29941500e879f64769bbc415314c711032
Azuki,0xED5AF388653567Af2F388E6224dC7C4b3241C544,9287,0xa6c5112a3eb52595ddba5bb1eb5a3d1719d9ad63,0xa6c5112a3eb52595ddba5bb1eb5a3d1719d9ad63,5.6316,seaport,18892080,1703863308,0xd5b0512d83ddfae1773603f868ae0e367c0914a4021fadafc5c6689a1fe81c95
Azuki,0xED5AF388653567Af2F388E6224dC7C4b3241C544,9287,0x0097b9cfe64455eed479292671a1121f502bc954,0xa6c5112a3eb52595ddba5bb1eb5a3d1719d9ad63,5.9204,seaport,18892080,1703863308,0xd5b0512d83ddfae1773603f868ae0e367c0914a4021fadafc5c6689a1fe81c95
Azuki,0xED5AF388653567Af2F388E6224dC7C4b3241C544,1656,0x0000db5c8b030ae20308ac975898e09741e70000,0x26cbc52df1c3b0814c1a8807c5a21828a3afd32c,0.0,blur,18891836,1703860349,0x539db62fa3b3047e60a67e726dedfeee4b596bfcd85ad3c7f9168fd01f1af5e2
Azuki,0xED5AF388653567Af2F388E6224dC7C4b3241C544,2468,0xc0b6a16add41f964d21222dadd7eb4cbead0d23d,0x0097b9cfe64455eed479292671a1121f502bc954,6.249,seaport,18884487,1703771202,0x239952296bb835acbe4c47d6873b99e7029b3a6f8df6ea244ced68f07d8100c3
Azuki,0xED5AF388653567Af2F388E6224dC7C4b3241C544,1244,0x11ece87a709f070e45e2014a254821cd10c017bc,0x11ece87a709f070e45e2014a254821cd10c017bc,5.516355,seaport,18883544,1703759763,0x5de2c9505591aece560a1ca363509d970e819ab4c3a95732217b9cf70e5d140e
Azuki,0xED5AF388653567Af2F388E6224dC7C4b3241C544,1244,0xd47f6d5fb8dc684dfa75a0551889026738c5aa1c,0x11ece87a709f070e45e2014a254821cd10c017bc,5.799245,seaport,18883544,1703759763,0x5de2c9505591aece560a1ca363509d970e819ab4c3a95732217b9cf70e5d140e
Azuki,0xED5AF388653567Af2F388E6224dC7C4b3241C544,9998,0xc3c1d667dd87b10e1f2d306e8ae8e30fa86fb7ea,0xc3c1d667dd87b10e1f2d306e8ae8e30fa86fb7ea,5.712232,seaport,18881533,1703735368,0x0b45bb3c44af134e47569fc80f472935cf8830a4670df295a2b3e667e5f90f66
Azuki,0xED5AF388653567Af2F388E6224dC7C4b3241C544,9998,0x48aabab1e5224540dfd31e48ded0ba6725185c93,0xc3c1d667dd87b10e1f2d306e8ae8e30fa86fb7ea,6.005167,seaport,18881533,1703735368,0x0b45bb3c44af134e47569fc80f472935cf8830a4670df295a2b3e667e5f90f66
Azuki,0xED5AF388653567Af2F388E6224dC7C4b3241C544,471,0x8909e6f8adfbdf105625bc444b541a230103d98e,0x30ac44803e42ae2787383057d6252ca95b846667,5.6999,seaport,18881165,1703730904,0x3247d1de4cea2a9d4898d58779a313b900ef21c5b77e5d974d401706dea0fa73
Azuki,0xED5AF388653567Af2F388E6224dC7C4b3241C544,8161,0xa94ed7b8bf1277b8331aed4669248dab88a9eec9,0x7c76cf8894d42ed11b53236da54f05add1d44073,8.69,x2y2,18880624,1703724342,0x4e19a90e7f2b748f701288e4b4f0a233c9cda25db1c8f37ebd02cc3a7b6ebea2
Azuki,0xED5AF388653567Af2F388E6224dC7C4b3241C544,6985,0x45c9eb27d46c68303eab0bf130b5e51a7eaf7793,0x45c9eb27d46c68303eab0bf130b5e51a7eaf7793,5.418075,seaport,18879702,1703713157,0x61fd32d3460397325287b059cb73532d7541010eb0c17003b486dd99273933a7
Azuki,0xED5AF388653567Af2F388E6224dC7C4b3241C544,6985,0x0097b9cfe64455eed479292671a1121f502bc954,0x45c9eb27d46c68303eab0bf130b5e51a7eaf7793,5.695925,seaport,18879702,1703713157,0x61fd32d3460397325287b059cb73532d7541010eb0c17003b486dd99273933a7
Azuki,0xED5AF388653567Af2F388E6224dC7C4b3241C544,1371,0x3ef63a41dc067492051ec24be4da8281f7dbb18f,0x3754f6e81f0ea92041072d2205061c18ff2ae28b,0.0,seaport,18876703,1703676778,0xed36d98d4c70959569e4c06110c4a7757424c2bb5e706ed48070f3c279a76d2c
Azuki,0xED5AF388653567Af2F388E6224dC7C4b3241C544,8038,0x3e542b1581c2a153b9eb06b8ce1f8d789218893c,0xf486d56cce70c481b3455af901fcc4f03fee8107,6.0,seaport,18872368,1703624192,0x09957d1263ed09f5636707f374c7f25419e4224d71ed17157f64e83cf1957292
Azuki,0xED5AF388653567Af2F388E6224dC7C4b3241C544,1565,0xca69da5ac328fbb0af4e7ecf9c88756d4550a6e9,0x94e9d73a2aeec807d85756b84759965b41866450,6.9,x2y2,18871062,1703608350,0xa54a7861e632ea0fbbfc6e0751314477b13b8a3ce86fd7ef3eb0ab50bc114ce8
Azuki,0xED5AF388653567Af2F388E6224dC7C4b3241C544,8243,0xe6da1d19fdcec179ba9755f2c6139f8ffecbfeb0,0x845a7a04da395f801cddc30c4a6a55a0be4b9c00,5.84,seaport,18870713,1703604116,0x247cb3a5106209b0e249d603ff71e6a3f02dacbbda0d8cc2086f62490363caab
Azuki,0xED5AF388653567Af2F388E6224dC7C4b3241C544,2386,0x45133db3eadd8718f5c3a868ec2f7148e460dcfd,0x0097b9cfe64455eed479292671a1121f502bc954,6.599,seaport,18869467,1703589002,0x0a2a6746036af95705ed93c99b11789e04a05c10192864dde61feecc9b968056
Azuki,0xED5AF388653567Af2F388E6224dC7C4b3241C544,9706,0x41973c8c80d7f92e1487ad3f9c4dc7a4923c38d7,0x41973c8c80d7f92e1487ad3f9c4dc7a4923c38d7,5.536732,seaport,18868364,1703575622,0x2cb50ee72de7b10d499a1c135a46ffe391b8963d8616d9acfa758d27fe46f90a
Azuki,0xED5AF388653567Af2F388E6224dC7C4b3241C544,9706,0x0097b9cfe64455eed479292671a1121f502bc954,0x41973c8c80d7f92e1487ad3f9c4dc7a4923c38d7,5.820667,seaport,18868364,1703575622,0x2cb50ee72de7b10d499a1c135a46ffe391b8963d8616d9acfa758d27fe46f90a
Azuki,0xED5AF388653567Af2F388E6224dC7C4b3241C544,8334,0xe2cb34ffcf3c7f52d226b0889bc4eaab16faae0f,0x73af95adc0dd89c15cf35a81b63d351c158c292e,7.75,seaport,18867583,1703566148,0x48a183200fdb5f025212a710af4ab899e5cf6e53e5737590228b952d89076c51
Azuki,0xED5AF388653567Af2F388E6224dC7C4b3241C544,8334,0x32253d92ce2ced78260783ce579010cfd6d3c28a,0x32253d92ce2ced78260783ce579010cfd6d3c28a,5.682105,seaport,18866374,1703551482,0x359aa22d92ae67c595ad4c7a355f13bf1a8f2ba08b28d35c62fb74f2256a82c8
Azuki,0xED5AF388653567Af2F388E6224dC7C4b3241C544,8334,0xb7369571488a0d88ebbd7b327c47315ce3e697a1,0x32253d92ce2ced78260783ce579010cfd6d3c28a,5.973495,seaport,18866374,1703551482,0x359aa22d92ae67c595ad4c7a355f13bf1a8f2ba08b28d35c62fb74f2256a82c8
Azuki,0xED5AF388653567Af2F388E6224dC7C4b3241C544,4789,0x046e988679ae4f1ab0e8e3b663138d9ad43cd80d,0x046e988679ae4f1ab0e8e3b663138d9ad43cd80d,5.316382,seaport,18861434,1703491558,0xb0a1e96b9c415c51703420f2cf3dfc0dc900c1350934982ed998ff5adb7b11b0
Azuki,0xED5AF388653567Af2F388E6224dC7C4b3241C544,4789,0x0097b9cfe64455eed479292671a1121f502bc954,0x046e988679ae4f1ab0e8e3b663138d9ad43cd80d,5.589017,seaport,18861434,1703491558,0xb0a1e96b9c415c51703420f2cf3dfc0dc900c1350934982ed998ff5adb7b11b0
Azuki,0xED5AF388653567Af2F388E6224dC7C4b3241C544,5194,0xe1272216176b55db0158bebe6ad83150b1bd0968,0xe1272216176b55db0158bebe6ad83150b1bd0968,5.368642,seaport,18860142,1703475885,0x36422b7b42618e89d77cdfa07b68807455f90d756fea4fb826372e953c95860c
Azuki,0xED5AF388653567Af2F388E6224dC7C4b3241C544,5194,0x4f59ce7bb4777b536f09116b66c95a5d1ea8a8e6,0xe1272216176b55db0158bebe6ad83150b1bd0968,5.643958,seaport,18860142,1703475885,0x36422b7b42618e89d77cdfa07b68807455f90d756fea4fb826372e953c95860c
Azuki,0xED5AF388653567Af2F388E6224dC7C4b3241C544,3180,0xd1aaf6e5785231398c082532da1a0df15e44cb5c,0x4a72fcee9e47cdbdb7a13916a65d64377cb6170e,11.282,seaport,18858356,1703454220,0x5a01f844aa2b2cec6cd92f44dbd7c219be71d71dff25848845ac738483784344
Azuki,0xED5AF388653567Af2F388E6224dC7C4b3241C544,4052,0x3a1321f843bbd78898cf498ac8fbf375ff779ba8,0x3a1321f843bbd78898cf498ac8fbf375ff779ba8,5.213715,seaport,18854954,1703412952,0xde4da55b91a230966b6829115cf34fcccf52562b2199b0176375ea96f3ba2f6b
Azuki,0xED5AF388653567Af2F388E6224dC7C4b3241C544,4052,0x0097b9cfe64455eed479292671a1121f502bc954,0x3a1321f843bbd78898cf498ac8fbf375ff779ba8,5.481085,seaport,18854954,1703412952,0xde4da55b91a230966b6829115cf34fcccf52562b2199b0176375ea96f3ba2f6b
Azuki,0xED5AF388653567Af2F388E6224dC7C4b3241C544,3085,0x3a1321f843bbd78898cf498ac8fbf375ff779ba8,0x3a1321f843bbd78898cf498ac8fbf375ff779ba8,5.21781,seaport,18854949,1703412891,0x2bad07228686d1316c2ca7cfdbd5375c918c1dd67296554128e91fa6dce4da93
Azuki,0xED5AF388653567Af2F388E6224dC7C4b3241C544,3085,0x0097b9cfe64455eed479292671a1121f502bc954,0x3a1321f843bbd78898cf498ac8fbf375ff779ba8,5.48539,seaport,18854949,1703412891,0x2bad07228686d1316c2ca7cfdbd5375c918c1dd67296554128e91fa6dce4da93
Azuki,0xED5AF388653567Af2F388E6224dC7C4b3241C544,743,0xd1aaf6e5785231398c082532da1a0df15e44cb5c,0xac37ccb7ae873555eb01c74cb713d40d1bec7f45,8.04,seaport,18852091,1703378222,0x51c02a18efbe8af0601de7e9adce8cf66e3dc3369b767f70157996b6eeec3179
Azuki,0xED5AF388653567Af2F388E6224dC7C4b3241C544,8826,0x3ef63a41dc067492051ec24be4da8281f7dbb18f,0x708ed7b90dce15a1b479f27539a3801cc70d9268,7.0,x2y2,18852078,1703378065,0xed3d5b8fd6ad40347f4ec6ca768293e24148abc36664e3a110261ca777701aa6
Azuki,0xED5AF388653567Af2F388E6224dC7C4b3241C544,743,0x4a72fcee9e47cdbdb7a13916a65d64377cb6170e,0x4a72fcee9e47cdbdb7a13916a65d64377cb6170e,6.825,seaport,18852008,1703377216,0x36b52f42718ddf2e91a3c9a7bd5c5b130148a7f60c2b9eaab724cadacd6fe05c
Azuki,0xED5AF388653567Af2F388E6224dC7C4b3241C544,743,0xac37ccb7ae873555eb01c74cb713d40d1bec7f45,0x4a72fcee9e47cdbdb7a13916a65d64377cb6170e,7.175,seaport,18852008,1703377216,0x36b52f42718ddf2e91a3c9a7bd5c5b130148a7f60c2b9eaab724cadacd6fe05c
Azuki,0xED5AF388653567Af2F388E6224dC7C4b3241C544,2468,0x80c111e9b18b418dc7ceadafc99c3dec81447016,0x80c111e9b18b418dc7ceadafc99c3dec81447016,5.179395,seaport,18850208,1703355381,0x1009a51cfa679cf10f236f2f79bedcc2e70ef8f92a02f0e97dfb452b2853d077
Azuki,0xED5AF388653567Af2F388E6224dC7C4b3241C544,2468,0x0097b9cfe64455eed479292671a1121f502bc954,0x80c111e9b18b418dc7ceadafc99c3dec81447016,5.445005,seaport,18850208,1703355381,0x1009a51cfa679cf10f236f2f79bedcc2e70ef8f92a02f0e97dfb452b2853d077
Azuki,0xED5AF388653567Af2F388E6224dC7C4b3241C544,6196,0x775236645a5ab8a91d883e8cba3ac6c4d038c4d8,0x03773c97c170a90c3d588a3357063630e1bd05e8,12.88,seaport,18847952,1703328014,0x75b9097c4bd2c1385d905d726aae4fd2f41b9d58a16a36c6f41a8d96b827cf82
Azuki,0xED5AF388653567Af2F388E6224dC7C4b3241C544,2386,0xd1aaf6e5785231398c082532da1a0df15e44cb5c,0x8b7d79a679c10bed518fe905d764b4b7667f24de,6.5,seaport,18843730,1703276799,0x2f2736a291b99aaf567cb233642bf9d7c3fe83f0a141b39d2ec405e5485501ac
Azuki,0xED5AF388653567Af2F388E6224dC7C4b3241C544,4035,0x0000db5c8b030ae20308ac975898e09741e70000,0x996b2ef36de7d98286987af678e7a927495dbcaf,0.0,blur,18842208,1703258337,0x3b1da071d8cb2ab42576cc107930d2c2fff06012ff82026abeabcae07701cd3b
Azuki,0xED5AF388653567Af2F388E6224dC7C4b3241C544,167,0x61782ca87ac420ba830968151e99d321c4add7ee,0x61782ca87ac420ba830968151e99d321c4add7ee,5.878665,seaport,18835798,1703180580,0x5ec40f1c081e35c0976d81668dd9efe69257b11dda9d7757199c4ba4ec905d49
Azuki,0xED5AF388653567Af2F388E6224dC7C4b3241C544,167,0x0097b9cfe64455eed479292671a1121f502bc954,0x61782ca87ac420ba830968151e99d321c4add7ee,6.180135,seaport,18835798,1703180580,0x5ec40f1c081e35c0976d81668dd9efe69257b11dda9d7757199c4ba4ec905d49
Azuki,0xED5AF388653567Af2F388E6224dC7C4b3241C544,399,0xc502c07f7f537f47470071fd59cd8287238761aa,0xeaeaa1e30d62bea880d5f38171bb32a2f91bfdce,5.898,seaport,18832460,1703140089,0x72cc16b9578fbefef4729da79f5ad029ac6225adb5f16f69a61eabee98049586
Azuki,0xED5AF388653567Af2F388E6224dC7C4b3241C544,3709,0xa54bcc943f3d0c40a3f25d303a7312a54df8d1a0,0x38970972bb66eb200fac72bf7e98fa271e523fef,5.8,seaport,18831699,1703130858,0x6c6f4fa1c571893caf147292af063cea46f8a7d99222759bc2301d7699b36514
Azuki,0xED5AF388653567Af2F388E6224dC7C4b3241C544,3039,0x94e9d73a2aeec807d85756b84759965b41866450,0x94e9d73a2aeec807d85756b84759965b41866450,6.31825,seaport,18827735,1703082772,0x1f884953418ccc1167f54653409f0dcc2ddb633771a7f6bc584d076a5076c9eb
Azuki,0xED5AF388653567Af2F388E6224dC7C4b3241C544,3039,0xb05ee2332fac650db6017d05ebbe2416f20c70df,0x94e9d73a2aeec807d85756b84759965b41866450,6.38175,seaport,18827735,1703082772,0x1f884953418ccc1167f54653409f0dcc2ddb633771a7f6bc584d076a5076c9eb
Azuki,0xED5AF388653567Af2F388E6224dC7C4b3241C544,7238,0x3ef63a41dc067492051ec24be4da8281f7dbb18f,0x3754f6e81f0ea92041072d2205061c18ff2ae28b,9.69,x2y2,18825851,1703059919,0xf2b1119c793d691d23e5239ff34bd1101e6ed9235a05a897c7c3435f438e05b2
Azuki,0xED5AF388653567Af2F388E6224dC7C4b3241C544,7573,0x9fb23a9d484ee7ab3e5ec864da290e72b79716fe,0x80b31ab30fd425a945fd5e9d1faf426c86acfe41,11.5,x2y2,18825163,1703051586,0xedfac197445ab73a8c5a0c2a15d06ab702a3bc9b91cb248338b37edc7e1cb1d6
Azuki,0xED5AF388653567Af2F388E6224dC7C4b3241C544,5551,0xb9e0f1ec85fafbc75e89c8bfd27719255301f0c9,0xadaf51f1e434c446abc90ffdaf1c3a967e6f2ea1,5.0,seaport,18820559,1702995828,0x6c7a63884ba56be474b9563d8bf66ac8075594da29a0222f085b347abe62b493
Azuki,0xED5AF388653567Af2F388E6224dC7C4b3241C544,2537,0x2a1df571f199354fcbefaa1fdec4098d005c6606,0x2a1df571f199354fcbefaa1fdec4098d005c6606,5.427532,seaport,18816971,1702952374,0x22e9a8e36b21e347853b232ebf700885f434b4ff7e70dc13f1a4ea8e6ea3ae0c
Azuki,0xED5AF388653567Af2F388E6224dC7C4b3241C544,2537,0xd47f6d5fb8dc684dfa75a0551889026738c5aa1c,0x2a1df571f199354fcbefaa1fdec4098d005c6606,5.705868,seaport,18816971,1702952374,0x22e9a8e36b21e347853b232ebf700885f434b4ff7e70dc13f1a4ea8e6ea3ae0c
Azuki,0xED5AF388653567Af2F388E6224dC7C4b3241C544,2438,0xc8f206bff752bc3adc491f5f5c6ec063a7e381ec,0xc8f206bff752bc3adc491f5f5c6ec063a7e381ec,18.525,seaport,18802190,1702773364,0xf82913f10ab37fa85b399773e852ec47380290f9a11490db2560f25f592721ea
Azuki,0xED5AF388653567Af2F388E6224dC7C4b3241C544,2438,0x248230127f082f54952ca5b46553bd86fa185f14,0xc8f206bff752bc3adc491f5f5c6ec063a7e381ec,19.475,seaport,18802190,1702773364,0xf82913f10ab37fa85b399773e852ec47380290f9a11490db2560f25f592721ea
Azuki,0xED5AF388653567Af2F388E6224dC7C4b3241C544,4873,0x9df276bc9d4527e801c4b12b4edce3cd484bd490,0x9df276bc9d4527e801c4b12b4edce3cd484bd490,5.97995,seaport,18802135,1702772698,0x2c9a9cb355ebf59b95aa549e094ad0224d714d1145f49fe7b41dd45c40c6eb54
Azuki,0xED5AF388653567Af2F388E6224dC7C4b3241C544,4873,0x4b9a166b94037947cd44baf6d993be0eb1240447,0x9df276bc9d4527e801c4b12b4edce3cd484bd490,6.04005,seaport,18802135,1702772698,0x2c9a9cb355ebf59b95aa549e094ad0224d714d1145f49fe7b41dd45c40c6eb54
Azuki,0xED5AF388653567Af2F388E6224dC7C4b3241C544,4808,0x429d42c9650d2774fddf4e32d31c21abf259ef40,0x429d42c9650d2774fddf4e32d31c21abf259ef40,5.764297,seaport,18796595,1702705604,0x3306ca3d5c5a2a5e4605fa1cec9dff39cf9b65529de30499633c8b96bb206c23
Azuki,0xED5AF388653567Af2F388E6224dC7C4b3241C544,4808,0xd47f6d5fb8dc684dfa75a0551889026738c5aa1c,0x429d42c9650d2774fddf4e32d31c21abf259ef40,6.059902,seaport,18796595,1702705604,0x3306ca3d5c5a2a5e4605fa1cec9dff39cf9b65529de30499633c8b96bb206c23
Azuki,0xED5AF388653567Af2F388E6224dC7C4b3241C544,1314,0x8909e6f8adfbdf105625bc444b541a230103d98e,0x8909e6f8adfbdf105625bc444b541a230103d98e,6.435,seaport,18792183,1702652171,0x963acad3ad5c97d3849a58976d6cbbaf0ffed40c4105105c8c4ea3d3d781b222
Azuki,0xED5AF388653567Af2F388E6224dC7C4b3241C544,1314,0x4a309866d288f5bcc0f4aea449f2e176cef976aa,0x8909e6f8adfbdf105625bc444b541a230103d98e,6.765,seaport,18792183,1702652171,0x963acad3ad5c97d3849a58976d6cbbaf0ffed40c4105105c8c4ea3d3d781b222
Azuki,0xED5AF388653567Af2F388E6224dC7C4b3241C544,1791,0x0e59633eb871707cc9cdefc7233d5d074f0a0d61,0xf7ee5f5c4dcdf7dccd237ee8e67276dc977068a2,6.76,seaport,18780452,1702510099,0xaf3fa97cc9af1bbbb84e0378da42a2a07fbabd6a761ea88aa5b94cbe75653dc1
Azuki,0xED5AF388653567Af2F388E6224dC7C4b3241C544,9675,0xf0a2be71db185432e195a90e3a3f28df0b7ac2aa,0xe1361c41c5630f6afa76fb231905c7d41d4aea11,8.85,x2y2,18777634,1702475971,0xb9751176c483103809f920b82b3007cb8aaf8d6fa8692c5a6aabc9e3303419a2
Azuki,0xED5AF388653567Af2F388E6224dC7C4b3241C544,8177,0xb0fb4a06b537bdace2d5d1b2c6745f7282768e63,0x8a47806d93e851b1277d3c46db75c7d47c200042,8.5,seaport,18772987,1702419692,0x4f0ec746eb7f4d311ffabb4353ada63a8f6dd876cfa2f0ab67ca2cd424ad0288
Azuki,0xED5AF388653567Af2F388E6224dC7C4b3241C544,5986,0x8e3d6c8f591d73ebcf79810ebc4b3adf829d2fb6,0x3e316f6abe52fc5cf70a6c9c0932dcb1fcbf3d62,6.6648,seaport,18771475,1702401380,0xc6642573e3accdb5286e670f1b5a1a6b10a51751042cc99705b514a60927cd16
Azuki,0xED5AF388653567Af2F388E6224dC7C4b3241C544,4795,0xf5fb8f319b6fec9cd498f6404a9a33d6c2b7b56c,0x6eff29e7eb2d7bd3973f345be11715038c65a405,7.5,seaport,18760327,1702266369,0xfada1e7a0bc417946fbcb3285ee4ca1d724fc7bff119da748c983f88a6ac0b25
Azuki,0xED5AF388653567Af2F388E6224dC7C4b3241C544,8652,0x6249c4371007f23d3ac1ab61734b0c55acbd5560,0x6249c4371007f23d3ac1ab61734b0c55acbd5560,5.950717,seaport,18758741,1702247161,0x92418e5f7cc7f55e22d6088c4f336924d476f27d131bf3bf6118882beaf56211
Azuki,0xED5AF388653567Af2F388E6224dC7C4b3241C544,8652,0x4f59ce7bb4777b536f09116b66c95a5d1ea8a8e6,0x6249c4371007f23d3ac1ab61734b0c55acbd5560,6.255883,seaport,18758741,1702247161,0x92418e5f7cc7f55e22d6088c4f336924d476f27d131bf3bf6118882beaf56211
Azuki,0xED5AF388653567Af2F388E6224dC7C4b3241C544,804,0x5e93802845f7e3e7427630c8d1459f4b0c35d8f1,0x25698db556d9dc858bafe81cdfe3c59f1dd9c3a7,0.175,seaport,18745290,1702084258,0x2c43acb26694b888174ce72e26975af82a901f019b111097e235ced4c177406b
Azuki,0xED5AF388653567Af2F388E6224dC7C4b3241C544,9694,0xbc1934f548417f79ab10138b57716fbc7c25c177,0xb2cc13026eabf2fab2688406241d4a76d8c1be2d,6.75,x2y2,18742380,1702049016,0x5ceaa7375a4095c7db36ed1ac2568e63b2ce1d3e75a5152539bd8817e2042877
Azuki,0xED5AF388653567Af2F388E6224dC7C4b3241C544,8902,0x151ecc8423efc2da8ac3ee70abff248d617e3100,0x7c76cf8894d42ed11b53236da54f05add1d44073,6.969,x2y2,18738541,1702002522,0x401ac08147e317c1fdad51263c7fc03047c38ad931c4504614a7b7e05c9c2e12
Azuki,0xED5AF388653567Af2F388E6224dC7C4b3241C544,9927,0x0000d38a234679f88dd6343d34e26dcb50c30000,0x6daf4cf7943101f4471dd5b84a8f1209c8ca7946,0.0,seaport,18738514,1702002195,0x0c0d33843967899a5de616bb78b6a5ddb7b23088f89fdb073fe1658948b30ae6
Azuki,0xED5AF388653567Af2F388E6224dC7C4b3241C544,9867,0x94e9d73a2aeec807d85756b84759965b41866450,0x2139950c1b0381f9f45d5d93530a36201fbc02c3,6.52,seaport,18726408,1701855582,0xf12d8ed376a7a27960a358750eafe95cd069fa6d99306bf74768fff7975f4216
Azuki,0xED5AF388653567Af2F388E6224dC7C4b3241C544,2167,0x66666f58de1bcd762a5e5c5aff9cc3c906d66666,0x2acaa4e869e3bf28a802df019e778ea41650dd2e,48.69,x2y2,18726185,1701852881,0x0cade883d2ff8949287cda1c982f453e366965ab055a778d0cbd8c5c8856f242
Azuki,0xED5AF388653567Af2F388E6224dC7C4b3241C544,7683,0x3836d57ac110ed7ba71e4d62cbc4fac476ee8ff9,0x818eb16fe070d319fe5b0b33a4552116bd2e409d,6.55,seaport,18725509,1701844694,0x2ae24963a70bf3e3718a805f590a55491b1fe9e4dbd2caab3ee14820c645cb25
Azuki,0xED5AF388653567Af2F388E6224dC7C4b3241C544,6938,0x5f4934fc98eae6061a01868a4700c53c1ffb7d2e,0x5f4934fc98eae6061a01868a4700c53c1ffb7d2e,6.251408,seaport,18723749,1701823379,0xc4316a6ea2adc7d3fc5828da61f08c4e9226c3e915ea24d19763bbe4d0f5c77e
Azuki,0xED5AF388653567Af2F388E6224dC7C4b3241C544,6938,0x3e18e3987b3b73f4e7cb80e2b25776df7a30bb8b,0x5f4934fc98eae6061a01868a4700c53c1ffb7d2e,6.571992,seaport,18723749,1701823379,0xc4316a6ea2adc7d3fc5828da61f08c4e9226c3e915ea24d19763bbe4d0f5c77e
Azuki,0xED5AF388653567Af2F388E6224dC7C4b3241C544,1734,0x9675b0ed61d85ad9c0f16ae071b7002c5747caca,0x8d04cf38a7b30053546f7ca7d7eff74331b38a19,7.25,x2y2,18723680,1701822543,0xe8de9a34b726ca2457384642659dad98a1fde581c240605c4216886e7655c0a4
Azuki,0xED5AF388653567Af2F388E6224dC7C4b3241C544,5441,0x010d7eafcec7589832aca1170aeb23d21951d396,0x818eb16fe070d319fe5b0b33a4552116bd2e409d,6.56,seaport,18723019,1701814538,0x54d20604b11abc696efb1104d0eca3e2147ca9b08c30dcba2c3e3bd8102fa5a3
Azuki,0xED5AF388653567Af2F388E6224dC7C4b3241C544,8192,0xf6696e114437a65bf607ff4c4518b1a8d4379729,0x8d04cf38a7b30053546f7ca7d7eff74331b38a19,7.5,x2y2,18722999,1701814296,0x2b0f05d69f1151c3db3979b7a0e7b6cc2970a0ce7371db98e6f075f176f362fc
Azuki,0xED5AF388653567Af2F388E6224dC7C4b3241C544,9358,0xa1b83632e0fb3d1f1636c1ee207ffb5d92440983,0xa1b83632e0fb3d1f1636c1ee207ffb5d92440983,6.098235,seaport,18722541,1701808749,0x60378c6d0bf36b822ee4375c3efed99fc2228b8b4ae2b9fda36e5e4f6d1ce9f7
Azuki,0xED5AF388653567Af2F388E6224dC7C4b3241C544,9358,0x4f59ce7bb4777b536f09116b66c95a5d1ea8a8e6,0xa1b83632e0fb3d1f1636c1ee207ffb5d92440983,6.410965,seaport,18722541,1701808749,0x60378c6d0bf36b822ee4375c3efed99fc2228b8b4ae2b9fda36e5e4f6d1ce9f7
Azuki,0xED5AF388653567Af2F388E6224dC7C4b3241C544,7994,0x66666f58de1bcd762a5e5c5aff9cc3c906d66666,0xf853184415ac2312844e77cc7babda372e8f56af,72.0,x2y2,18720605,1701785302,0x6dfe5dc885a62738eb79c71433c433582480563072d69a3ba964bf19b106c8f4
Azuki,0xED5AF388653567Af2F388E6224dC7C4b3241C544,4482,0x9c731c50fb63ee893121245b58816e212f64df6e,0xedbad1542f53ef2b577be6438f9cefac227deb05,6.66,seaport,18720384,1701782626,0x2fffb304afee1a177db2f771e89aca62607f24adb192a764f1f2122b8346f494
Azuki,0xED5AF388653567Af2F388E6224dC7C4b3241C544,4138,0x66666f58de1bcd762a5e5c5aff9cc3c906d66666,0xa31f1ddf0a926c692583e3cd1ed0508bb6244f90,40.0,x2y2,18719015,1701766046,0x4e3c7e5962769093c6321b4a665b9cf3cf5a08443815b493172cb9879f1a8d4a
Azuki,0xED5AF388653567Af2F388E6224dC7C4b3241C544,5986,0x13204d4b7ca8ecfaa809722132ead8c71a3b6047,0x13204d4b7ca8ecfaa809722132ead8c71a3b6047,6.308738,seaport,18714372,1701709816,0x9410ee2dfdabb1d8edbce414c8ac7d926b0392dce8f253821ad9ffd455bb2a3e
Azuki,0xED5AF388653567Af2F388E6224dC7C4b3241C544,5986,0x0097b9cfe64455eed479292671a1121f502bc954,0x13204d4b7ca8ecfaa809722132ead8c71a3b6047,6.632263,seaport,18714372,1701709816,0x9410ee2dfdabb1d8edbce414c8ac7d926b0392dce8f253821ad9ffd455bb2a3e
Azuki,0xED5AF388653567Af2F388E6224dC7C4b3241C544,4566,0xb443986bbe581a5eb13ebd1b3e6d101a0a836c2b,0xcc037096d70c6788c43cb7e5b49165201e0c498c,6.85,seaport,18712472,1701686805,0x16917bff6af64ce67af3a1a2c27f530a5f937d9ffac2f74180ad10977fd22fdd
Azuki,0xED5AF388653567Af2F388E6224dC7C4b3241C544,805,0x642beb60eba984143e09e14138c3eab1dddf41cb,0x07f7ded89d22c4baba44346577cebcbb9d1db81d,6.95,x2y2,18710923,1701668045,0xce499d1f2fd0af9103e4abedeb26d6b15aa02aaed04b6d41037e4493eafb7045
Azuki,0xED5AF388653567Af2F388E6224dC7C4b3241C544,9184,0x010d7eafcec7589832aca1170aeb23d21951d396,0xb0bf1aa550a443b5ead923b9afcef4d53cc6a150,6.69,seaport,18707110,1701621867,0x9351031495149f6e5dd4e89ccfda3f36dbdc9d9ecbe23575670c1e247a9fcef8
Azuki,0xED5AF388653567Af2F388E6224dC7C4b3241C544,4335,0x010d7eafcec7589832aca1170aeb23d21951d396,0xf7ee5f5c4dcdf7dccd237ee8e67276dc977068a2,6.68,seaport,18707110,1701621867,0x9351031495149f6e5dd4e89ccfda3f36dbdc9d9ecbe23575670c1e247a9fcef8
Azuki,0xED5AF388653567Af2F388E6224dC7C4b3241C544,2813,0x859e3de0691519b3dadf2bc432ecdcc0bb2e783d,0xa5f078302aff1dee059f5cf5fa7ee5a988662a7c,6.7,seaport,18707101,1701621758,0xb8001496d76ebd53336759eba6d943c043a92fe789416a4cf3f7f97cd1a9db1a
Azuki,0xED5AF388653567Af2F388E6224dC7C4b3241C544,8361,0x8ebfbaa060dbd3aaf9699ae7fd3c6d53701c03d7,0xde112b77a1a72c726d8c914c23dceaa53273c351,6.2,seaport,18703709,1701580678,0x55b5f77d8dd8eef3719856e21040fc5f13cef37830fbf176265bb79ea2c5f6ea
Azuki,0xED5AF388653567Af2F388E6224dC7C4b3241C544,2682,0xfc7355bf612fb59043b0ac3d728942f41a3e3905,0xa2da45077cdc878e565c9655f0b7947f447f22f3,10.69,seaport,18698365,1701515958,0xdad7b9fc45dd6166646b7b5704cf12ed510a3c7bc947c66d46af66901ccd8c9d
Azuki,0xED5AF388653567Af2F388E6224dC7C4b3241C544,1786,0xc425591420ecc0ae301d7c2e223ec6d34ce56902,0xc425591420ecc0ae301d7c2e223ec6d34ce56902,5.801933,seaport,18698084,1701512555,0x7288a655ae2af6a73c2a88327a7982f238c556a72f48de0bf5386ec898096bdd
Azuki,0xED5AF388653567Af2F388E6224dC7C4b3241C544,1786,0x0097b9cfe64455eed479292671a1121f502bc954,0xc425591420ecc0ae301d7c2e223ec6d34ce56902,6.099468,seaport,18698084,1701512555,0x7288a655ae2af6a73c2a88327a7982f238c556a72f48de0bf5386ec898096bdd
Azuki,0xED5AF388653567Af2F388E6224dC7C4b3241C544,8723,0x080e83f8c4f87eedeac8d9d7bffccb35a83b3af2,0x080e83f8c4f87eedeac8d9d7bffccb35a83b3af2,5.731635,seaport,18697180,1701501606,0x4cd9a14f20d1ba658c0366577f3ca146659dc11158809d90ea4b4aae2f1117c0
Azuki,0xED5AF388653567Af2F388E6224dC7C4b3241C544,8723,0xd47f6d5fb8dc684dfa75a0551889026738c5aa1c,0x080e83f8c4f87eedeac8d9d7bffccb35a83b3af2,6.025565,seaport,18697180,1701501606,0x4cd9a14f20d1ba658c0366577f3ca146659dc11158809d90ea4b4aae2f1117c0
Azuki,0xED5AF388653567Af2F388E6224dC7C4b3241C544,8245,0xc821d3d24c27c713a9e2758086bd29b23f7381e2,0xe4bbcbff51e61d0d95fcc5016609ac8354b177c4,5.88,seaport,18696135,1701488951,0xddaf304346c3413f53bc28097465c626549dbc53074eb361e06a774b8b4252f3
Azuki,0xED5AF388653567Af2F388E6224dC7C4b3241C544,7645,0x4014aece0f0c54ca81c017aac8a126eb022fd34b,0xe4bbcbff51e61d0d95fcc5016609ac8354b177c4,5.88,seaport,18696132,1701488914,0x7e5f3eb59aeb19f4e0c45a49a4b4378cbd65e60735b414389376cf78afebe3a6
Azuki,0xED5AF388653567Af2F388E6224dC7C4b3241C544,4738,0x4014aece0f0c54ca81c017aac8a126eb022fd34b,0x99d81318e6dc3933ff30325aa2283474981c4e7d,5.88,seaport,18696096,1701488479,0x17027549ef9aeffab4088802c5b27db4f31303e30a28de6def3563edc9b11b06
Azuki,0xED5AF388653567Af2F388E6224dC7C4b3241C544,9413,0x7c2878788e782370a6e6042788ddd98bf3173625,0x7c2878788e782370a6e6042788ddd98bf3173625,5.708527,seaport,18694654,1701471036,0xe542e48cabaa72aba8fc2cda003db72c97355cd94a2446b319279b8dcb53f5b0
Azuki,0xED5AF388653567Af2F388E6224dC7C4b3241C544,9413,0xd47f6d5fb8dc684dfa75a0551889026738c5aa1c,0x7c2878788e782370a6e6042788ddd98bf3173625,6.001272,seaport,18694654,1701471036,0xe542e48cabaa72aba8fc2cda003db72c97355cd94a2446b319279b8dcb53f5b0
Azuki,0xED5AF388653567Af2F388E6224dC7C4b3241C544,6980,0x9b9ea785a5d0fdffb9c32c2f6f69e175502ffbbf,0x9b9ea785a5d0fdffb9c32c2f6f69e175502ffbbf,5.712817,seaport,18692616,1701446383,0x4583940d8ef0fbdff684ca0d16c315f6730c5b7ec3fe8cdfe2554da8dcb96421
Azuki,0xED5AF388653567Af2F388E6224dC7C4b3241C544,6980,0x0097b9cfe64455eed479292671a1121f502bc954,0x9b9ea785a5d0fdffb9c32c2f6f69e175502ffbbf,6.005783,seaport,18692616,1701446383,0x4583940d8ef0fbdff684ca0d16c315f6730c5b7ec3fe8cdfe2554da8dcb96421
Azuki,0xED5AF388653567Af2F388E6224dC7C4b3241C544,6224,0x9de416ab881b322ee0b4c189c2de624090280cf2,0x5a1c3e75838e13b3bfa33d5c63cb3c05bd0dfa27,6.4,x2y2,18687732,1701387303,0xd6b6a02f519914387abb80823a71a5b33a3d36b12e655876ff74b7d5decb395b
Azuki,0xED5AF388653567Af2F388E6224dC7C4b3241C544,6224,0x5a1c3e75838e13b3bfa33d5c63cb3c05bd0dfa27,0x774237c2a8fd84c0d4d2c97cb03d3b6c87cb0431,5.8,x2y2,18687220,1701381110,0x84ebf7caab0641554d6ba591d1eb8bbbd6f87db12f80ce29daac333d2f49f1ff
Azuki,0xED5AF388653567Af2F388E6224dC7C4b3241C544,3444,0x84d70ffe8fd48b09e3285a73c99c571ffce4d77f,0x494c91408065b6f7f6dd7c3a295e6b46b4995bdd,42.0,x2y2,18683344,1701334224,0xdf91b7ab620c66134572562e97222c888ea5903c9d186dd5ddb092d3a32e4196
Azuki,0xED5AF388653567Af2F388E6224dC7C4b3241C544,6855,0xac8b0ce8ab15541b02a823647c4740591b108157,0x17ebd3f7cc04a6550523f166b8303ede2cad4606,8.2499,x2y2,18667093,1701137643,0x6142d890089b0ec44fab365107880e4bdbc0f40f56b81bfe544ffb84e48fcd55
Azuki,0xED5AF388653567Af2F388E6224dC7C4b3241C544,114,0x64ac64ab7791941c946a5f6685acd61a6d10a09b,0xac8b0ce8ab15541b02a823647c4740591b108157,7.0,x2y2,18667090,1701137606,0x4539ec7e61f55708527c33d44eed382565357e90e42c8ff7df55570405e66d70
Azuki,0xED5AF388653567Af2F388E6224dC7C4b3241C544,8847,0xef0b56692f78a44cf4034b07f80204757c31bcc9,0xb4f4ff63c8c8a82f758068390da2eefdf2f29ed2,6.25,seaport,18665600,1701119582,0xf661d6abb6291700e370a7d47cd924eb0f874971bc899c8de6148352a5eb5940
Azuki,0xED5AF388653567Af2F388E6224dC7C4b3241C544,4706,0xf70a08271ff8a1d6ebf86eaa3635f49dafd6a2cd,0x4cac4a933522e2887de30aaa5c8017b2e1358519,7.8,seaport,18663141,1701089837,0x2ad974609e24f5d62b5b67018224f6e7549118ac6cee4a4391464b6ec6de9a34
Azuki,0xED5AF388653567Af2F388E6224dC7C4b3241C544,8296,0x73d855f11cbc037966439570cdf99fcb96057827,0xf9caa8822f7b413a1f84fb89085b7b2c7b71e892,6.3,seaport,18662717,1701084708,0x632ecd43d98ce509f97ca04be6797c69c63ae704cbf4ebf0c202241c4f3712a2
Azuki,0xED5AF388653567Af2F388E6224dC7C4b3241C544,9451,0x15c6e23110513ab0843fdf06288736cedc9ae222,0xa061982d4b087d911db8399a641187df945d48d0,7.5,x2y2,18659972,1701051503,0x531313809d91bac1ef686cbd6b1c5c0dd4a53f5c3ff4635ff78350dc7d073fad
Azuki,0xED5AF388653567Af2F388E6224dC7C4b3241C544,287,0x5cd3449ba84a2feedc4ee837ef934b46c378823e,0x50e1181ec51e7a9602ff03b4f9db1ae9b0aa7906,6.398,seaport,18657233,1701018371,0x2e9c2906e1ceaca592e1503021284928904a8de1bb0bce70d91e24d7e6e4eaf2
Azuki,0xED5AF388653567Af2F388E6224dC7C4b3241C544,9552,0xdcfb41f0f95fb5b523e57dafe04dd128ad4b91ed,0xdcfb41f0f95fb5b523e57dafe04dd128ad4b91ed,6.08244,seaport,18654543,1700985831,0xd917ee8c0679e5eda74470c64c76e91cc6be013dc36aa75bf17bf96fac623ab0
Azuki,0xED5AF388653567Af2F388E6224dC7C4b3241C544,9552,0x4f59ce7bb4777b536f09116b66c95a5d1ea8a8e6,0xdcfb41f0f95fb5b523e57dafe04dd128ad4b91ed,6.39436,seaport,18654543,1700985831,0xd917ee8c0679e5eda74470c64c76e91cc6be013dc36aa75bf17bf96fac623ab0
Azuki,0xED5AF388653567Af2F388E6224dC7C4b3241C544,172,0xc6b65187f9e07b9e4b73a2262dc3bede7301398a,0x07f7ded89d22c4baba44346577cebcbb9d1db81d,6.65,seaport,18652755,1700964202,0xdbe64f9da14ecf5e7b6f5c48132b6de4b84be42638f3f1f9f5fd6fb53668b90d
Azuki,0xED5AF388653567Af2F388E6224dC7C4b3241C544,2429,0x4ed175874b72fd2d6fb7ed36af9c401a27c68c8a,0x2c2ed4b3876c442fee80bee76ce0ee2ca2a512af,23.0,seaport,18652369,1700959533,0x70cfa375e172640331edf62a9d41c017f8206006c840879f36848fa1a40602b3
Azuki,0xED5AF388653567Af2F388E6224dC7C4b3241C544,4459,0x8a4b4bd8c5e842eecb2681b99dc5c25b8eb11710,0xca21a97716c40035c4c64dff47799e48a6eddfe6,6.7,seaport,18650346,1700935062,0xe6e9b5daad95c77c6087e828d0550da18f5d1aa8ae289b4263759d4745b0eb98
Azuki,0xED5AF388653567Af2F388E6224dC7C4b3241C544,7087,0x47791ec5c29d8832270f2fbd5de8f0280586e1f7,0x5cf2ed6a095fd9d5704b2036714d36d87781cd3d,6.6666,seaport,18648985,1700918598,0x307c705a4d8b0673de90b778a5e693cb284ba94f9044f72c95be55abc9ffd130
Azuki,0xED5AF388653567Af2F388E6224dC7C4b3241C544,4102,0xb8adcc8e382a7c43bdfa2e1c47059a1afec10e06,0x4c2a6c5d15502c41c4d290f5ddd600878ff31da3,6.6666,seaport,18648401,1700911534,0x0fd5c8c0532210b7f3f53cb6d0d2e0df2e5de46b0601901c52aebf31d9d4fdfc
Azuki,0xED5AF388653567Af2F388E6224dC7C4b3241C544,6716,0xb8adcc8e382a7c43bdfa2e1c47059a1afec10e06,0x7c1d0572095d02763eb16189a4eaa1c71c41d8ad,6.42,seaport,18648278,1700910046,0x423c41f4a4e51b79eb6dcd65bb05161579145504973c7800966ca9698dcda795
Azuki,0xED5AF388653567Af2F388E6224dC7C4b3241C544,4779,0x5fc29eee1f678118569f200b4701a6848c4149aa,0x3bb23d052bb5b92bf739687451de1fc5794e8072,6.5,seaport,18648029,1700907034,0x560a05217206ea8d5ea32aeeefcb2eb2435f2b383c8fe6fd58db277e62c71b3c
Azuki,0xED5AF388653567Af2F388E6224dC7C4b3241C544,7238,0x3754f6e81f0ea92041072d2205061c18ff2ae28b,0xe1361c41c5630f6afa76fb231905c7d41d4aea11,8.0,x2y2,18647092,1700895699,0x2f44ccf2db9b99403e40c7144f65de6af6da7868dc155c2fd119c68c740981d2
Azuki,0xED5AF388653567Af2F388E6224dC7C4b3241C544,7636,0xe37282b1d894803194c5b2e0ef2162cb204de5a6,0x3754f6e81f0ea92041072d2205061c18ff2ae28b,7.1,x2y2,18647008,1700894683,0x17c80bdc13bdc6acbadaca636020230b601508dcfc5b360d467c2cc071a84486
Azuki,0xED5AF388653567Af2F388E6224dC7C4b3241C544,7530,0x5551636d290d11ff8f3f2246f955e4f0e9c20b64,0x5551636d290d11ff8f3f2246f955e4f0e9c20b64,5.849708,seaport,18642538,1700840612,0x79c8ac810d3cf2d7d616c5d9ba5bc8b5890ff99f06ecaa7eb7b19fe8c0f10a80
Azuki,0xED5AF388653567Af2F388E6224dC7C4b3241C544,7530,0xd47f6d5fb8dc684dfa75a0551889026738c5aa1c,0x5551636d290d11ff8f3f2246f955e4f0e9c20b64,6.149692,seaport,18642538,1700840612,0x79c8ac810d3cf2d7d616c5d9ba5bc8b5890ff99f06ecaa7eb7b19fe8c0f10a80
Azuki,0xED5AF388653567Af2F388E6224dC7C4b3241C544,3022,0x28f597801cbe0c7ad1890807ef5c539fc002476a,0xb6a6e7f25e0da6c35a421160a6973a747eee51c3,6.0,seaport,18640481,1700815729,0x97f596d4d74f318fe85fa641aa18972eac734a23d3afb513d34ec64086df1b1c
Azuki,0xED5AF388653567Af2F388E6224dC7C4b3241C544,4535,0x142668dc89e7e69ce985643ad3759fa8c518a884,0x48425315431edd31402df52cde10c164922a1ef2,5.699,seaport,18639970,1700809548,0xb61e01e2153ccf04d0647a6a3affd412a9eef77bab1c117799ec2e1c5c6aaaba
Azuki,0xED5AF388653567Af2F388E6224dC7C4b3241C544,4350,0x142668dc89e7e69ce985643ad3759fa8c518a884,0x629685f80d4293c134317f0214aa3569491472ba,5.699,seaport,18639970,1700809548,0xb61e01e2153ccf04d0647a6a3affd412a9eef77bab1c117799ec2e1c5c6aaaba
Azuki,0xED5AF388653567Af2F388E6224dC7C4b3241C544,7396,0x17d7a5754304ffc13c82ebee0aa1cd3b21cc5069,0x17d7a5754304ffc13c82ebee0aa1cd3b21cc5069,5.50875,seaport,18639923,1700808979,0x962d9df54e38b6a54586dd548956835671c8cef51d5941209776a02bcc17d0d4
Azuki,0xED5AF388653567Af2F388E6224dC7C4b3241C544,7396,0x0097b9cfe64455eed479292671a1121f502bc954,0x17d7a5754304ffc13c82ebee0aa1cd3b21cc5069,5.79125,seaport,18639923,1700808979,0x962d9df54e38b6a54586dd548956835671c8cef51d5941209776a02bcc17d0d4
Azuki,0xED5AF388653567Af2F388E6224dC7C4b3241C544,9936,0x17d7a5754304ffc13c82ebee0aa1cd3b21cc5069,0x17d7a5754304ffc13c82ebee0aa1cd3b21cc5069,5.54814,seaport,18639913,1700808858,0xc39365257b2d6b1e555d498dd243f0f9925c20963fd4f40005de59f1c2369bba
Azuki,0xED5AF388653567Af2F388E6224dC7C4b3241C544,9936,0xd47f6d5fb8dc684dfa75a0551889026738c5aa1c,0x17d7a5754304ffc13c82ebee0aa1cd3b21cc5069,5.83266,seaport,18639913,1700808858,0xc39365257b2d6b1e555d498dd243f0f9925c20963fd4f40005de59f1c2369bba
Azuki,0xED5AF388653567Af2F388E6224dC7C4b3241C544,7846,0x17d7a5754304ffc13c82ebee0aa1cd3b21cc5069,0x17d7a5754304ffc13c82ebee0aa1cd3b21cc5069,6.25092,seaport,18639888,1700808556,0xb67b43f313623c58b74900c1d12d65994789c1a7499de20a562daf81431dd4bb
Azuki,0xED5AF388653567Af2F388E6224dC7C4b3241C544,7846,0x71bfb8e9775ba531c9a4bc25eca6a8ff8a62c336,0x17d7a5754304ffc13c82ebee0aa1cd3b21cc5069,6.57148,seaport,18639888,1700808556,0xb67b43f313623c58b74900c1d12d65994789c1a7499de20a562daf81431dd4bb
Azuki,0xED5AF388653567Af2F388E6224dC7C4b3241C544,6189,0x17d7a5754304ffc13c82ebee0aa1cd3b21cc5069,0x17d7a5754304ffc13c82ebee0aa1cd3b21cc5069,5.54814,seaport,18639800,1700807491,0x385139953f85af5422b63494aae5d4e1cf76dd2c48601ed0681caf01d1f5767c
Azuki,0xED5AF388653567Af2F388E6224dC7C4b3241C544,6189,0xd47f6d5fb8dc684dfa75a0551889026738c5aa1c,0x17d7a5754304ffc13c82ebee0aa1cd3b21cc5069,5.83266,seaport,18639800,1700807491,0x385139953f85af5422b63494aae5d4e1cf76dd2c48601ed0681caf01d1f5767c
Azuki,0xED5AF388653567Af2F388E6224dC7C4b3241C544,4827,0x81a7b1665e33373ec30aa4b782ffbca7e2f5b4bd,0x48425315431edd31402df52cde10c164922a1ef2,5.699,seaport,18636121,1700762988,0xd046bc72a5ce8a580449084c7481d874d66e5be431e3d597b850846efbb3fcac
Azuki,0xED5AF388653567Af2F388E6224dC7C4b3241C544,172,0xb04ab323d08db5eb3e8b6b17aeddc6499bedf40b,0xf0a2be71db185432e195a90e3a3f28df0b7ac2aa,0.0,seaport,18634862,1700747759,0xaf7ec55f63e2ff9eb9b74bf14e0c2aa76214608399344f5087d2a1aff49a6096
Azuki,0xED5AF388653567Af2F388E6224dC7C4b3241C544,4572,0xfa9a55607bf094f991884f722b7fba3a76687e40,0x86f5c0986a0069d8503584bad392f90e7bf41daf,5.575,seaport,18631650,1700708905,0xd1e32b05a5de7f6dd9c8dc773f0626ee9f27dc82e38cc2d7a32a558dec043622
Azuki,0xED5AF388653567Af2F388E6224dC7C4b3241C544,3771,0x3754f6e81f0ea92041072d2205061c18ff2ae28b,0xf853184415ac2312844e77cc7babda372e8f56af,5.5,x2y2,18630105,1700690215,0xce8430055a3d4aca335953fd00b865dec049d8f62b3a983f0d0197581ef832a6
Azuki,0xED5AF388653567Af2F388E6224dC7C4b3241C544,4888,0xbc4c2aeb7f520c1a834795d45c60a66e135f4b31,0xbc4c2aeb7f520c1a834795d45c60a66e135f4b31,5.13435,seaport,18628969,1700676474,0x516c0437827189471f536931bddc4684a4ad24f655391eda864521497513e5aa
Azuki,0xED5AF388653567Af2F388E6224dC7C4b3241C544,4888,0x0097b9cfe64455eed479292671a1121f502bc954,0xbc4c2aeb7f520c1a834795d45c60a66e135f4b31,5.39765,seaport,18628969,1700676474,0x516c0437827189471f536931bddc4684a4ad24f655391eda864521497513e5aa
Azuki,0xED5AF388653567Af2F388E6224dC7C4b3241C544,9313,0x9d5b51f99d508d0163375a265e91aaac0b425255,0x9d5b51f99d508d0163375a265e91aaac0b425255,4.959295,seaport,18625820,1700638382,0xbb015d254993439cbe5b7eee8e897fc03f2083087acec6678e3147c16e7d8e8a
Azuki,0xED5AF388653567Af2F388E6224dC7C4b3241C544,9313,0xd47f6d5fb8dc684dfa75a0551889026738c5aa1c,0x9d5b51f99d508d0163375a265e91aaac0b425255,5.763505,seaport,18625820,1700638382,0xbb015d254993439cbe5b7eee8e897fc03f2083087acec6678e3147c16e7d8e8a
Azuki,0xED5AF388653567Af2F388E6224dC7C4b3241C544,4604,0x01add8ab60c614cf6b81fc6b35ae80ab454a40c1,0x5e93802845f7e3e7427630c8d1459f4b0c35d8f1,5.45,seaport,18624329,1700620346,0x4c58fadf4825ee4f82b05221f4de5ca99007b4a5a2bba42d4608665000415f23
Azuki,0xED5AF388653567Af2F388E6224dC7C4b3241C544,8193,0xb4c293a499824d5a784d0844f55ee63b985f4862,0xbf2570ccf0ee6778f4133ea547ded7fde980bde3,6.15,seaport,18623984,1700616172,0xa02a4d8ff3bdffc272ef5af0757659f9a4f8dea6e4d8a65e07418a80e1f01848
Azuki,0xED5AF388653567Af2F388E6224dC7C4b3241C544,2956,0xb02827a00bacec4c80b07fbe91968db0662beee6,0x3e316f6abe52fc5cf70a6c9c0932dcb1fcbf3d62,5.7914,seaport,18615988,1700519448,0x27930e4e23dc681fbfdcc086df7f7ea22d1cf0e07ea3fbf77049fa60da81e93c
Azuki,0xED5AF388653567Af2F388E6224dC7C4b3241C544,5105,0x578bd725e7ac96d8b26c82e2c8daa843f7ad1226,0x578bd725e7ac96d8b26c82e2c8daa843f7ad1226,5.322038,seaport,18615883,1700518178,0x42500d3ce06bc64b6a42cfcbadba96afb7c3479cc6bf71a42ad6db0c447761cd
Azuki,0xED5AF388653567Af2F388E6224dC7C4b3241C544,5105,0x856750961732cbead1e289e04c57027bb368fcc0,0x578bd725e7ac96d8b26c82e2c8daa843f7ad1226,5.594963,seaport,18615883,1700518178,0x42500d3ce06bc64b6a42cfcbadba96afb7c3479cc6bf71a42ad6db0c447761cd
Azuki,0xED5AF388653567Af2F388E6224dC7C4b3241C544,9675,0xac8b0ce8ab15541b02a823647c4740591b108157,0xdd27c842d415da1ea952524745b98251b00e0fb9,7.99,seaport,18615081,1700508477,0x2135f1b4f6d992bad2e33ade32133abfeb1ff7c9b64172979689cda585b9547c
Azuki,0xED5AF388653567Af2F388E6224dC7C4b3241C544,3268,0xadaf51f1e434c446abc90ffdaf1c3a967e6f2ea1,0x08b1c0fbdb3c4e22a6448b3ce3fa825b61c81094,0.1,seaport,18610087,1700448067,0x622066eb5320beeec25f18a1ce8b707d6e32c720a559250fd5383ddff9165c00
Azuki,0xED5AF388653567Af2F388E6224dC7C4b3241C544,8256,0x22c2b1aebc222a2e523dc122ef5d8a3f4c3a5e2b,0x856750961732cbead1e289e04c57027bb368fcc0,6.0956,seaport,18606777,1700408027,0xd93456d69a2682a6c3710f8c41bf5953b22c2429f807b43676769e0cadf623fe
Azuki,0xED5AF388653567Af2F388E6224dC7C4b3241C544,2956,0x71be99c9b5362ad07f7f231bc7a547f4119c6073,0x71be99c9b5362ad07f7f231bc7a547f4119c6073,5.579632,seaport,18604475,1700380185,0x8f2a45969409dd051b957f0f78d7d521fb6a1963a0f8599c37eb93042d3f2956
Azuki,0xED5AF388653567Af2F388E6224dC7C4b3241C544,2956,0x0097b9cfe64455eed479292671a1121f502bc954,0x71be99c9b5362ad07f7f231bc7a547f4119c6073,5.865767,seaport,18604475,1700380185,0x8f2a45969409dd051b957f0f78d7d521fb6a1963a0f8599c37eb93042d3f2956
Azuki,0xED5AF388653567Af2F388E6224dC7C4b3241C544,9312,0xa3f79d095774179b33d1896940b54037c0163859,0xadaf51f1e434c446abc90ffdaf1c3a967e6f2ea1,8.0,seaport,18602491,1700356202,0x12bf0296edcdec4810332b712757c06d091889255fce26e4197f9e85391454c1
Azuki,0xED5AF388653567Af2F388E6224dC7C4b3241C544,1488,0x0211f10a01f63afd6abf9dae6e38b53c234df22a,0x0211f10a01f63afd6abf9dae6e38b53c234df22a,5.578267,seaport,18599936,1700325315,0x58f8e5e408add8991e1da3e5be995399809005efca8db950bdbd27d2e07e4529
Azuki,0xED5AF388653567Af2F388E6224dC7C4b3241C544,1488,0x0097b9cfe64455eed479292671a1121f502bc954,0x0211f10a01f63afd6abf9dae6e38b53c234df22a,5.864333,seaport,18599936,1700325315,0x58f8e5e408add8991e1da3e5be995399809005efca8db950bdbd27d2e07e4529
Azuki,0xED5AF388653567Af2F388E6224dC7C4b3241C544,7814,0x5b8eb0c77516caa70b1cd4ed1757faa4f8749aab,0xc743bc192227614677482874b6ba4513996f9570,5.98,seaport,18593929,1700252699,0x3a1ebd88b13a1897aa6f9bb0f1a9db1b5aad73b2397e6d16e0e35ea6b3f3538d
Azuki,0xED5AF388653567Af2F388E6224dC7C4b3241C544,8647,0x71bfb8e9775ba531c9a4bc25eca6a8ff8a62c336,0x57b89b65e58cde3b900acbfad23895610b358b4e,5.88,seaport,18587755,1700178064,0xb47484646f55503bd27b25160b95b76d3dbb204b6e275fabf9aef8a420f534f1
Azuki,0xED5AF388653567Af2F388E6224dC7C4b3241C544,7019,0x06a1b5712d5675eb670a890b1e6cbdd8cdce0c9c,0xc0d98d103a89db163014799c8c03ec1c52530804,6.5,seaport,18586937,1700168176,0x3acd9197c504082658615e02b4fb813b7415510eaae247f4ad0d4644e6ec5003
Azuki,0xED5AF388653567Af2F388E6224dC7C4b3241C544,2048,0xd37e2b44e3c84f2fcb0dd0491c9bee1f20a27eaa,0x6b926f7602f7d1586bd96c7cd6b896c04d958bf8,6.0188,seaport,18585843,1700154951,0xc0a9341ec3c2c225d90562ecd05373b506605bed6ea49543a8738aefd9cdec59
Azuki,0xED5AF388653567Af2F388E6224dC7C4b3241C544,4356,0x0a639d8ce45b904ea14eff2cf3e29fbdc4f686db,0x3e316f6abe52fc5cf70a6c9c0932dcb1fcbf3d62,6.0789,seaport,18583412,1700125564,0xc8a62621e9142cf4c9e0a60dc7f4e0614cfce68ab826edff034cd0b407fe4a0e
Azuki,0xED5AF388653567Af2F388E6224dC7C4b3241C544,7855,0x05c250120ce07ba6fe361b39ac344148435c25ca,0xb659e1173795b10a2e3eab3d3fbab9ede3d8460b,6.15,x2y2,18582261,1700111650,0x990b7cb386fc9c1a4c42704413fd2b2e522922587054adfaeacf6ca6f04d96b3
Azuki,0xED5AF388653567Af2F388E6224dC7C4b3241C544,7654,0xc4ae306caf8af5ceab0eb6186971392d4dbfa351,0x8ed5d291b8c5c8ae2d42421a2803130fb3802130,5.98,x2y2,18580995,1700096346,0x8cfc328949b97ff583da309bbb64acefb65e8b4aac4e4920f6970e19f36392ff
Azuki,0xED5AF388653567Af2F388E6224dC7C4b3241C544,247,0x9c9217783e69c7da753afa988198308412241c8e,0x35d0d72829598bd39163edbb18178c4d35eb8aaf,6.0,seaport,18578271,1700063417,0x85e763fa775a6c4f442f3b7a4abd5c016427c2b97bbc4dc5e2cfbf70a9846ebb
Azuki,0xED5AF388653567Af2F388E6224dC7C4b3241C544,2425,0xca1ee6abeaa8d61c9d3e73c94d7bdb9fbc114138,0xa1313a9d6ab08d24e03c2251817b72676df4c3bb,30.0,x2y2,18572893,1699998404,0x08baeca9abce81c3e4ad1536a09f02a81f318c8c1f39c7c33b5751d880913498
Azuki,0xED5AF388653567Af2F388E6224dC7C4b3241C544,2611,0x918a8449f46acee936881f50c25720081c74b4a7,0x0f16d4dd5a6d4d237cdaf715e26727b1f2713492,6.25,seaport,18571348,1699979727,0x784c0ded0fed8b3a7de994986e53831ee66194fcd45fe7c95bc88fd40bcc08a2
Azuki,0xED5AF388653567Af2F388E6224dC7C4b3241C544,4349,0x5bae2a4e9fc9f0c8e4ea60aaeb668d51a8b40bcc,0x0097b9cfe64455eed479292671a1121f502bc954,5.2487,seaport,18571217,1699978144,0x7b01727a7e65895079313bc45f660039be725c53bb289f65ebe3ce88ccbd93c6
Azuki,0xED5AF388653567Af2F388E6224dC7C4b3241C544,2744,0xe1361c41c5630f6afa76fb231905c7d41d4aea11,0x76a80d9e29aa41fc8a84a827037f977c06b585fa,9.8,seaport,18570804,1699973151,0xb84cc72dceabb11e106aa6f5ba96a1450dc7daece3ddf219c9359a0a46575435
Azuki,0xED5AF388653567Af2F388E6224dC7C4b3241C544,6818,0xe3502772cd69f996a82429b5a86c2f397c450f47,0xe3502772cd69f996a82429b5a86c2f397c450f47,5.879055,seaport,18566787,1699924591,0x48df373da16369c6dd1e15b9a434af43d5c0591a019df5495737fa87fb46e72d
Azuki,0xED5AF388653567Af2F388E6224dC7C4b3241C544,6818,0x0097b9cfe64455eed479292671a1121f502bc954,0xe3502772cd69f996a82429b5a86c2f397c450f47,6.180545,seaport,18566787,1699924591,0x48df373da16369c6dd1e15b9a434af43d5c0591a019df5495737fa87fb46e72d
Azuki,0xED5AF388653567Af2F388E6224dC7C4b3241C544,4942,0x254d48ef5a30ddacff60a699f0339187ff9d208e,0x254d48ef5a30ddacff60a699f0339187ff9d208e,5.859847,seaport,18564871,1699901430,0xd80eb239cdf80f8e9dcf8d019e5cb3070f753af7de6b76ea33205f58d6ab3333
Azuki,0xED5AF388653567Af2F388E6224dC7C4b3241C544,4942,0x4f59ce7bb4777b536f09116b66c95a5d1ea8a8e6,0x254d48ef5a30ddacff60a699f0339187ff9d208e,6.160353,seaport,18564871,1699901430,0xd80eb239cdf80f8e9dcf8d019e5cb3070f753af7de6b76ea33205f58d6ab3333
Azuki,0xED5AF388653567Af2F388E6224dC7C4b3241C544,5190,0x052773b7c17844159e431bc26f43da2dd44e987b,0x579b4fd416dcfe7803af85d98b7ae0768af18c92,6.2,x2y2,18560081,1699843526,0x5a4c8f8352d250a8209e6c15088778bb4d3b36c3776388fc7c23e2c0f025bc4f
Azuki,0xED5AF388653567Af2F388E6224dC7C4b3241C544,6220,0x57e3cf0221e6a15c55ade85f3c314abe0d41fee6,0x0097b9cfe64455eed479292671a1121f502bc954,6.4298,seaport,18556054,1699794845,0x6a45821c6b1b02b4672da1633b7a74a4d1d206d2e17c9ed9f4b8e70962d12ae7
Azuki,0xED5AF388653567Af2F388E6224dC7C4b3241C544,7238,0xe1361c41c5630f6afa76fb231905c7d41d4aea11,0x2a94ab4931a7403152b64cd1933aaed29439d027,8.8,seaport,18553503,1699764007,0x5cd4c2e8ec0da1232add5e37450398aa85bd43c1190bf4dc68b1f7840b428e57
Azuki,0xED5AF388653567Af2F388E6224dC7C4b3241C544,5245,0xf6c256cc439a3d94eb154303f6fa63bbae768586,0x9878a002856395fd0f3b0f940273a78c4e880d0a,6.5,seaport,18553302,1699761577,0x8eeb19fe4756e5491ca3e0c40ba80c353fed49725f4cfaf530f3098ea5d5afd4
Azuki,0xED5AF388653567Af2F388E6224dC7C4b3241C544,2429,0xa1313a9d6ab08d24e03c2251817b72676df4c3bb,0xac8b0ce8ab15541b02a823647c4740591b108157,8.4,x2y2,18553292,1699761456,0x66c5e920fdf78526ee3b39ddd06a8f1627dfa2c60729b63bd06707fb36b3fec8
Azuki,0xED5AF388653567Af2F388E6224dC7C4b3241C544,7860,0x4ec9f039584fb49483c0266cdd4b84ead39e6e55,0x9de416ab881b322ee0b4c189c2de624090280cf2,6.4459,seaport,18550751,1699730739,0x9c32ddb3a0fa24080491c9315bfb7cc7430f55bb8e2af86767b3f428f823d040
Azuki,0xED5AF388653567Af2F388E6224dC7C4b3241C544,8177,0xa1313a9d6ab08d24e03c2251817b72676df4c3bb,0xa8aad55c115a9213d790e11ad90a60f3540fee72,8.5,x2y2,18550117,1699723075,0xb9bf12c921a57fe74f78f6e319c3ba87411f838e2dd64f0634944c81edae2719
Azuki,0xED5AF388653567Af2F388E6224dC7C4b3241C544,9184,0xb0bf1aa550a443b5ead923b9afcef4d53cc6a150,0x1b4862f983aa573518b612f1bb1579f4b02796cb,6.095,seaport,18545771,1699670538,0x6c48bef4910448f90ac810be5f2ed44d19c8a3d76d3a7f2d286c2526749abed9
Azuki,0xED5AF388653567Af2F388E6224dC7C4b3241C544,784,0x6d596fdfd3381ebb5ecd526ebcaec8cc2ba019ff,0xe7dcc040debda16f385e02c11fe3b7be779aa145,6.25,seaport,18544841,1699659296,0x0d9216684fea61171cf68d584a4dfe841c42cf709dc9900b0f92f1a48fd0a891
Azuki,0xED5AF388653567Af2F388E6224dC7C4b3241C544,5165,0x5a1c3e75838e13b3bfa33d5c63cb3c05bd0dfa27,0x94e9d73a2aeec807d85756b84759965b41866450,6.3,x2y2,18543124,1699638540,0xec61f795acb031b0f9a4fd800c96692021d6d7e1ece4fac68010a269ba1819c7
Azuki,0xED5AF388653567Af2F388E6224dC7C4b3241C544,5165,0x46bfdc4ad3ee7d17342b9bce3b96665a2c33f42c,0x3fc79f226b665c024bea164ada151a2fa6d59c06,0.35,seaport,18540045,1699601319,0xe599af3b19c0380d72ce99fe002e06783b4ecafa029a8b10a7d196650a5f9f0a
Azuki,0xED5AF388653567Af2F388E6224dC7C4b3241C544,6560,0x18beceb3674f20ee3f75c03ef06542c8c882d088,0x18beceb3674f20ee3f75c03ef06542c8c882d088,9.75,seaport,18539947,1699600134,0x9ca6aa9b05ed21dea62e0e5bd19af27f784566dfbabf9e1d4892e7320ba09cd1
Azuki,0xED5AF388653567Af2F388E6224dC7C4b3241C544,6560,0xb11cb1822ca565fefd3fd2d53eaa8784b2f5fa5d,0x18beceb3674f20ee3f75c03ef06542c8c882d088,10.25,seaport,18539947,1699600134,0x9ca6aa9b05ed21dea62e0e5bd19af27f784566dfbabf9e1d4892e7320ba09cd1
Azuki,0xED5AF388653567Af2F388E6224dC7C4b3241C544,7860,0x9de416ab881b322ee0b4c189c2de624090280cf2,0x07f7ded89d22c4baba44346577cebcbb9d1db81d,6.3,x2y2,18539540,1699595214,0x86814dbb13541b25cf0862b2618360fc0045b3d9d8511c10310543540dfef610
Azuki,0xED5AF388653567Af2F388E6224dC7C4b3241C544,8268,0x05c250120ce07ba6fe361b39ac344148435c25ca,0x5a1c3e75838e13b3bfa33d5c63cb3c05bd0dfa27,6.8,x2y2,18538638,1699584311,0x2460290bfa5b3b888b0e9e7ef9443585c9c60796e3a2e00031a0f5dcbe5c542f
Azuki,0xED5AF388653567Af2F388E6224dC7C4b3241C544,2344,0x899f9dbac9d84cae55d72efb22ed1cb91c0dd66d,0x899f9dbac9d84cae55d72efb22ed1cb91c0dd66d,5.7525,seaport,18537764,1699573745,0x50c28ca63d1a3a0d3e420d3d1cf0aef37d009683b3dcfa454c931d5768ee0535
Azuki,0xED5AF388653567Af2F388E6224dC7C4b3241C544,2344,0x0097b9cfe64455eed479292671a1121f502bc954,0x899f9dbac9d84cae55d72efb22ed1cb91c0dd66d,6.0475,seaport,18537764,1699573745,0x50c28ca63d1a3a0d3e420d3d1cf0aef37d009683b3dcfa454c931d5768ee0535
Azuki,0xED5AF388653567Af2F388E6224dC7C4b3241C544,4278,0x276417be271dbeb696cb97cda7c6982fd89e6bd4,0x9de416ab881b322ee0b4c189c2de624090280cf2,6.95,x2y2,18535600,1699547585,0x5546b81c957c4bae7ab1b27d75796703ef85fe913d4b3f6a4ad0814289681120
Azuki,0xED5AF388653567Af2F388E6224dC7C4b3241C544,3853,0x3b132bfc31cf54eed8c06497213cfb66e1f788d6,0x4d8b2c0de9fd5826e87a704767828a73b30a58b4,6.5,seaport,18535065,1699541118,0xa566af6cc0667bee2a7de28a2f3eaadfe9e8c4002bf3f6189235b1b197395eab
Azuki,0xED5AF388653567Af2F388E6224dC7C4b3241C544,9694,0x3fc79f226b665c024bea164ada151a2fa6d59c06,0x99d81318e6dc3933ff30325aa2283474981c4e7d,6.5,seaport,18534699,1699536694,0x1ffa4a2f2b01e5e3b258226a442fa8149475a3eabb6d62e7b29eff66d359bec5
Azuki,0xED5AF388653567Af2F388E6224dC7C4b3241C544,9177,0x97618f26046f44135af37417e67d84dbd4fdf926,0xa099ec99966fa615c29b1ec56ce403fe655bca40,3.1,seaport,18532681,1699512291,0x271bdbc648e64d381ddfdbf5d4833dc3a70635e7e67b7d4f362b046213ac4c9b
Azuki,0xED5AF388653567Af2F388E6224dC7C4b3241C544,9525,0x6f0037ffe1506f82fc8064bc8f6c2dc22ebb711f,0xe5e4a4be27e89da37948542782c9b55161242af4,6.25,seaport,18531754,1699501076,0x3f44d79df0e9c671c66974900f812ecccbcf8f37ea811d3f8b0f369533a07ec2
Azuki,0xED5AF388653567Af2F388E6224dC7C4b3241C544,3763,0xe1e63895091ae9061646c6ea22a3fd686b2f68a5,0x8cde3caa8b8c77a3b032c9149717a7db7fe41438,0.35,seaport,18530234,1699482687,0x9ac14270abb125fc1526d86933cdf56d2ae2a3a774e933181452ee8aabf58ea9
Azuki,0xED5AF388653567Af2F388E6224dC7C4b3241C544,5769,0x623d8f9197a2bc850371252943ce3ebdc6e895f1,0xa652d02215d9464f629a63edcecaa6595af1534e,6.9,seaport,18529294,1699471315,0xabbd14876ce154f714ce5fd5db16fa73602b51aa9e64ff6debff85d5b9c4bd04
Azuki,0xED5AF388653567Af2F388E6224dC7C4b3241C544,9765,0x320eb9c685d069f100acd17b64d90b963c2b7ee8,0x2012a51195d15ded613f1c7ed5bf24ee023eb595,6.35,seaport,18527368,1699448014,0x4c9085f40340908eb31f9e56b4084e39c666b1add55326c25aaee3ae774a8928
Azuki,0xED5AF388653567Af2F388E6224dC7C4b3241C544,1343,0xedf414140a94bd5d8e3ba63a7abcf5bee73bcb32,0x3f645cb49ff724e42373837bc9393d899bee2b3a,5.898,seaport,18526918,1699442570,0xe0d7ccab2839c4cecbb7a2bb1175ab1a5444b289c80b6f50dead950ffd02d49b
Azuki,0xED5AF388653567Af2F388E6224dC7C4b3241C544,172,0xa5ac1180d22a9276c5f43856cf345cbf4dafcd4b,0x07f7ded89d22c4baba44346577cebcbb9d1db81d,5.79,x2y2,18524511,1699413450,0xf032f22108f3956ddd92344c02ea3341c43f415c33eecbf0c8fda51654a573cf
Azuki,0xED5AF388653567Af2F388E6224dC7C4b3241C544,7110,0x5ce4b7986ae6674e782401018fadd8a1c50e8f9c,0x5a1c3e75838e13b3bfa33d5c63cb3c05bd0dfa27,5.85,x2y2,18524344,1699411430,0x11b1eb2f4bc27fe866ad79e7f4a072bb5e60e534f5f637ea124b4a262d13ee18
Azuki,0xED5AF388653567Af2F388E6224dC7C4b3241C544,8418,0xd4950f1ba76e1ef19dfea078dcfb671fda2237bf,0x9de416ab881b322ee0b4c189c2de624090280cf2,7.499,seaport,18522983,1699394964,0x13076a0effae2b4e691a65e422fa288bed5de6ace465e684d821fe377f762e50
Azuki,0xED5AF388653567Af2F388E6224dC7C4b3241C544,3717,0xb3d9a26bcd467436c115c9b3040d64b5118d04e4,0x3f645cb49ff724e42373837bc9393d899bee2b3a,5.898,seaport,18522097,1699384245,0xf9dd0a936a114e40a792a6814882740700096a55023f267419c34ca8fbca1922
Azuki,0xED5AF388653567Af2F388E6224dC7C4b3241C544,1228,0xb3d9a26bcd467436c115c9b3040d64b5118d04e4,0xb3d9a26bcd467436c115c9b3040d64b5118d04e4,5.508847,seaport,18522072,1699383943,0xeaffb0b365a7c62afa73d036c09901f48c7b13df8a9f12f5d267861d0c10ad66
Azuki,0xED5AF388653567Af2F388E6224dC7C4b3241C544,1228,0x3e18e3987b3b73f4e7cb80e2b25776df7a30bb8b,0xb3d9a26bcd467436c115c9b3040d64b5118d04e4,5.791353,seaport,18522072,1699383943,0xeaffb0b365a7c62afa73d036c09901f48c7b13df8a9f12f5d267861d0c10ad66
Azuki,0xED5AF388653567Af2F388E6224dC7C4b3241C544,8825,0x9675b0ed61d85ad9c0f16ae071b7002c5747caca,0xa4fb0e1f6ad0a87a3ec2427ca3a944c42d19d1ca,5.9,x2y2,18522041,1699383568,0x3990e679d631a04cdb4bb8dae5ba375bd83f4ee549037ffa7d82af8aac149ab9
Azuki,0xED5AF388653567Af2F388E6224dC7C4b3241C544,9615,0x6d685fd5c37c17c747357a842f6e84e802c91ec6,0x9de416ab881b322ee0b4c189c2de624090280cf2,5.699,seaport,18521617,1699378438,0xaa1dbc52c4a75ae43c778258c7da0ea2d073e53e649f8ae318bbec245e16c76e
Azuki,0xED5AF388653567Af2F388E6224dC7C4b3241C544,5449,0x8d60c98d573eba4610e127a5e93a324e2298caef,0xa5ac1180d22a9276c5f43856cf345cbf4dafcd4b,14.69,seaport,18520837,1699369002,0x162a291d37de256393f53702bd869fd69c2494b295deec163303f7eb554303e0
Azuki,0xED5AF388653567Af2F388E6224dC7C4b3241C544,3235,0x96cd7d1b55245a29b832d212b833843354e73c1c,0x8d53f8c3cf2999317a8221930b0b73f1c82f0453,0.0,seaport,18520128,1699360424,0x17e1c027efda5b964b37ed3477787f95c8c58ab31294b71ed9ac7dee94b94af1
Azuki,0xED5AF388653567Af2F388E6224dC7C4b3241C544,8418,0x9de416ab881b322ee0b4c189c2de624090280cf2,0x8d04cf38a7b30053546f7ca7d7eff74331b38a19,6.3,x2y2,18520073,1699359759,0x881b94efaf4db16a441fc98b01bb7e1b60210222729d966f03105e75b63e10f2
Azuki,0xED5AF388653567Af2F388E6224dC7C4b3241C544,9312,0xadaf51f1e434c446abc90ffdaf1c3a967e6f2ea1,0x8d04cf38a7b30053546f7ca7d7eff74331b38a19,6.6,x2y2,18519902,1699357690,0xd229f16c0a4c5136b8070acc9b566558da4cf59f6ed3dba8c0ae96e7b5dc3eed
Azuki,0xED5AF388653567Af2F388E6224dC7C4b3241C544,2875,0x1fec03eb0dbd4190deb139e429a9de6c29de70a6,0x88f3afa9757779a957b75890d2ff410d00d623a2,5.59,seaport,18519494,1699352754,0x0841f98c9e0d8504ccd374ae173565e9cf44328bdd3e7c020d5829c079eab50f
Azuki,0xED5AF388653567Af2F388E6224dC7C4b3241C544,7060,0xa4fb0e1f6ad0a87a3ec2427ca3a944c42d19d1ca,0xef7faf822bb60ecdb02b8e19b07782bd51ed8e67,5.42,seaport,18519490,1699352706,0x478680d7833a3bc95edec3677ad104d69e2ed65cf34cca2d7d1014ae390262d0
Azuki,0xED5AF388653567Af2F388E6224dC7C4b3241C544,562,0x6c7fa423bf314f0ac9fe74afd50e82a5d41fd455,0xb64645313172e32814db23cd83ff0fb39ad49baf,5.197,seaport,18517632,1699330227,0x264d574c93b4a580a707e36d6e9070242333b2e8e5c21f65b6562ed11ad5d638
Azuki,0xED5AF388653567Af2F388E6224dC7C4b3241C544,7706,0x6c7fa423bf314f0ac9fe74afd50e82a5d41fd455,0x3f645cb49ff724e42373837bc9393d899bee2b3a,5.148,seaport,18517629,1699330191,0xfeb891f85ace5d24947a465018782c66319a84129ea10449fd4c787d0472417f
Azuki,0xED5AF388653567Af2F388E6224dC7C4b3241C544,8748,0x8c83b03fd3c094eec84a2afbef86a88adc3156fd,0x2d13090af97a61491497d16270d52e2a1eb65468,5.41,seaport,18515359,1699302729,0x4760c913533807c165b7e1aadebfbf272893e3c01b24422eee4c4851fd24f8da
Azuki,0xED5AF388653567Af2F388E6224dC7C4b3241C544,1195,0x8c2141da5aa1048eff84c979df27eae47b2406da,0x8c2141da5aa1048eff84c979df27eae47b2406da,4.92492,seaport,18513332,1699278206,0x1de70b1113c6be1a7dacefb8895a3daa71d6a61640db5d43e806eadbeae449c7
Azuki,0xED5AF388653567Af2F388E6224dC7C4b3241C544,1195,0x0097b9cfe64455eed479292671a1121f502bc954,0x8c2141da5aa1048eff84c979df27eae47b2406da,5.17748,seaport,18513332,1699278206,0x1de70b1113c6be1a7dacefb8895a3daa71d6a61640db5d43e806eadbeae449c7
Azuki,0xED5AF388653567Af2F388E6224dC7C4b3241C544,1113,0x70e7ee4dbbf6f91ef363cd701f4b98b70ec1ba52,0x70e7ee4dbbf6f91ef363cd701f4b98b70ec1ba52,4.909905,seaport,18509035,1699226220,0x7d2bd5b2fd06cbbb3e4d8f3caddb403369947298208d5eba78e611319c31b93e
Azuki,0xED5AF388653567Af2F388E6224dC7C4b3241C544,1113,0x0097b9cfe64455eed479292671a1121f502bc954,0x70e7ee4dbbf6f91ef363cd701f4b98b70ec1ba52,5.161695,seaport,18509035,1699226220,0x7d2bd5b2fd06cbbb3e4d8f3caddb403369947298208d5eba78e611319c31b93e
Azuki,0xED5AF388653567Af2F388E6224dC7C4b3241C544,338,0xc5c362f9ae6a5a152cbeec146957c517d6d1ece6,0x2d49b52ef7ad7925001e6d700e08c1c0d3798502,5.3,seaport,18508915,1699224769,0x5015a6853cf9582a3fc4643e2c3c0626995b50cdab02ab8222d7e8a0edc7e5c8
Azuki,0xED5AF388653567Af2F388E6224dC7C4b3241C544,605,0x2d99d10bef3737bceb1c0f021d3dcd978c3efc8c,0x2d99d10bef3737bceb1c0f021d3dcd978c3efc8c,4.867297,seaport,18507781,1699211049,0x49ec71144cfb6ca88e19aa004f959329ceab4ff453576d8f491b5ba34a106dc2
Azuki,0xED5AF388653567Af2F388E6224dC7C4b3241C544,605,0x0097b9cfe64455eed479292671a1121f502bc954,0x2d99d10bef3737bceb1c0f021d3dcd978c3efc8c,5.116903,seaport,18507781,1699211049,0x49ec71144cfb6ca88e19aa004f959329ceab4ff453576d8f491b5ba34a106dc2
Azuki,0xED5AF388653567Af2F388E6224dC7C4b3241C544,3929,0x3e0f2d4aa828f2aa19deccf8a6bd0360c746cf48,0x3f645cb49ff724e42373837bc9393d899bee2b3a,5.198,seaport,18507181,1699203791,0x998442efecb94a0f27c54fbbdefee55f55263e5c3941d0215fb3330146aca651
Azuki,0xED5AF388653567Af2F388E6224dC7C4b3241C544,7731,0x489d200811d7a7ad478e7abcd9ac5caaa729751c,0x14fac991997edd56f2a481d32e4ae37f8272f8e1,7.0,x2y2,18501736,1699137917,0x4b733f76bd77da1ecaec3d09b057fc4cbcd11cd1aec897e57b76f926b9cb7bad
Azuki,0xED5AF388653567Af2F388E6224dC7C4b3241C544,8631,0xfacf957c0daae3882a7802f2d2dd90e863083650,0xfacf957c0daae3882a7802f2d2dd90e863083650,4.877535,seaport,18501298,1699132618,0xdd9bc8711f6b9ec5233803bb37d7bf1b20624b1ab052aa2501034b9e4eb547e6
Azuki,0xED5AF388653567Af2F388E6224dC7C4b3241C544,8631,0x0097b9cfe64455eed479292671a1121f502bc954,0xfacf957c0daae3882a7802f2d2dd90e863083650,5.127665,seaport,18501298,1699132618,0xdd9bc8711f6b9ec5233803bb37d7bf1b20624b1ab052aa2501034b9e4eb547e6
Azuki,0xED5AF388653567Af2F388E6224dC7C4b3241C544,4778,0x56cd93087072da501b066290d407447d7a9aa567,0x56cd93087072da501b066290d407447d7a9aa567,4.6176,seaport,18497650,1699088484,0x3b083f8b76fd0899588d7df46a31f53589091732474bc1409d9b79bf28e93d43
Azuki,0xED5AF388653567Af2F388E6224dC7C4b3241C544,4778,0x4cec924686aa44056eb36064abe887d6af0d7cff,0x56cd93087072da501b066290d407447d7a9aa567,5.3664,seaport,18497650,1699088484,0x3b083f8b76fd0899588d7df46a31f53589091732474bc1409d9b79bf28e93d43
Azuki,0xED5AF388653567Af2F388E6224dC7C4b3241C544,1456,0x08b1c0fbdb3c4e22a6448b3ce3fa825b61c81094,0x71bfb8e9775ba531c9a4bc25eca6a8ff8a62c336,5.2,x2y2,18496668,1699076604,0xee2451225737f56f7062f17db800420fbf33f6f481de03123ec050e40197157b
Azuki,0xED5AF388653567Af2F388E6224dC7C4b3241C544,7494,0x7f22d0ceab70672682ce2a590b069f506342366d,0x9de416ab881b322ee0b4c189c2de624090280cf2,5.45,x2y2,18492842,1699030316,0xbc677e07911702fccda0f1be506224331802f041ea88c8b9932f811b0092a6a8
Azuki,0xED5AF388653567Af2F388E6224dC7C4b3241C544,3343,0x4a5b46fe0725ded3bc227e3fb19dccc7ab0fbea1,0x4a5b46fe0725ded3bc227e3fb19dccc7ab0fbea1,4.90113,seaport,18492790,1699029687,0xa95179336877e3bea95a3403c4b3f1c52a7a7df39ee83f15c12e4ebd0d21c95c
Azuki,0xED5AF388653567Af2F388E6224dC7C4b3241C544,3343,0x0097b9cfe64455eed479292671a1121f502bc954,0x4a5b46fe0725ded3bc227e3fb19dccc7ab0fbea1,5.15247,seaport,18492790,1699029687,0xa95179336877e3bea95a3403c4b3f1c52a7a7df39ee83f15c12e4ebd0d21c95c
Azuki,0xED5AF388653567Af2F388E6224dC7C4b3241C544,1069,0xc4da1707a7a16cf4ac15d75d6a49a684b23ee1e4,0x5573f84b3e56ae210add18d898036038470695cf,0.85,seaport,18485784,1698944928,0x1fab5e825475fd91e9be62dff9b574068b497de98e7c6f5f273470fa672dd689
Azuki,0xED5AF388653567Af2F388E6224dC7C4b3241C544,6602,0x5d3904aff60af6fef09366c3a3be0a3a7d826eda,0xa75c6950871495082eef89b850be547b1eebde6e,5.85,seaport,18483266,1698914465,0x78fcf497a83cd5268b41500eb701c2acc7e841054a4c2bd1d876ed7ae995d54e
Azuki,0xED5AF388653567Af2F388E6224dC7C4b3241C544,1731,0xf33654f85ba6b567f8841c8c954635b27e14c49d,0x926320a63e19710edd31c226d65312fbd994a10f,9.0,seaport,18481854,1698897383,0xf5e974b5fd7fef345036e294df1de688bffeb6e50671853e3c5eeffa60bd9173
Azuki,0xED5AF388653567Af2F388E6224dC7C4b3241C544,7788,0x6d596fdfd3381ebb5ecd526ebcaec8cc2ba019ff,0x9de416ab881b322ee0b4c189c2de624090280cf2,5.399,seaport,18481792,1698896633,0xf3c0721b442e9f914acacec3b9fe9086b89d95211fa793cf307991b02a0d9c20
Azuki,0xED5AF388653567Af2F388E6224dC7C4b3241C544,49,0x3754f6e81f0ea92041072d2205061c18ff2ae28b,0xc42a28cf7e57d2a714e01e0d13c76346ce305e7c,5.4,x2y2,18473424,1698795396,0x4c52f63033cd44bba5760690ed5d6c6eb47b31cd80e22a0f3f25959632c761be
Azuki,0xED5AF388653567Af2F388E6224dC7C4b3241C544,2987,0xef0b56692f78a44cf4034b07f80204757c31bcc9,0x07f7ded89d22c4baba44346577cebcbb9d1db81d,5.395,seaport,18472619,1698785657,0x5308adad262c1c6ee6df6ae99cf823eb6e2fb16aa573cff316cc63435384e6d9
Azuki,0xED5AF388653567Af2F388E6224dC7C4b3241C544,9917,0x010d7eafcec7589832aca1170aeb23d21951d396,0xcfd6b68da29800c493591286172a8d0a85f487ba,5.24,seaport,18471560,1698772845,0x3e71b9cc2d54cce6869938fa4f3fd8190013a07066d1b47f2cca648fb52547ad
Azuki,0xED5AF388653567Af2F388E6224dC7C4b3241C544,6776,0x475b630e22a5e43b19c9a6faeb78e6183647edb1,0x94e9d73a2aeec807d85756b84759965b41866450,5.6,x2y2,18467661,1698725676,0xd6fda3ac91ac5d1060e01cf6a6a857e5bdf3dca382ac43a25ebc9b0b693ce72d
Azuki,0xED5AF388653567Af2F388E6224dC7C4b3241C544,5273,0x7bdb890912afb8e55a47fe9a61332a0afc48faa6,0x7f22d0ceab70672682ce2a590b069f506342366d,5.45,seaport,18456647,1698592449,0xaff6528c8aaa4f9ee1a061bd0db789f4ef1970b65e2c183bc747614a7d798db6
Azuki,0xED5AF388653567Af2F388E6224dC7C4b3241C544,670,0x8d53f8c3cf2999317a8221930b0b73f1c82f0453,0x8d53f8c3cf2999317a8221930b0b73f1c82f0453,5.046308,seaport,18456507,1698590756,0x7f55b941dac5aaf4e5507d26fd5076ead088f54db9a274353ab3468b9af95fa3
Azuki,0xED5AF388653567Af2F388E6224dC7C4b3241C544,670,0x0097b9cfe64455eed479292671a1121f502bc954,0x8d53f8c3cf2999317a8221930b0b73f1c82f0453,5.305092,seaport,18456507,1698590756,0x7f55b941dac5aaf4e5507d26fd5076ead088f54db9a274353ab3468b9af95fa3
Azuki,0xED5AF388653567Af2F388E6224dC7C4b3241C544,5486,0xec9c30c30387a6225aba15e924143ca7044c2ffb,0x26013b787aac632a92483f669e2de85103ad2536,5.4,seaport,18446472,1698469371,0x2ffbcaf70654dfa97f1a9c82f17ffb733a8615639f0f339032b8d7ad10868802
Azuki,0xED5AF388653567Af2F388E6224dC7C4b3241C544,6812,0xba2039974a2e088344b4dc804da8ef88ae00edd9,0x1f955d56bfdc4eb4e97a865173065dd1f9fd29aa,5.3,seaport,18445322,1698455461,0xd34286c8790559e4278b80c44a4c9febdbadfe792a96ae040eca11be1ffa621e
Azuki,0xED5AF388653567Af2F388E6224dC7C4b3241C544,7144,0xbc1934f548417f79ab10138b57716fbc7c25c177,0xfc04b3a6e6af56651bd3a2353599c6df29a301ea,0.3,seaport,18441045,1698403726,0xbe65f68200da52d7fde2492fede6ef99c126bb27b856fa2aa09afb06e5100617
Azuki,0xED5AF388653567Af2F388E6224dC7C4b3241C544,2214,0x54a008182e38e449c32c3fc64af927b352148d28,0xeaeaa1e30d62bea880d5f38171bb32a2f91bfdce,4.998,seaport,18440665,1698399129,0x86df88b9c6b77d199de42d3fe27bea3a32dec6c57c5a009e32761636acb6e057
Azuki,0xED5AF388653567Af2F388E6224dC7C4b3241C544,8927,0x957c7b103f0bbd8203c3151c36393fa151a5c5ca,0x957c7b103f0bbd8203c3151c36393fa151a5c5ca,4.5942,seaport,18435678,1698338806,0x1961239c0d8e04990d5a6f618286f0ea42464346d9aced80a3f88e5331358995
Azuki,0xED5AF388653567Af2F388E6224dC7C4b3241C544,8927,0x0097b9cfe64455eed479292671a1121f502bc954,0x957c7b103f0bbd8203c3151c36393fa151a5c5ca,4.8298,seaport,18435678,1698338806,0x1961239c0d8e04990d5a6f618286f0ea42464346d9aced80a3f88e5331358995
Azuki,0xED5AF388653567Af2F388E6224dC7C4b3241C544,5755,0x94e9d73a2aeec807d85756b84759965b41866450,0x8d53f8c3cf2999317a8221930b0b73f1c82f0453,0.0,seaport,18433527,1698312787,0xbfd63cdb47df1262a56b9d1ebf54e468d8a63234f95a3325f5014ced4af05d99
Azuki,0xED5AF388653567Af2F388E6224dC7C4b3241C544,3856,0xbf653cef2d06ee5b00fa1427acdb5056274921da,0x8d53f8c3cf2999317a8221930b0b73f1c82f0453,5.4,x2y2,18433483,1698312255,0x035eb5b93e3e907a031b3a1d32c3325fd32e9a99873ac33e0d61e4c8d50753d4
Azuki,0xED5AF388653567Af2F388E6224dC7C4b3241C544,3856,0x8d53f8c3cf2999317a8221930b0b73f1c82f0453,0x0f65465ae79bab6241ec51e2d20d3183d76c6b0a,5.349,x2y2,18432706,1698302856,0x884da1a4d107c5ff61cbd77f9d433bbbb97c62ffdde0592de3e066208f13a7c0
Azuki,0xED5AF388653567Af2F388E6224dC7C4b3241C544,3284,0x949b82dfc04558bc4d3ca033a1b194915a3a3bee,0x949b82dfc04558bc4d3ca033a1b194915a3a3bee,4.710225,seaport,18430824,1698280091,0x23c9220f124c26dee2ec4effc531c050569d4d10b2930779df3fa36d7542b944
Azuki,0xED5AF388653567Af2F388E6224dC7C4b3241C544,3284,0x0097b9cfe64455eed479292671a1121f502bc954,0x949b82dfc04558bc4d3ca033a1b194915a3a3bee,4.951775,seaport,18430824,1698280091,0x23c9220f124c26dee2ec4effc531c050569d4d10b2930779df3fa36d7542b944
Azuki,0xED5AF388653567Af2F388E6224dC7C4b3241C544,3710,0x7688e7f86a4c561d38859d2d4df98d6b1c6d9903,0x3abbb9bd3486b030d000c215e59bbdbb23b55be9,5.195,seaport,18430021,1698270378,0xa79117839b34a3f0ac2aee788a3e2699016b503d13522e71446198e48ec07a2e
Azuki,0xED5AF388653567Af2F388E6224dC7C4b3241C544,7399,0x9264e46816826d9bac185c9f363800576ab576d3,0x9264e46816826d9bac185c9f363800576ab576d3,4.503135,seaport,18427675,1698242001,0xd75e2939d96e18ccca9ecd55697f9c95e1735702728f239f78bb4e4e01e21b59
Azuki,0xED5AF388653567Af2F388E6224dC7C4b3241C544,7399,0x4f59ce7bb4777b536f09116b66c95a5d1ea8a8e6,0x9264e46816826d9bac185c9f363800576ab576d3,4.734065,seaport,18427675,1698242001,0xd75e2939d96e18ccca9ecd55697f9c95e1735702728f239f78bb4e4e01e21b59
Azuki,0xED5AF388653567Af2F388E6224dC7C4b3241C544,8575,0xc821d3d24c27c713a9e2758086bd29b23f7381e2,0xc821d3d24c27c713a9e2758086bd29b23f7381e2,4.836,seaport,18427239,1698236727,0x514f9a66b5dfd54d71cbd8263fed0312245fa57b8a60c35529a80e1ade20c2f1
Azuki,0xED5AF388653567Af2F388E6224dC7C4b3241C544,8575,0x2f2e0712ba285509a60663b7849f423707cb987d,0xc821d3d24c27c713a9e2758086bd29b23f7381e2,5.084,seaport,18427239,1698236727,0x514f9a66b5dfd54d71cbd8263fed0312245fa57b8a60c35529a80e1ade20c2f1
Azuki,0xED5AF388653567Af2F388E6224dC7C4b3241C544,4159,0xed95049f4ba1a7cb4d0f940f670cc11cba3046f3,0x3754f6e81f0ea92041072d2205061c18ff2ae28b,0.0,seaport,18424496,1698203547,0x0530ae18de986a2903628194e2109850b61420dfac4f15b52beb9e8dd2d9f6c0
Azuki,0xED5AF388653567Af2F388E6224dC7C4b3241C544,5567,0xef0b56692f78a44cf4034b07f80204757c31bcc9,0x57c24d4de21ea9eb61e86758d57d5afaa8e0c685,5.55,seaport,18420702,1698157654,0x0607f305018db7b5673b925b47ce79399784e37635ffe87ac8aa9799cc471f54
Azuki,0xED5AF388653567Af2F388E6224dC7C4b3241C544,1457,0x0fcbfc0a67985ee0803def22343ec4aeed02760e,0xe727204d83391782f171489c34bcb16586842b7f,0.3,seaport,18420641,1698156916,0xc84c4ea8a365abf498ed423a62625cfb4c3e3fa2e8e3e21534841eda1c615f33
Azuki,0xED5AF388653567Af2F388E6224dC7C4b3241C544,9741,0xeaeaa1e30d62bea880d5f38171bb32a2f91bfdce,0xeaeaa1e30d62bea880d5f38171bb32a2f91bfdce,5.11875,seaport,18419551,1698143732,0x7a1384ac84120234c5bb7611dbc6ec771b29f54ca26572de94857e5f3d94e452
Azuki,0xED5AF388653567Af2F388E6224dC7C4b3241C544,9741,0xd713c40560eb0b639fb992d470e72b898bba79d4,0xeaeaa1e30d62bea880d5f38171bb32a2f91bfdce,5.38125,seaport,18419551,1698143732,0x7a1384ac84120234c5bb7611dbc6ec771b29f54ca26572de94857e5f3d94e452
Azuki,0xED5AF388653567Af2F388E6224dC7C4b3241C544,2601,0x86e82f7ea96e61e437e190b9e6716f7b1a8fbda8,0x86e82f7ea96e61e437e190b9e6716f7b1a8fbda8,4.95066,seaport,18419338,1698141155,0x1a54344c02a170143ffa9f4840dc1185a16236c2f574e991608792f25a392903
Azuki,0xED5AF388653567Af2F388E6224dC7C4b3241C544,2601,0x0097b9cfe64455eed479292671a1121f502bc954,0x86e82f7ea96e61e437e190b9e6716f7b1a8fbda8,5.20454,seaport,18419338,1698141155,0x1a54344c02a170143ffa9f4840dc1185a16236c2f574e991608792f25a392903
Azuki,0xED5AF388653567Af2F388E6224dC7C4b3241C544,8715,0x3a083c49a4436556dc342375685d323f2a03d28d,0x1a9c90ff380f04b1ff8e9f36d4488bab48e82f3c,6.2,x2y2,18418617,1698132434,0xc6d14cc96684ee4d37fbf43bd3681b596a785272372e63f6520152fe3344d2d5
Azuki,0xED5AF388653567Af2F388E6224dC7C4b3241C544,3309,0x2d55d3cd613d1c88ba591525c7b7689eab831d81,0xfc3023f24982fb0fc38226627f80b4a177d920bf,115.0,seaport,18417063,1698113637,0xe9d686c5b57b838f19bb03574bb23f8da0be8a0c8bdb3cd7e396705190063dbd
Azuki,0xED5AF388653567Af2F388E6224dC7C4b3241C544,4278,0x9de416ab881b322ee0b4c189c2de624090280cf2,0x0c80a1162a061d1c63743fef56204c3fca45074f,5.4,x2y2,18417018,1698113092,0xb3cd034c467688579afe7529efd13f7dc5f3fd7c3e54949c796f1e2687bc8a67
Azuki,0xED5AF388653567Af2F388E6224dC7C4b3241C544,7780,0xc6b65187f9e07b9e4b73a2262dc3bede7301398a,0x94e9d73a2aeec807d85756b84759965b41866450,5.3955,seaport,18413085,1698065518,0xdb110443d686c5a5025ad5f1acb6a2e1cb1b60d1909c29276d51949bd25e8e3d
Azuki,0xED5AF388653567Af2F388E6224dC7C4b3241C544,802,0xc6b65187f9e07b9e4b73a2262dc3bede7301398a,0xeaeaa1e30d62bea880d5f38171bb32a2f91bfdce,5.598,seaport,18412979,1698064236,0xaff0ca5c27caca90e40e15f55f247cbc3eb3e25824c08586613dfd41d8aa31f1
Azuki,0xED5AF388653567Af2F388E6224dC7C4b3241C544,8568,0x7c2dca7f51a67e659ee1a3e176db9ae49a0a3df7,0x7c2dca7f51a67e659ee1a3e176db9ae49a0a3df7,5.1675,seaport,18411814,1698050144,0x6b771034984e6447536a1c7cdfce3fb65eeea6da76af5ce49b1cadaad3aa844b
Azuki,0xED5AF388653567Af2F388E6224dC7C4b3241C544,8568,0x4277a2ffebf046eea19c4bddd5177435e735f7d4,0x7c2dca7f51a67e659ee1a3e176db9ae49a0a3df7,5.4325,seaport,18411814,1698050144,0x6b771034984e6447536a1c7cdfce3fb65eeea6da76af5ce49b1cadaad3aa844b
Azuki,0xED5AF388653567Af2F388E6224dC7C4b3241C544,3974,0x3b17edca12b0b72145412d86d08e8366291c59cf,0x4277a2ffebf046eea19c4bddd5177435e735f7d4,6.2,seaport,18411361,1698044664,0x19ef9c2f1f27d8c5311dc749a06cddeb7e50a286625d9bb64ea8a8d8f1c5f25e
Azuki,0xED5AF388653567Af2F388E6224dC7C4b3241C544,6647,0x21f8ff01dcb248bb26eb0bc5a0fb25c7e586c807,0x0f65465ae79bab6241ec51e2d20d3183d76c6b0a,5.5,x2y2,18409933,1698027391,0x411a4c512935515e28feb2a481f70103b6b036b67bd839daf78c99a7795359cc
Azuki,0xED5AF388653567Af2F388E6224dC7C4b3241C544,9614,0x73d30ba3dc4ffd17c28cc2d75d12e50df98f29cf,0xd2682654742f5036545e90badfd01be7722da190,5.1,seaport,18409487,1698021996,0x5feab4dd7112361a4a28987b35069e1a00f9d66406988477efde35952b954a19
Azuki,0xED5AF388653567Af2F388E6224dC7C4b3241C544,7242,0xc7b72bb1acdce3eb45f9b38f43cd31e4927c725b,0x48bc8ca6d9369fa80e1a725aea2bfc9b956514f8,45.0,x2y2,18408925,1698015198,0x98f4b514509e2b858067a2c499d6da875a31406808af93ef3cb9b1ecd2a2dda2
Azuki,0xED5AF388653567Af2F388E6224dC7C4b3241C544,666,0x0459f2b0d1fc7394e4ec12d28147e6a086cf26e7,0x0097b9cfe64455eed479292671a1121f502bc954,0.0,seaport,18407336,1697995978,0xf55b142345da6d41002ab61496cea5a072bd24b0df9826796ae13b524657082c
Azuki,0xED5AF388653567Af2F388E6224dC7C4b3241C544,2925,0x819fda6094d1851a9a755f45d73ccaa72b4cadfe,0x5a1c3e75838e13b3bfa33d5c63cb3c05bd0dfa27,5.55,x2y2,18406844,1697990026,0x13f066e07b3858cb9bc321592f597b3b6df667b4496defbb997f12a0f0744c99
Azuki,0xED5AF388653567Af2F388E6224dC7C4b3241C544,7242,0x48bc8ca6d9369fa80e1a725aea2bfc9b956514f8,0xcb415344cd0fc552ce7b48ee9375991ff5865895,0.0,seaport,18404627,1697963209,0xbe90701fdc861396f4793ec2374de71214a8c47f07dece59b1ce41b210eb8988
Azuki,0xED5AF388653567Af2F388E6224dC7C4b3241C544,6966,0x05c250120ce07ba6fe361b39ac344148435c25ca,0xaf37d6b9bfe0f5e4954ba1f2d0734aac32b2ae34,5.3,x2y2,18403365,1697947944,0x8f16e19a9ea1a4c4183f2196c99307734ba1580c7d5f795f02f99a8716ee6e4d
Azuki,0xED5AF388653567Af2F388E6224dC7C4b3241C544,4248,0xc6b65187f9e07b9e4b73a2262dc3bede7301398a,0xc6b65187f9e07b9e4b73a2262dc3bede7301398a,6.825,seaport,18402527,1697937807,0x5f2f7c98c5726d6706973aa3081ab87f2228fd020f5986e45e44d110fbbab2f9
Azuki,0xED5AF388653567Af2F388E6224dC7C4b3241C544,4248,0xb627d47f80974cf3ed50e00c15965909b1e07e15,0xc6b65187f9e07b9e4b73a2262dc3bede7301398a,7.175,seaport,18402527,1697937807,0x5f2f7c98c5726d6706973aa3081ab87f2228fd020f5986e45e44d110fbbab2f9
Azuki,0xED5AF388653567Af2F388E6224dC7C4b3241C544,4946,0x3e316f6abe52fc5cf70a6c9c0932dcb1fcbf3d62,0x99d81318e6dc3933ff30325aa2283474981c4e7d,4.8,seaport,18400914,1697918296,0x10367e23b87416e53afefbe69c86c85c0d3d373753c97ddc13c1cdcca1902cda
Azuki,0xED5AF388653567Af2F388E6224dC7C4b3241C544,670,0xcc1c42c3a917a1f48b3d022104e7538abd0f081d,0x99d81318e6dc3933ff30325aa2283474981c4e7d,4.958,seaport,18400800,1697916917,0x38e05b80141743fa058d2728b15e95c23912f67302a6d737ac75cdaa4584bdf7
Azuki,0xED5AF388653567Af2F388E6224dC7C4b3241C544,1814,0xef0b56692f78a44cf4034b07f80204757c31bcc9,0xd5c030e041d56acd9c3461f3e564d6d67d0117b2,5.0,seaport,18399345,1697899320,0x430136502eab7b6eb8d83966d6eade4168b8d3eb5086239b7b60950f50ca10f3
Azuki,0xED5AF388653567Af2F388E6224dC7C4b3241C544,6229,0x8384002e0446d58d60e7922ac224e05f08d47c72,0x14d88c9330dcea715066df0695471ef393a5894a,5.6,x2y2,18398012,1697883207,0x32875197da83faa6abcb1ac5c271bf5fbbf7abbe2bef74775514b48cde5c56f2
Azuki,0xED5AF388653567Af2F388E6224dC7C4b3241C544,3245,0xd44bf9c873414d57e3ddd2012c07335b707303b0,0xd16578bf394cbd7bbbb22fce8ee998a3fce084f5,5.9,seaport,18397561,1697877755,0xc72a55a142ddf9647b995b66f0fb0761300c35292a430851a51ffd1a7c95de60
Azuki,0xED5AF388653567Af2F388E6224dC7C4b3241C544,9803,0x024e9f4b0e49c033aaade8129e8fc4820a30287b,0x76aa3de89f98ae93aa02f6287bb7a9d6af59315c,5.2,seaport,18395919,1697857908,0x050afd493e75836dd1b62c298ed11236aa111c9225e2226b100fd8934f9be22e
Azuki,0xED5AF388653567Af2F388E6224dC7C4b3241C544,841,0x024e9f4b0e49c033aaade8129e8fc4820a30287b,0x88f3afa9757779a957b75890d2ff410d00d623a2,4.99,seaport,18395919,1697857908,0x050afd493e75836dd1b62c298ed11236aa111c9225e2226b100fd8934f9be22e
Azuki,0xED5AF388653567Af2F388E6224dC7C4b3241C544,1053,0x024e9f4b0e49c033aaade8129e8fc4820a30287b,0x0c4faedd5361d063c4263084eedb0004b15c8129,4.9,seaport,18395919,1697857908,0x050afd493e75836dd1b62c298ed11236aa111c9225e2226b100fd8934f9be22e
Azuki,0xED5AF388653567Af2F388E6224dC7C4b3241C544,5263,0x024e9f4b0e49c033aaade8129e8fc4820a30287b,0xda8c3c38e89b919f27e750d5bd5f3ca39def288f,4.869,seaport,18395919,1697857908,0x050afd493e75836dd1b62c298ed11236aa111c9225e2226b100fd8934f9be22e
Azuki,0xED5AF388653567Af2F388E6224dC7C4b3241C544,2687,0x024e9f4b0e49c033aaade8129e8fc4820a30287b,0x9dbd781eeba135ad2a779926880adc89196a3265,4.727,seaport,18395919,1697857908,0x050afd493e75836dd1b62c298ed11236aa111c9225e2226b100fd8934f9be22e
Azuki,0xED5AF388653567Af2F388E6224dC7C4b3241C544,221,0x024e9f4b0e49c033aaade8129e8fc4820a30287b,0x0199c7394c1cb6abb6b2932c038e49496cbcdff7,4.69,seaport,18395919,1697857908,0x050afd493e75836dd1b62c298ed11236aa111c9225e2226b100fd8934f9be22e
Azuki,0xED5AF388653567Af2F388E6224dC7C4b3241C544,5272,0x024e9f4b0e49c033aaade8129e8fc4820a30287b,0xc6c60fdc5b2379aabc853d45ebeb12af7fc63841,4.68,seaport,18395919,1697857908,0x050afd493e75836dd1b62c298ed11236aa111c9225e2226b100fd8934f9be22e
Azuki,0xED5AF388653567Af2F388E6224dC7C4b3241C544,4305,0x024e9f4b0e49c033aaade8129e8fc4820a30287b,0x32c9dd9feca3d3279125e0d431b2fc199a859a18,4.6734,seaport,18395919,1697857908,0x050afd493e75836dd1b62c298ed11236aa111c9225e2226b100fd8934f9be22e
Azuki,0xED5AF388653567Af2F388E6224dC7C4b3241C544,573,0x024e9f4b0e49c033aaade8129e8fc4820a30287b,0x9c9b98e5c757ca08538e04ab9f9cf71600bbd7e3,4.6,seaport,18395919,1697857908,0x050afd493e75836dd1b62c298ed11236aa111c9225e2226b100fd8934f9be22e
Azuki,0xED5AF388653567Af2F388E6224dC7C4b3241C544,493,0x024e9f4b0e49c033aaade8129e8fc4820a30287b,0x8ef76c59e56d227d1a584ae33225ec7627b9b170,4.45,seaport,18395919,1697857908,0x050afd493e75836dd1b62c298ed11236aa111c9225e2226b100fd8934f9be22e
Azuki,0xED5AF388653567Af2F388E6224dC7C4b3241C544,681,0x572d6f0628ef555061932f85687c9f8f85505ed1,0x7c76cf8894d42ed11b53236da54f05add1d44073,45.69,x2y2,18393539,1697829139,0xf23ea2c51ce292586df2fb6e496c56cc21a9a232c96a6fda22c7f0a7afdaf5a6
Azuki,0xED5AF388653567Af2F388E6224dC7C4b3241C544,7824,0x2924639e8af1f35a08c34334b387bc6dc057db8b,0x63a6b4616cdc0e0fe990d62d8b4d12d3f3ace2b9,5.0,x2y2,18393219,1697825271,0xa20388e1f8f201d4f0774ccd2c87fc9e8d657d9457271d1ce4e550c4730f48f7
Azuki,0xED5AF388653567Af2F388E6224dC7C4b3241C544,7788,0x3754f6e81f0ea92041072d2205061c18ff2ae28b,0x3055bc8db0a3998500bef8bc0980f03f47f8a3d4,4.5,x2y2,18388251,1697765220,0x4f417a387e573cef87aff555b60db23c404d41c3f51a249defdfe958f1ad7942
Azuki,0xED5AF388653567Af2F388E6224dC7C4b3241C544,4083,0xef0b56692f78a44cf4034b07f80204757c31bcc9,0xb5bdbda53a853d0f1a49c5f3573ef02090706fd9,7.25,seaport,18387222,1697752782,0xd5210a9c7ad6a9f5bbd9487950efe5c9699e82d5d5b1d1c5163c9e7501d155b2
Azuki,0xED5AF388653567Af2F388E6224dC7C4b3241C544,879,0x0000db5c8b030ae20308ac975898e09741e70000,0x67d1f7837e83d196362f0e8cd36bdb3e024da301,0.0,blur,18386969,1697749724,0x583c3834c0c9e4163e4c81037818fd733eaedc2faf85bd0fb4884f9607da4b2b
Azuki,0xED5AF388653567Af2F388E6224dC7C4b3241C544,8591,0x0000db5c8b030ae20308ac975898e09741e70000,0x67d1f7837e83d196362f0e8cd36bdb3e024da301,0.0,blur,18386969,1697749724,0x583c3834c0c9e4163e4c81037818fd733eaedc2faf85bd0fb4884f9607da4b2b
Azuki,0xED5AF388653567Af2F388E6224dC7C4b3241C544,6681,0x0000db5c8b030ae20308ac975898e09741e70000,0x67d1f7837e83d196362f0e8cd36bdb3e024da301,0.0,blur,18386969,1697749724,0x583c3834c0c9e4163e4c81037818fd733eaedc2faf85bd0fb4884f9607da4b2b
Azuki,0xED5AF388653567Af2F388E6224dC7C4b3241C544,5638,0x0000db5c8b030ae20308ac975898e09741e70000,0x67d1f7837e83d196362f0e8cd36bdb3e024da301,0.0,blur,18386969,1697749724,0x583c3834c0c9e4163e4c81037818fd733eaedc2faf85bd0fb4884f9607da4b2b
Azuki,0xED5AF388653567Af2F388E6224dC7C4b3241C544,5270,0x0000db5c8b030ae20308ac975898e09741e70000,0x67d1f7837e83d196362f0e8cd36bdb3e024da301,0.0,blur,18386969,1697749724,0x583c3834c0c9e4163e4c81037818fd733eaedc2faf85bd0fb4884f9607da4b2b
Azuki,0xED5AF388653567Af2F388E6224dC7C4b3241C544,4585,0x0000db5c8b030ae20308ac975898e09741e70000,0x67d1f7837e83d196362f0e8cd36bdb3e024da301,0.0,blur,18386969,1697749724,0x583c3834c0c9e4163e4c81037818fd733eaedc2faf85bd0fb4884f9607da4b2b
Azuki,0xED5AF388653567Af2F388E6224dC7C4b3241C544,2295,0x0000db5c8b030ae20308ac975898e09741e70000,0x67d1f7837e83d196362f0e8cd36bdb3e024da301,0.0,blur,18386969,1697749724,0x583c3834c0c9e4163e4c81037818fd733eaedc2faf85bd0fb4884f9607da4b2b
Azuki,0xED5AF388653567Af2F388E6224dC7C4b3241C544,2098,0x0000db5c8b030ae20308ac975898e09741e70000,0x67d1f7837e83d196362f0e8cd36bdb3e024da301,0.0,blur,18386969,1697749724,0x583c3834c0c9e4163e4c81037818fd733eaedc2faf85bd0fb4884f9607da4b2b
Azuki,0xED5AF388653567Af2F388E6224dC7C4b3241C544,3787,0xc7f354b172e53c0dffa8db17b028f634cd2efcbf,0xc7f354b172e53c0dffa8db17b028f634cd2efcbf,4.078035,seaport,18383508,1697707889,0xb6e8f7b43b180296174c3249b761e840c7995f52274f0eedca322b69d3be9491
Azuki,0xED5AF388653567Af2F388E6224dC7C4b3241C544,3787,0x0097b9cfe64455eed479292671a1121f502bc954,0xc7f354b172e53c0dffa8db17b028f634cd2efcbf,4.287165,seaport,18383508,1697707889,0xb6e8f7b43b180296174c3249b761e840c7995f52274f0eedca322b69d3be9491
Azuki,0xED5AF388653567Af2F388E6224dC7C4b3241C544,6670,0x5a1c3e75838e13b3bfa33d5c63cb3c05bd0dfa27,0x25698db556d9dc858bafe81cdfe3c59f1dd9c3a7,0.35,seaport,18381865,1697688029,0x00e043348acc6859fdd056fbcdc9f88be3bb6860c077a71e57e0b36abeb7bca0
Azuki,0xED5AF388653567Af2F388E6224dC7C4b3241C544,8872,0x8d53f8c3cf2999317a8221930b0b73f1c82f0453,0x0097b9cfe64455eed479292671a1121f502bc954,4.2498,seaport,18372570,1697575674,0x421a4fae5ec188fd8cfcf0fb847e2b7b16212db9eb28d6e7bf8c78e7a31ba616
Azuki,0xED5AF388653567Af2F388E6224dC7C4b3241C544,9386,0x0fcbfc0a67985ee0803def22343ec4aeed02760e,0x6f435a9421653b27f048957b8ba2092d65a711f9,6.0,x2y2,18371650,1697564554,0x165246177df64610c323066a3ac9856c66d64fb7606a58a242d11d2a0776247c
Azuki,0xED5AF388653567Af2F388E6224dC7C4b3241C544,5544,0xc6c60fdc5b2379aabc853d45ebeb12af7fc63841,0xc6c60fdc5b2379aabc853d45ebeb12af7fc63841,3.9468,seaport,18366833,1697506328,0x246f34fa1cd37cf3dc49ff8bf8a2dbb5abd413fafdeacf75dcf1a95a4a3495ab
Azuki,0xED5AF388653567Af2F388E6224dC7C4b3241C544,5544,0x1fee3385b22d69e93209db2042be58fcac57b59b,0xc6c60fdc5b2379aabc853d45ebeb12af7fc63841,4.1492,seaport,18366833,1697506328,0x246f34fa1cd37cf3dc49ff8bf8a2dbb5abd413fafdeacf75dcf1a95a4a3495ab
Azuki,0xED5AF388653567Af2F388E6224dC7C4b3241C544,5068,0xb627d47f80974cf3ed50e00c15965909b1e07e15,0x8d53f8c3cf2999317a8221930b0b73f1c82f0453,4.2,x2y2,18361271,1697439097,0x833fdfe13a04bf0c1cbe35396072023e0acac18ffdc4fc8ea8584f100c9fe462
Azuki,0xED5AF388653567Af2F388E6224dC7C4b3241C544,1725,0xa099ec99966fa615c29b1ec56ce403fe655bca40,0x3ef63a41dc067492051ec24be4da8281f7dbb18f,7.3,x2y2,18355888,1697374029,0xeb84feab1f33699f72485a109c1a5048336dc322cf5aac70ccbe8538401cc18b
Azuki,0xED5AF388653567Af2F388E6224dC7C4b3241C544,6475,0xd6e77a6252649a2310d1e4c90a30cb1a11ba940b,0x4d278b35b4fa66e7dc694197826abf76240533af,5.95,x2y2,18354560,1697357977,0x1b3c59ffdc3bfc8b5e1976bc9508e042a148d4b5fcb346307c43488564477b09
Azuki,0xED5AF388653567Af2F388E6224dC7C4b3241C544,3386,0xc821d3d24c27c713a9e2758086bd29b23f7381e2,0xc821d3d24c27c713a9e2758086bd29b23f7381e2,4.095,seaport,18351833,1697325014,0x1fbc5c555e1bdd8e244e0a7ae59b559daf2cc137472d4afd34acf790c9d0f105
Azuki,0xED5AF388653567Af2F388E6224dC7C4b3241C544,3386,0xdf3ced327ce242b12b89fc969355ab24bfe2ca43,0xc821d3d24c27c713a9e2758086bd29b23f7381e2,4.305,seaport,18351833,1697325014,0x1fbc5c555e1bdd8e244e0a7ae59b559daf2cc137472d4afd34acf790c9d0f105
Azuki,0xED5AF388653567Af2F388E6224dC7C4b3241C544,2048,0x6b926f7602f7d1586bd96c7cd6b896c04d958bf8,0x9de416ab881b322ee0b4c189c2de624090280cf2,4.499,seaport,18351712,1697323551,0xe5cc97294188a32e6fbbfc22ec14d2c520345274939ae4a4a01d2811820cbb03
Azuki,0xED5AF388653567Af2F388E6224dC7C4b3241C544,2641,0x0b8202f0e0f992a6b8fca17628349583de1f7c78,0xe82c20f6911ef8a0af094b2996a1c38f13d8a3a8,4.75993,seaport,18348729,1697287494,0x30f0a854076cf674474d53036bbc78f9351019cbc2a2a9d1c62ab21f5bdf0aba
Azuki,0xED5AF388653567Af2F388E6224dC7C4b3241C544,3272,0x25698db556d9dc858bafe81cdfe3c59f1dd9c3a7,0x25698db556d9dc858bafe81cdfe3c59f1dd9c3a7,3.9975,seaport,18342548,1697212781,0x3330d3d43bdf843473427f245bebf19865c85608c244db596431a10d589abd9c
Azuki,0xED5AF388653567Af2F388E6224dC7C4b3241C544,3272,0xdf3ced327ce242b12b89fc969355ab24bfe2ca43,0x25698db556d9dc858bafe81cdfe3c59f1dd9c3a7,4.2025,seaport,18342548,1697212781,0x3330d3d43bdf843473427f245bebf19865c85608c244db596431a10d589abd9c
Azuki,0xED5AF388653567Af2F388E6224dC7C4b3241C544,7360,0x8909e6f8adfbdf105625bc444b541a230103d98e,0x8909e6f8adfbdf105625bc444b541a230103d98e,4.095,seaport,18341676,1697202240,0xfc45b9923f6636733ded248055ad806b1cd8bee665134d1c68666ad7c2a5b2ce
Azuki,0xED5AF388653567Af2F388E6224dC7C4b3241C544,7360,0xdf3ced327ce242b12b89fc969355ab24bfe2ca43,0x8909e6f8adfbdf105625bc444b541a230103d98e,4.305,seaport,18341676,1697202240,0xfc45b9923f6636733ded248055ad806b1cd8bee665134d1c68666ad7c2a5b2ce
Azuki,0xED5AF388653567Af2F388E6224dC7C4b3241C544,8117,0xaca413d2783bc2873d76608d1bb68e9c84a62d33,0xaca413d2783bc2873d76608d1bb68e9c84a62d33,4.095,seaport,18335500,1697127587,0x7a706906b050b1de5f1017bf3ade05068ec45a9d683b1df6b862f59870c6f9fb
Azuki,0xED5AF388653567Af2F388E6224dC7C4b3241C544,8117,0xdf3ced327ce242b12b89fc969355ab24bfe2ca43,0xaca413d2783bc2873d76608d1bb68e9c84a62d33,4.305,seaport,18335500,1697127587,0x7a706906b050b1de5f1017bf3ade05068ec45a9d683b1df6b862f59870c6f9fb
Azuki,0xED5AF388653567Af2F388E6224dC7C4b3241C544,117,0xcea81a982947ec9f5710e569641610e73ee4e51a,0xb627d47f80974cf3ed50e00c15965909b1e07e15,5.1,x2y2,18331079,1697074148,0x3fe495a0712ce31e09a86c7009cb425249ace3bc7cca146498f12f8c3a36d4c6
Azuki,0xED5AF388653567Af2F388E6224dC7C4b3241C544,4820,0xa223ba8ca7dfac73a8aaf58b500e67c5a582024e,0xa223ba8ca7dfac73a8aaf58b500e67c5a582024e,4.14375,seaport,18330363,1697065494,0xa13277c2efd6ebc4a0bde92c6d9692252666ddd80bc2d833cfd6e23b885736c1
Azuki,0xED5AF388653567Af2F388E6224dC7C4b3241C544,4820,0xdf3ced327ce242b12b89fc969355ab24bfe2ca43,0xa223ba8ca7dfac73a8aaf58b500e67c5a582024e,4.35625,seaport,18330363,1697065494,0xa13277c2efd6ebc4a0bde92c6d9692252666ddd80bc2d833cfd6e23b885736c1
Azuki,0xED5AF388653567Af2F388E6224dC7C4b3241C544,2767,0xdf3ced327ce242b12b89fc969355ab24bfe2ca43,0x3e316f6abe52fc5cf70a6c9c0932dcb1fcbf3d62,4.2998,seaport,18329983,1697060900,0x734c03fa627ed669455f75f74346fe9e8acd2f260abaf0eecfb09e32f2f17f20
Azuki,0xED5AF388653567Af2F388E6224dC7C4b3241C544,4071,0x8909e6f8adfbdf105625bc444b541a230103d98e,0x8909e6f8adfbdf105625bc444b541a230103d98e,4.173,seaport,18327860,1697035238,0xf8b47f349075adaacfb16350b4fcfed546c0d4d72b6a4bf5a15c6e9c714bfeee
Azuki,0xED5AF388653567Af2F388E6224dC7C4b3241C544,4071,0xdf3ced327ce242b12b89fc969355ab24bfe2ca43,0x8909e6f8adfbdf105625bc444b541a230103d98e,4.387,seaport,18327860,1697035238,0xf8b47f349075adaacfb16350b4fcfed546c0d4d72b6a4bf5a15c6e9c714bfeee
Azuki,0xED5AF388653567Af2F388E6224dC7C4b3241C544,3411,0x711f30528282c16c10de0878561a434dd8d75882,0x17ef2b6ff281dbb79847c9cbb2ce62572abb24c8,5.445,seaport,18322918,1696975501,0xa36be034e4ba2adb55a3605e19c28135b5a982632971433e391dde73fd0c1924
Azuki,0xED5AF388653567Af2F388E6224dC7C4b3241C544,970,0xef0b56692f78a44cf4034b07f80204757c31bcc9,0xd5c030e041d56acd9c3461f3e564d6d67d0117b2,5.4,seaport,18322510,1696970570,0x179a723087dd6ac73d8c38780b92cdc1ada2c8eff23a62a38925fccfd2d70d1c
Azuki,0xED5AF388653567Af2F388E6224dC7C4b3241C544,3050,0x2613cf5ee0ee1ce52850d3407a526f40f8e619b3,0x2613cf5ee0ee1ce52850d3407a526f40f8e619b3,4.875,seaport,18320996,1696952269,0x652f5bd8fecc853c1fdbb70d74d22ef50f8c362326a69d13a8ac5d03092baae8
Azuki,0xED5AF388653567Af2F388E6224dC7C4b3241C544,3050,0x2924639e8af1f35a08c34334b387bc6dc057db8b,0x2613cf5ee0ee1ce52850d3407a526f40f8e619b3,5.125,seaport,18320996,1696952269,0x652f5bd8fecc853c1fdbb70d74d22ef50f8c362326a69d13a8ac5d03092baae8
Azuki,0xED5AF388653567Af2F388E6224dC7C4b3241C544,8490,0xdf3ced327ce242b12b89fc969355ab24bfe2ca43,0xe0bc2b3434a3bac1c1b34acae12ef42133af3851,4.2999,seaport,18320719,1696948922,0x7a4c364e8cd6827af9ab652744d0d255d526c57648bb3b8964ca977ccbd2f328
Azuki,0xED5AF388653567Af2F388E6224dC7C4b3241C544,975,0xdf3ced327ce242b12b89fc969355ab24bfe2ca43,0x9de416ab881b322ee0b4c189c2de624090280cf2,4.259,seaport,18320695,1696948632,0x85dbcc575ea8d117cdeac2957b19808a163a6ce76a9db90f28f989883e9da05e
Azuki,0xED5AF388653567Af2F388E6224dC7C4b3241C544,3809,0xd98673532035b029d4a3a0db26481781c5373e6f,0x74b164ab53a6ead765164d9d6824e4a1a2380ce4,6.5,seaport,18318285,1696919511,0xa4b50ce4971ef8b4a40a4a91b915d85373d4617aea2b307b33478045b100712e
Azuki,0xED5AF388653567Af2F388E6224dC7C4b3241C544,3609,0x26795c67b4dd6eb54896085ec17cf4c93d645fc6,0x3e316f6abe52fc5cf70a6c9c0932dcb1fcbf3d62,4.2779,seaport,18314519,1696874004,0x25292d60461f60f0e385983ba9ecbdf6acbb5f0fda30ecfda0207c882e4cfbc5
Azuki,0xED5AF388653567Af2F388E6224dC7C4b3241C544,7662,0xbf653cef2d06ee5b00fa1427acdb5056274921da,0x5a1c3e75838e13b3bfa33d5c63cb3c05bd0dfa27,4.3,x2y2,18312565,1696850393,0xb9ed7e6f67a8a8fa4a86d285b3cf6572f8a81eb0f1a88f673ac4472925a9450a
Azuki,0xED5AF388653567Af2F388E6224dC7C4b3241C544,455,0xef0b56692f78a44cf4034b07f80204757c31bcc9,0x3e316f6abe52fc5cf70a6c9c0932dcb1fcbf3d62,4.2998,seaport,18294995,1696638087,0x8733440a2efd4c6bcf556f96eadb75af9d9a23251f13dcb5175417eef0df58b4
Azuki,0xED5AF388653567Af2F388E6224dC7C4b3241C544,3609,0x53965cd7992bc61b4807aa7ace3bec0062c90de2,0x53965cd7992bc61b4807aa7ace3bec0062c90de2,4.038645,seaport,18289385,1696570299,0x6a4c257d82228432b12e38239e837419ca6aa967e1f44775d57af3d666ba15c9
Azuki,0xED5AF388653567Af2F388E6224dC7C4b3241C544,3609,0x0097b9cfe64455eed479292671a1121f502bc954,0x53965cd7992bc61b4807aa7ace3bec0062c90de2,4.245755,seaport,18289385,1696570299,0x6a4c257d82228432b12e38239e837419ca6aa967e1f44775d57af3d666ba15c9
Azuki,0xED5AF388653567Af2F388E6224dC7C4b3241C544,6293,0xadc5333e24ba3f818ed3ca69616e3bb24844e499,0xadc5333e24ba3f818ed3ca69616e3bb24844e499,5.54775,seaport,18286369,1696533856,0x28c9191e1a1fbf2edee6d185046464a4043991fffa5fa04952ada2d8eb809cc3
Azuki,0xED5AF388653567Af2F388E6224dC7C4b3241C544,6293,0xca1ee6abeaa8d61c9d3e73c94d7bdb9fbc114138,0xadc5333e24ba3f818ed3ca69616e3bb24844e499,5.83225,seaport,18286369,1696533856,0x28c9191e1a1fbf2edee6d185046464a4043991fffa5fa04952ada2d8eb809cc3
Azuki,0xED5AF388653567Af2F388E6224dC7C4b3241C544,2969,0x2ccf41732d8bcf51fff1f5046369f53859fe440b,0x2ccf41732d8bcf51fff1f5046369f53859fe440b,3.9975,seaport,18284905,1696516165,0xc4bc1419ba518125d53ae20765871a5ec296c056184c3df62133c7cdd1593480
Azuki,0xED5AF388653567Af2F388E6224dC7C4b3241C544,2969,0x0097b9cfe64455eed479292671a1121f502bc954,0x2ccf41732d8bcf51fff1f5046369f53859fe440b,4.2025,seaport,18284905,1696516165,0xc4bc1419ba518125d53ae20765871a5ec296c056184c3df62133c7cdd1593480
Azuki,0xED5AF388653567Af2F388E6224dC7C4b3241C544,2969,0xef0b56692f78a44cf4034b07f80204757c31bcc9,0xc4f8c2c2c7d268dc58b4a22cf98142f193aebf4d,4.2,seaport,18283917,1696504227,0xaf146d007f30ed47204882c68c9a7dec0509323f8b07be89cbfe9cbb8aba8001
Azuki,0xED5AF388653567Af2F388E6224dC7C4b3241C544,3836,0x1fcde723d1e4cd43355c999e9ecad9fd9c17b3d5,0x1fcde723d1e4cd43355c999e9ecad9fd9c17b3d5,4.081058,seaport,18278004,1696432778,0x90e2a1c67c2306ca8f889766dbf3f41c390d47df63797fdd796498a6c455dd92
Azuki,0xED5AF388653567Af2F388E6224dC7C4b3241C544,3836,0x0097b9cfe64455eed479292671a1121f502bc954,0x1fcde723d1e4cd43355c999e9ecad9fd9c17b3d5,4.290342,seaport,18278004,1696432778,0x90e2a1c67c2306ca8f889766dbf3f41c390d47df63797fdd796498a6c455dd92
Azuki,0xED5AF388653567Af2F388E6224dC7C4b3241C544,6636,0xec623f380fc15993d47dab43bb9109469491a0cd,0xec623f380fc15993d47dab43bb9109469491a0cd,4.087395,seaport,18277944,1696432053,0xbae35db8fd2751b6f10dc5f4bbe1fdc0fd614960bccea6abca89ce42ab22f090
Azuki,0xED5AF388653567Af2F388E6224dC7C4b3241C544,6636,0x1fee3385b22d69e93209db2042be58fcac57b59b,0xec623f380fc15993d47dab43bb9109469491a0cd,4.297005,seaport,18277944,1696432053,0xbae35db8fd2751b6f10dc5f4bbe1fdc0fd614960bccea6abca89ce42ab22f090
Azuki,0xED5AF388653567Af2F388E6224dC7C4b3241C544,3836,0xef0b56692f78a44cf4034b07f80204757c31bcc9,0xc4f8c2c2c7d268dc58b4a22cf98142f193aebf4d,4.244,seaport,18276967,1696420247,0x20e1dc440993e50dfb16c572432864b7a24c30c792d9c8af2ef0334e8d1c283d
Azuki,0xED5AF388653567Af2F388E6224dC7C4b3241C544,455,0x989ecc935046ec6b7b9381f145d21c42e01efa1b,0x989ecc935046ec6b7b9381f145d21c42e01efa1b,4.080765,seaport,18276410,1696413517,0xb903c790aef2e6907fb18682d882c4bdb59b716b0df390e725fe4cf6550cd0e8
Azuki,0xED5AF388653567Af2F388E6224dC7C4b3241C544,455,0x0097b9cfe64455eed479292671a1121f502bc954,0x989ecc935046ec6b7b9381f145d21c42e01efa1b,4.290035,seaport,18276410,1696413517,0xb903c790aef2e6907fb18682d882c4bdb59b716b0df390e725fe4cf6550cd0e8
Azuki,0xED5AF388653567Af2F388E6224dC7C4b3241C544,6865,0x6c7fa423bf314f0ac9fe74afd50e82a5d41fd455,0x0097b9cfe64455eed479292671a1121f502bc954,4.4888,seaport,18275893,1696407269,0xeb91c776400604fdd8fc4024240b618e3a15973aceaef3b174fff08779d72cfb
Azuki,0xED5AF388653567Af2F388E6224dC7C4b3241C544,1217,0xebacec5b2f59993765ccb1604a5a49e858ac551e,0xebacec5b2f59993765ccb1604a5a49e858ac551e,3.980925,seaport,18270480,1696341862,0x9f9deba0e788adf23d38d5afa3632fd13f2d432ff5bd916d9b7d6b2c51cebfef
Azuki,0xED5AF388653567Af2F388E6224dC7C4b3241C544,1217,0x1fee3385b22d69e93209db2042be58fcac57b59b,0xebacec5b2f59993765ccb1604a5a49e858ac551e,4.185075,seaport,18270480,1696341862,0x9f9deba0e788adf23d38d5afa3632fd13f2d432ff5bd916d9b7d6b2c51cebfef
Azuki,0xED5AF388653567Af2F388E6224dC7C4b3241C544,3634,0xb9d7191df62529fba2ac567cb492939c56004250,0xb9d7191df62529fba2ac567cb492939c56004250,4.056,seaport,18268581,1696318915,0x8a0c661eaf648c5b0990759044f285f0ad769cc16875abc54864993c00277439
Azuki,0xED5AF388653567Af2F388E6224dC7C4b3241C544,3634,0x0097b9cfe64455eed479292671a1121f502bc954,0xb9d7191df62529fba2ac567cb492939c56004250,4.264,seaport,18268581,1696318915,0x8a0c661eaf648c5b0990759044f285f0ad769cc16875abc54864993c00277439
Azuki,0xED5AF388653567Af2F388E6224dC7C4b3241C544,670,0x99d81318e6dc3933ff30325aa2283474981c4e7d,0xae1401c47a712324e89c9c702da7e9a491ab2271,4.57,seaport,18264493,1696269518,0x08158d94220102f24192b51a6dadc7698d5e6bf278906594054d69af5dfc0310
Azuki,0xED5AF388653567Af2F388E6224dC7C4b3241C544,2703,0x5bef46ac7f33b5e2fc2b6f26628884e7163ee96c,0x5bef46ac7f33b5e2fc2b6f26628884e7163ee96c,3.86646,seaport,18264376,1696268104,0xfb4c14b3cf8f326be689d368ba1e7a8de425ae5fecdd96ec95a98d3f27b30a13
Azuki,0xED5AF388653567Af2F388E6224dC7C4b3241C544,2703,0x1fee3385b22d69e93209db2042be58fcac57b59b,0x5bef46ac7f33b5e2fc2b6f26628884e7163ee96c,4.06474,seaport,18264376,1696268104,0xfb4c14b3cf8f326be689d368ba1e7a8de425ae5fecdd96ec95a98d3f27b30a13
Azuki,0xED5AF388653567Af2F388E6224dC7C4b3241C544,7294,0x0fcbfc0a67985ee0803def22343ec4aeed02760e,0xd725740efe2e28489ae704b0f6cd5218661861e0,4.99,seaport,18263959,1696263066,0x65750490b78a4be95159229d06c20a5203a000023451775d0e1cf2af731989b0
Azuki,0xED5AF388653567Af2F388E6224dC7C4b3241C544,4541,0x107bd7ed9cba47a996076ec1020bc086ee8852dc,0x8d53f8c3cf2999317a8221930b0b73f1c82f0453,4.3,x2y2,18261489,1696233220,0xb18ef2763ab12d92d1ed41b41326b8afe002ae6d83c096cfe4fe398d1e9946ba
Azuki,0xED5AF388653567Af2F388E6224dC7C4b3241C544,5174,0x34b6714ac0e226c01d02c7764ed12e2b3802c729,0xa72aacdbc541b32fbccd47e1ff92f32c7caa8a60,4.3,seaport,18260461,1696220798,0x5e5b12c493513892f2b1a7f457bcbb8c633a8fbdcc681ee6bd3c705e1eee0a20
Azuki,0xED5AF388653567Af2F388E6224dC7C4b3241C544,3920,0xef0b56692f78a44cf4034b07f80204757c31bcc9,0xae1401c47a712324e89c9c702da7e9a491ab2271,4.37,seaport,18256506,1696173008,0x0a964381b712665046b2168578bc84845d35969b0fbeb82f0cfcfbd6718d1e16
Azuki,0xED5AF388653567Af2F388E6224dC7C4b3241C544,6177,0x0fcbfc0a67985ee0803def22343ec4aeed02760e,0x8d53f8c3cf2999317a8221930b0b73f1c82f0453,6.375,x2y2,18255900,1696165685,0x6836815021b450d93bcffded9edb3efa40cda6a9b9a7f463df729ea179ce4dcf
Azuki,0xED5AF388653567Af2F388E6224dC7C4b3241C544,3618,0x3ca837d89c65190a1cb5afb4c9bf7a665d5abc79,0xd52b58d3a0b9d19fbabc9a9cf98ffcdcc9a8161e,10.0,seaport,18252744,1696127550,0x82104d675106f008fbb26562a44ff88dd5911e7b33585aa658fc549ccc26f516
Azuki,0xED5AF388653567Af2F388E6224dC7C4b3241C544,4126,0x23c8d1747529ec25111caf3f5fc4fe9ffccac3a7,0x94e9d73a2aeec807d85756b84759965b41866450,4.2888,seaport,18248042,1696070733,0x09089b39a53b660223cdd543b7c95b7c7660cb7f9385daf72d4df20f8ce2432c
Azuki,0xED5AF388653567Af2F388E6224dC7C4b3241C544,8921,0x29de03acc2ac1d1195e5077fe82123c30baa7cc0,0xd08129373bcbef1b445aec7d8c618ff78e3ade67,4.0,seaport,18243775,1696019173,0x38040b3409ce461b8392cb928faa57947148abbff0ac9b13974cf6c1777b1ccb
Azuki,0xED5AF388653567Af2F388E6224dC7C4b3241C544,3798,0x29de03acc2ac1d1195e5077fe82123c30baa7cc0,0xa72aacdbc541b32fbccd47e1ff92f32c7caa8a60,3.95,seaport,18243775,1696019173,0x38040b3409ce461b8392cb928faa57947148abbff0ac9b13974cf6c1777b1ccb
Azuki,0xED5AF388653567Af2F388E6224dC7C4b3241C544,6865,0x0097b9cfe64455eed479292671a1121f502bc954,0x32df4df996b27fce7fd2d6f1c289de94906ff3ea,3.85,seaport,18240110,1695974888,0xde808d7433a6086a6bb55f9ad620bef255e320a27fdfd9622b7cad0ec8099176
Azuki,0xED5AF388653567Af2F388E6224dC7C4b3241C544,9808,0xca1ee6abeaa8d61c9d3e73c94d7bdb9fbc114138,0x0097b9cfe64455eed479292671a1121f502bc954,4.2,x2y2,18238193,1695951724,0x6b7d1832f30414b9c382a4561bb4ac8bdce8fb6ce9c2066166c38647a7f02f99
Azuki,0xED5AF388653567Af2F388E6224dC7C4b3241C544,4635,0x93dbe442dc572a67755d5b275341c0d1e4aa1e6a,0x8c87b46dc45076f3cd457790100485fd94fb4157,4.6,seaport,18233457,1695894496,0xfd81865594d05f28e934a2e35b5e6b44cd3b39dfd1fabf71ab3fce2d9b5cad55
Azuki,0xED5AF388653567Af2F388E6224dC7C4b3241C544,2919,0xd701feff30599d0e87376c1ae0083a1de6d6a65e,0x6b92de524548c5a13e6ea2d5b450b12f8da5af27,4.1,seaport,18230895,1695863539,0x305842e30f6c524aec2881b6ebbdfcdb917876d2f5a021ab7d395ed0cbbbb9ce
Azuki,0xED5AF388653567Af2F388E6224dC7C4b3241C544,2925,0xef0b56692f78a44cf4034b07f80204757c31bcc9,0x0097b9cfe64455eed479292671a1121f502bc954,3.9498,seaport,18230589,1695859841,0x07c19af7c460aad710ca7cce50940dd5b354586b78fd04a17604556a4d6dd80f
Azuki,0xED5AF388653567Af2F388E6224dC7C4b3241C544,3031,0x33161a7a118e9d9ea62970ee825ce43603f7e040,0x5a9b1bd3e39a29e4f718d0b677c83156d87206b9,4.2,seaport,18230318,1695856567,0x0e210435281301e16d3411f15f76393f34ab8e01e06e79b1fda31362334e590f
Azuki,0xED5AF388653567Af2F388E6224dC7C4b3241C544,4569,0x0097b9cfe64455eed479292671a1121f502bc954,0x5f43cd8b5eead549de4444a644b4cb425a4ea5b2,5.1,x2y2,18228977,1695840363,0x7d120b82dcd8127c536f3fe179ae07c43786d082d9989002902416322ffb227e
Azuki,0xED5AF388653567Af2F388E6224dC7C4b3241C544,4569,0x5f43cd8b5eead549de4444a644b4cb425a4ea5b2,0x6112d87127847202151b9fe48ea0e2704fa428a1,6.660352,seaport,18222507,1695762183,0x66c97f323f5d9952dc0cf2308645d9eeff7741d2ef758578bb1d536d60b778b4
Azuki,0xED5AF388653567Af2F388E6224dC7C4b3241C544,4017,0x9a90b0b430acc2aa6b9ffd442ed2d9bbf30e2e14,0xde112b77a1a72c726d8c914c23dceaa53273c351,4.9,seaport,18219004,1695719810,0x7f814130cac7cda927915b8de1f367f0a178e713cac6dfd4d0a0187468baff2a
Azuki,0xED5AF388653567Af2F388E6224dC7C4b3241C544,8758,0x9a90b0b430acc2aa6b9ffd442ed2d9bbf30e2e14,0xde112b77a1a72c726d8c914c23dceaa53273c351,4.5,seaport,18213772,1695656386,0xb850490ffe663acad2e2a68eb81a85e08c865e3cc5a8ba4ec9bf3d159a2bc2c8
Azuki,0xED5AF388653567Af2F388E6224dC7C4b3241C544,1274,0xe5de4799f34073c93a16b5f89beaa60c8014b218,0x9de416ab881b322ee0b4c189c2de624090280cf2,4.45,x2y2,18213159,1695648955,0x74ce0ea69eba554cd2aac39a58080cd5219dd8427e3e71472668725ad29f9870
Azuki,0xED5AF388653567Af2F388E6224dC7C4b3241C544,4541,0x0097b9cfe64455eed479292671a1121f502bc954,0x9c3475be5c26bc1125e242657940fcae60d2c97d,0.3,seaport,18205366,1695554487,0x6a52cf621ce65971358759d878abeaee927f6615b2788853318b99e34aacd875
Azuki,0xED5AF388653567Af2F388E6224dC7C4b3241C544,8932,0xc414aa05075b690302de31d19db94431ba192581,0x05c250120ce07ba6fe361b39ac344148435c25ca,8.5,x2y2,18202673,1695521841,0xea8c133a8bb8ed0d191e85d2fb1a691a746a05575cd3c50f914f9456aa998f1a
Azuki,0xED5AF388653567Af2F388E6224dC7C4b3241C544,6066,0x3754f6e81f0ea92041072d2205061c18ff2ae28b,0x3e316f6abe52fc5cf70a6c9c0932dcb1fcbf3d62,3.84,x2y2,18197155,1695454951,0xa38ade12119bde9de01c1054fe4debb3f8e1a42a57d979aada73842158d9523e
Azuki,0xED5AF388653567Af2F388E6224dC7C4b3241C544,5990,0x81d7acd3dc80705ee9518e7814488d6d4e01fd3c,0x353c6c94f1596074379c35cb8d2165d0d61fff5f,4.019,seaport,18192070,1695393309,0x9b0f61e336878cfa9a4ab292db766e9675e4c5d691cd2e6c5869d5e5bc560865
Azuki,0xED5AF388653567Af2F388E6224dC7C4b3241C544,4187,0x7db839bcf7c81dc0452e8fb491f887a4a77ea940,0x7db839bcf7c81dc0452e8fb491f887a4a77ea940,3.640747,seaport,18190417,1695373271,0x0827d22d872d4582f4277a7dff4fcb9c5f750e161bc46faeaeb8b9504391830e
Azuki,0xED5AF388653567Af2F388E6224dC7C4b3241C544,4187,0x0097b9cfe64455eed479292671a1121f502bc954,0x7db839bcf7c81dc0452e8fb491f887a4a77ea940,3.827453,seaport,18190417,1695373271,0x0827d22d872d4582f4277a7dff4fcb9c5f750e161bc46faeaeb8b9504391830e
Azuki,0xED5AF388653567Af2F388E6224dC7C4b3241C544,4159,0x3754f6e81f0ea92041072d2205061c18ff2ae28b,0x3a691bf37c83222061b4418958152377a38c5d59,4.12,x2y2,18185801,1695317315,0x94051680d0f2d82e0154ee85e879f9066b1a41b25f23d418cadd20ec3fb8fbae
Azuki,0xED5AF388653567Af2F388E6224dC7C4b3241C544,4706,0x4cac4a933522e2887de30aaa5c8017b2e1358519,0x88f3afa9757779a957b75890d2ff410d00d623a2,4.89,seaport,18185797,1695317266,0x14d1910498cdbc1e145c42549c4ba9cecc1509f8d96eaf7504ea19b89e84e703
Azuki,0xED5AF388653567Af2F388E6224dC7C4b3241C544,9876,0x4cac4a933522e2887de30aaa5c8017b2e1358519,0x88f3afa9757779a957b75890d2ff410d00d623a2,4.99,seaport,18185638,1695315339,0x67d9d5751aaa4ed4a8737f046aed72b14a37c25964f0e7e15ec09a1bab382ba5
Azuki,0xED5AF388653567Af2F388E6224dC7C4b3241C544,6933,0x14a71154dbf968d0e01342e76b6c44e8dbd62cbc,0x0097b9cfe64455eed479292671a1121f502bc954,4.01,seaport,18183982,1695295264,0x6004a4615a7b206c868b0bedc85a8de688d854ea5cfacdcf251207570b641e2c
Azuki,0xED5AF388653567Af2F388E6224dC7C4b3241C544,4785,0x29de03acc2ac1d1195e5077fe82123c30baa7cc0,0x67dacc258dccc8cbfb493c652ab5170c3cff0ad9,3.9124,seaport,18178814,1695232617,0x80d36af01c529e68184d524848803fa55e74ecff457baefdb46ab4d04bc80709
Azuki,0xED5AF388653567Af2F388E6224dC7C4b3241C544,7814,0xc743bc192227614677482874b6ba4513996f9570,0x3e316f6abe52fc5cf70a6c9c0932dcb1fcbf3d62,3.9123,seaport,18178419,1695227828,0x64977739727a357f031c9b839a3d029115a2f895a72ba4f1f2fe1bfc9122e13a
Azuki,0xED5AF388653567Af2F388E6224dC7C4b3241C544,1857,0x8cc2e5029d7ca7fb6d5be8348414eb1901564aea,0x0097b9cfe64455eed479292671a1121f502bc954,4.0498,seaport,18172669,1695158125,0xe8c25ab309d3b943476ede401e3236b0eb6a11af087c2bb9e9db85ae9a2c3c8d
Azuki,0xED5AF388653567Af2F388E6224dC7C4b3241C544,210,0x88613f64b44bf920eaa3bf54dedda7d9e3d61264,0x88613f64b44bf920eaa3bf54dedda7d9e3d61264,3.663465,seaport,18166859,1695087695,0xa95ef0a7397346b908b08960b8f449fd4432e040c465c932bd789bb3428d328f
Azuki,0xED5AF388653567Af2F388E6224dC7C4b3241C544,210,0x0097b9cfe64455eed479292671a1121f502bc954,0x88613f64b44bf920eaa3bf54dedda7d9e3d61264,3.851335,seaport,18166859,1695087695,0xa95ef0a7397346b908b08960b8f449fd4432e040c465c932bd789bb3428d328f
Azuki,0xED5AF388653567Af2F388E6224dC7C4b3241C544,6914,0x88613f64b44bf920eaa3bf54dedda7d9e3d61264,0x88613f64b44bf920eaa3bf54dedda7d9e3d61264,3.569625,seaport,18166853,1695087622,0x6fd01fddc8c6b98b6602157120ffa40034f288be940fbc8bbca97920076121d1
Azuki,0xED5AF388653567Af2F388E6224dC7C4b3241C544,6914,0xd47f6d5fb8dc684dfa75a0551889026738c5aa1c,0x88613f64b44bf920eaa3bf54dedda7d9e3d61264,3.945375,seaport,18166853,1695087622,0x6fd01fddc8c6b98b6602157120ffa40034f288be940fbc8bbca97920076121d1
Azuki,0xED5AF388653567Af2F388E6224dC7C4b3241C544,6733,0x42b23bb838525d458f2b8109219ef45d229067b7,0x42b23bb838525d458f2b8109219ef45d229067b7,3.54198,seaport,18166801,1695086992,0xccab4eef9fb0d478f5604f43f40486f14f242899381395ed96456c4dbdc06c78
Azuki,0xED5AF388653567Af2F388E6224dC7C4b3241C544,6733,0xf72139da1a5b6eb49a45b4392b0256e366c9a830,0x42b23bb838525d458f2b8109219ef45d229067b7,3.91482,seaport,18166801,1695086992,0xccab4eef9fb0d478f5604f43f40486f14f242899381395ed96456c4dbdc06c78
Azuki,0xED5AF388653567Af2F388E6224dC7C4b3241C544,1857,0x47e0e7867552a1b2280a0937faae090d25f39917,0x47e0e7867552a1b2280a0937faae090d25f39917,3.658395,seaport,18164649,1695060905,0x81d539d37e81f69a1dd9d16cdaa9b8128e43260ef21d1ecfdee8e67f1c2b1be1
Azuki,0xED5AF388653567Af2F388E6224dC7C4b3241C544,1857,0x0097b9cfe64455eed479292671a1121f502bc954,0x47e0e7867552a1b2280a0937faae090d25f39917,3.846005,seaport,18164649,1695060905,0x81d539d37e81f69a1dd9d16cdaa9b8128e43260ef21d1ecfdee8e67f1c2b1be1
Azuki,0xED5AF388653567Af2F388E6224dC7C4b3241C544,6844,0x55420601591b6a4cf14f2cf912ab377898fb9201,0xb5bdbda53a853d0f1a49c5f3573ef02090706fd9,6.43,seaport,18163209,1695043449,0x2e3dd75f666d585d02f9b9333b9f79ff1d8604ad8c20c1b69d853953f333d5a6
Azuki,0xED5AF388653567Af2F388E6224dC7C4b3241C544,3720,0x353c6c94f1596074379c35cb8d2165d0d61fff5f,0x944087121c9337815ec2de74859b697b2c032121,3.8,seaport,18161289,1695020174,0x48b8f0ee276466df3083092681c9a41c13567fe41e9c90265ab293fece1cdb74
Azuki,0xED5AF388653567Af2F388E6224dC7C4b3241C544,3026,0x1da9a19d367b4b81a6350143cd581205dd5768fb,0x353c6c94f1596074379c35cb8d2165d0d61fff5f,4.099,seaport,18160887,1695015301,0x9a5b2d4d128c984780b13bd47a45030cf171baf3712ef2de7ef0a4137eb8bed0
Azuki,0xED5AF388653567Af2F388E6224dC7C4b3241C544,235,0x2500343bc827272c5e1843183ec42dbb032ce0ee,0x2500343bc827272c5e1843183ec42dbb032ce0ee,3.57523,seaport,18157792,1694977783,0x5689062aebb021a1b3837508f21c7231c9a5e5a1f8ab36da25ad52d5941a0f5e
Azuki,0xED5AF388653567Af2F388E6224dC7C4b3241C544,235,0xf72139da1a5b6eb49a45b4392b0256e366c9a830,0x2500343bc827272c5e1843183ec42dbb032ce0ee,3.95157,seaport,18157792,1694977783,0x5689062aebb021a1b3837508f21c7231c9a5e5a1f8ab36da25ad52d5941a0f5e
Azuki,0xED5AF388653567Af2F388E6224dC7C4b3241C544,8959,0xabf382ada3eef7df396001d1bdfc4fa4fa366989,0x258a5e28aa40aef3c2c4cdf728b11dd9dd2b8bcd,4.2,seaport,18144492,1694816557,0xf234c22d6e27aac587be85370490c025f4be7003e07ec7d30a9c1820e53fddf3
Azuki,0xED5AF388653567Af2F388E6224dC7C4b3241C544,1472,0x1b6c73b564e277b67bf47ddab355fec4f30ef961,0x9de416ab881b322ee0b4c189c2de624090280cf2,4.35,x2y2,18140068,1694762928,0x16e846557bfa4ced1de39020fa7b8c4751446b96584d6fb1f0e818c9da2f4806
Azuki,0xED5AF388653567Af2F388E6224dC7C4b3241C544,3683,0xd02840d5853fcddd802cc957d00b7df04a63ee5e,0xb1e05e32c051e5d88ac20d667d36f3f963f69e97,5.8,x2y2,18137917,1694736853,0x8e2a2d433f9413f6f2709bbaeb289c2505ea8a317f17ea6526f5e90ee39cad25
Azuki,0xED5AF388653567Af2F388E6224dC7C4b3241C544,9668,0xef0b56692f78a44cf4034b07f80204757c31bcc9,0x3e316f6abe52fc5cf70a6c9c0932dcb1fcbf3d62,3.8151,seaport,18134926,1694700595,0xc0ebbaf464b7f87c6cfbfc273f265b407576015a376222b04980db891711f92d
Azuki,0xED5AF388653567Af2F388E6224dC7C4b3241C544,7934,0x9de416ab881b322ee0b4c189c2de624090280cf2,0x71bfb8e9775ba531c9a4bc25eca6a8ff8a62c336,3.88,seaport,18132250,1694668156,0x6d9979246c6a54c6eb82c53aacb1cff562cdd87274cb7864132d818cb321e08e
Azuki,0xED5AF388653567Af2F388E6224dC7C4b3241C544,3929,0xacd04e5ec4652b4be1c29bbcf37032e00dc60edb,0x258a5e28aa40aef3c2c4cdf728b11dd9dd2b8bcd,3.95,seaport,18130854,1694651234,0xdd50f339222a5be9f7e40b6ed56d0c00b8f857291ce67947bc46c7b1c630a1e9
Azuki,0xED5AF388653567Af2F388E6224dC7C4b3241C544,7502,0xef0b56692f78a44cf4034b07f80204757c31bcc9,0x6b746e4ec6be560f835d8261853121119fc8a9cc,3.87,seaport,18130708,1694649464,0x4e6405098c0bd7e2aca76793b83a9798c5ba3aa0c72f39b353519da78894cf24
Azuki,0xED5AF388653567Af2F388E6224dC7C4b3241C544,685,0x317ef0886bd35ad4e56956182637fd2f4d5c14dc,0x317ef0886bd35ad4e56956182637fd2f4d5c14dc,3.609938,seaport,18129192,1694631086,0xc249b52de96419a6680a90732fd243f889d77c217fa88ecbfb135d64eb089d32
Azuki,0xED5AF388653567Af2F388E6224dC7C4b3241C544,685,0x0097b9cfe64455eed479292671a1121f502bc954,0x317ef0886bd35ad4e56956182637fd2f4d5c14dc,3.795063,seaport,18129192,1694631086,0xc249b52de96419a6680a90732fd243f889d77c217fa88ecbfb135d64eb089d32
Azuki,0xED5AF388653567Af2F388E6224dC7C4b3241C544,7599,0xa98caf8b47eeef8d62402fb49b9afec75a7f4afc,0x353c6c94f1596074379c35cb8d2165d0d61fff5f,3.975,seaport,18128830,1694626698,0x8e48e18a1efc96851c267b1de078aecde7bcb983f30bcbcf1989b20fc082a57d
Azuki,0xED5AF388653567Af2F388E6224dC7C4b3241C544,7784,0x16a1c8c6898b5301b578788183d89af11baf290c,0x353c6c94f1596074379c35cb8d2165d0d61fff5f,3.975,seaport,18128000,1694616637,0xa1ef25bd09191081085c32557e481f007c648c0974ee6c06e75b882299d4f316
Azuki,0xED5AF388653567Af2F388E6224dC7C4b3241C544,7270,0x1425c88ce0780e5bce5f405333c81f9336dc52ea,0x88a2f57606c25bdf29b6bbdd58d773896758f98b,3.969,seaport,18123913,1694567093,0x9e20eedc9ad9c443411a69f74856b9e001d38853da1f039e0d1f31c7b4749a7c
Azuki,0xED5AF388653567Af2F388E6224dC7C4b3241C544,6229,0x9c3475be5c26bc1125e242657940fcae60d2c97d,0x0097b9cfe64455eed479292671a1121f502bc954,3.8499,x2y2,18119342,1694511682,0xc4c29d7b513057a1dc8a1d2d217b77e46d851c0fb090947de817432eee5bab19
Azuki,0xED5AF388653567Af2F388E6224dC7C4b3241C544,9615,0x9de416ab881b322ee0b4c189c2de624090280cf2,0x1361260f84bb384bba603ff622a141bb4eadf8f3,4.0,x2y2,18119302,1694511197,0xa4b9dd5d25ce6bab707f8f9d72ca6ac6567f34034abc3b5090426c9b4ddcbd87
Azuki,0xED5AF388653567Af2F388E6224dC7C4b3241C544,5053,0x93dbe442dc572a67755d5b275341c0d1e4aa1e6a,0x0097b9cfe64455eed479292671a1121f502bc954,4.499,seaport,18115040,1694459532,0xd0cf3ca568d4255f0791661f872f4c5347ca9d2230f06069ee018f317ab84a2b
Azuki,0xED5AF388653567Af2F388E6224dC7C4b3241C544,6933,0xfdc60a3734b83091996a1ef32739b27c3b8b40f5,0xfdc60a3734b83091996a1ef32739b27c3b8b40f5,3.918135,seaport,18110671,1694406570,0x12621eb33d60539ebdb33e1d78e35638ae14207470a1cbaf5818b049f121e9b6
Azuki,0xED5AF388653567Af2F388E6224dC7C4b3241C544,6933,0x0097b9cfe64455eed479292671a1121f502bc954,0xfdc60a3734b83091996a1ef32739b27c3b8b40f5,4.119065,seaport,18110671,1694406570,0x12621eb33d60539ebdb33e1d78e35638ae14207470a1cbaf5818b049f121e9b6
Azuki,0xED5AF388653567Af2F388E6224dC7C4b3241C544,1472,0x9de416ab881b322ee0b4c189c2de624090280cf2,0x5fe785b2f589c79c89dbbafa217bd7dedd8c918b,4.35,x2y2,18107306,1694365779,0x8e272e4a50abe67c531d1510d0b4ce585f522cd997f2f6c0532a067243a5da4a
Azuki,0xED5AF388653567Af2F388E6224dC7C4b3241C544,8860,0x60929161ce694d9d528af2d71069820f2cb3b8f8,0x0097b9cfe64455eed479292671a1121f502bc954,4.2798,seaport,18106735,1694358857,0xfa6ee29392fb60ebf6c5a71901ef01d05aa5cf7ca931496917786be409bc5077
Azuki,0xED5AF388653567Af2F388E6224dC7C4b3241C544,492,0x08aae61c4d22512f86fe932e87384f976c747ad8,0xd08b7dfbb89d76e07e94f763077b55fce4909c38,4.4,x2y2,18098158,1694254884,0x41eda7d5ccf1029c5b905f4991fb33894fe05ae82f89aaf480a58df9907cc2dc
Azuki,0xED5AF388653567Af2F388E6224dC7C4b3241C544,9784,0xbbdd1b3c87c211e482cda98ea14fa8bf50022ca0,0x00d3133dcacaf0480fcebcc8c50ebb66923d2b18,4.0,seaport,18095301,1694220251,0x7095a851ef9d292fabd6c888c2e88364f3313dfb986f14bca52a61e0169f16ca
Azuki,0xED5AF388653567Af2F388E6224dC7C4b3241C544,2809,0x20e9cbb984057fab27ebf2bca65b1fd008c6d5e7,0x9de416ab881b322ee0b4c189c2de624090280cf2,4.399,seaport,18095262,1694219778,0x8cdb16f0e05aed1b02a8926d54e6647d1835b07f90bfbf7440f2ae7bc6f17406
Azuki,0xED5AF388653567Af2F388E6224dC7C4b3241C544,8262,0xc301ccb76e60279bd223f25198be3c7239304246,0x6fcdc8485ba8f5df745d04c12620dd4d64ea9d3c,5.5,x2y2,18095120,1694218057,0xf2cc732c838aedfd89c790f18224e84f59ff5dabb066d1117a65615c70b46f0c
Azuki,0xED5AF388653567Af2F388E6224dC7C4b3241C544,3026,0xfe05617d5d57640f04dffd757fa0501c693acee8,0xfe05617d5d57640f04dffd757fa0501c693acee8,3.766275,seaport,18094572,1694211414,0x6cf050e46481384bbeb287ebcb1bbd514937c848a34633f7b97d67326e4d6165
Azuki,0xED5AF388653567Af2F388E6224dC7C4b3241C544,3026,0xf72139da1a5b6eb49a45b4392b0256e366c9a830,0xfe05617d5d57640f04dffd757fa0501c693acee8,4.162725,seaport,18094572,1694211414,0x6cf050e46481384bbeb287ebcb1bbd514937c848a34633f7b97d67326e4d6165
Azuki,0xED5AF388653567Af2F388E6224dC7C4b3241C544,8921,0x8a286c3162a1907d2a2aa4a2f774c38abb6bda7e,0x8a286c3162a1907d2a2aa4a2f774c38abb6bda7e,3.9,seaport,18091505,1694174235,0xff7c8295ffd26c4b8306fe14cf7403bcb770b5b3f3af5eaaffbb30d8536335ff
Azuki,0xED5AF388653567Af2F388E6224dC7C4b3241C544,8921,0xd08129373bcbef1b445aec7d8c618ff78e3ade67,0x8a286c3162a1907d2a2aa4a2f774c38abb6bda7e,4.1,seaport,18091505,1694174235,0xff7c8295ffd26c4b8306fe14cf7403bcb770b5b3f3af5eaaffbb30d8536335ff
Azuki,0xED5AF388653567Af2F388E6224dC7C4b3241C544,8860,0x7db839bcf7c81dc0452e8fb491f887a4a77ea940,0x7db839bcf7c81dc0452e8fb491f887a4a77ea940,3.805985,seaport,18089004,1694143917,0xb080741b1917c4f2b4bd2fbbcabb132785626154f0b79ef1bacdc6affe329f4e
Azuki,0xED5AF388653567Af2F388E6224dC7C4b3241C544,8860,0xf72139da1a5b6eb49a45b4392b0256e366c9a830,0x7db839bcf7c81dc0452e8fb491f887a4a77ea940,4.206615,seaport,18089004,1694143917,0xb080741b1917c4f2b4bd2fbbcabb132785626154f0b79ef1bacdc6affe329f4e
Azuki,0xED5AF388653567Af2F388E6224dC7C4b3241C544,4372,0x57824847da3848181950567371a8757bda611e6b,0x57824847da3848181950567371a8757bda611e6b,3.9975,seaport,18087982,1694131528,0xc04e350e1dbd3034ea2d9b3167084f9f3b55d08fea1961b3515a94273212c1ae
Azuki,0xED5AF388653567Af2F388E6224dC7C4b3241C544,4372,0x3f286c1796fd88a59fae248da7db7afe7489ba78,0x57824847da3848181950567371a8757bda611e6b,4.2025,seaport,18087982,1694131528,0xc04e350e1dbd3034ea2d9b3167084f9f3b55d08fea1961b3515a94273212c1ae
Azuki,0xED5AF388653567Af2F388E6224dC7C4b3241C544,9876,0x88f3afa9757779a957b75890d2ff410d00d623a2,0x9c87118ccb216b4b2e4626c37928224a382ec1ef,5.0,seaport,18085672,1694103526,0xb9b72c889af31ee23407c9c704caee3f1abf71ff6df6c70a44bf7a66a37f27b8
Azuki,0xED5AF388653567Af2F388E6224dC7C4b3241C544,4213,0x0097b9cfe64455eed479292671a1121f502bc954,0x3754f6e81f0ea92041072d2205061c18ff2ae28b,0.0,seaport,18083920,1694082288,0x8a0d45c715d80763128baabf151e908446d2854b8ffb7e958f2d0b8aadb1b9ca
Azuki,0xED5AF388653567Af2F388E6224dC7C4b3241C544,4709,0x074c55a0ce5e32e521f6e71d9bddfe1df8a472d6,0xb29f8ddd1ade87ee93e7cc7497d4e65db46b8a20,4.28,seaport,18083903,1694082082,0x396d2a2c837cf0762b5ceda662b82b11b40c2760ebe91f0b76713b66e706550f
Azuki,0xED5AF388653567Af2F388E6224dC7C4b3241C544,8306,0xbe96776f1c119a20859c998495824a77d366aaef,0xbe96776f1c119a20859c998495824a77d366aaef,3.979462,seaport,18083658,1694079112,0x1584f7a60bfa69a4a2ae38ab866fd3d4f8246b0e74292251f67283d26002f784
Azuki,0xED5AF388653567Af2F388E6224dC7C4b3241C544,8306,0x0097b9cfe64455eed479292671a1121f502bc954,0xbe96776f1c119a20859c998495824a77d366aaef,4.183537,seaport,18083658,1694079112,0x1584f7a60bfa69a4a2ae38ab866fd3d4f8246b0e74292251f67283d26002f784
Azuki,0xED5AF388653567Af2F388E6224dC7C4b3241C544,9668,0x3d890821a7537759b75ec66196a20939193e5da9,0x3d890821a7537759b75ec66196a20939193e5da9,4.018072,seaport,18082964,1694070699,0xc1bbd0143b0e5405d5d5acad0e7348eb8e080d0db69574745212c8c0d65b4928
Azuki,0xED5AF388653567Af2F388E6224dC7C4b3241C544,9668,0x0097b9cfe64455eed479292671a1121f502bc954,0x3d890821a7537759b75ec66196a20939193e5da9,4.224127,seaport,18082964,1694070699,0xc1bbd0143b0e5405d5d5acad0e7348eb8e080d0db69574745212c8c0d65b4928
Azuki,0xED5AF388653567Af2F388E6224dC7C4b3241C544,1690,0x0fcbfc0a67985ee0803def22343ec4aeed02760e,0x0097b9cfe64455eed479292671a1121f502bc954,6.1999,x2y2,18082520,1694065317,0xd5797d01a47095bc323fb1176cc8bcf94224a072f3b9b69ed396b39b37ce48d4
Azuki,0xED5AF388653567Af2F388E6224dC7C4b3241C544,9161,0xc414aa05075b690302de31d19db94431ba192581,0x0097b9cfe64455eed479292671a1121f502bc954,4.2487,seaport,18077603,1694005712,0x0289514ac1b2f9455c33518e3880025eb72735b1a1982bcf1d8bfd75c59f58f2
Azuki,0xED5AF388653567Af2F388E6224dC7C4b3241C544,4213,0x3754f6e81f0ea92041072d2205061c18ff2ae28b,0xbfb4d7570b5afe6bb10e026749c695dda03cf3fd,4.2,x2y2,18071216,1693928306,0x87631fe243bb8ca18d47517157fcfb709e5b8fe4bc6c5bfa568803cfb8538dd6
Azuki,0xED5AF388653567Af2F388E6224dC7C4b3241C544,9161,0xbc427972d98e4e64c170b2460a5d550112874808,0xbc427972d98e4e64c170b2460a5d550112874808,3.908092,seaport,18070914,1693924653,0x3e70bb0fbaad09141fe3d9f3f62c85e5c9abc5762cf36fc27a9ba161531b2cd4
Azuki,0xED5AF388653567Af2F388E6224dC7C4b3241C544,9161,0x0097b9cfe64455eed479292671a1121f502bc954,0xbc427972d98e4e64c170b2460a5d550112874808,4.108507,seaport,18070914,1693924653,0x3e70bb0fbaad09141fe3d9f3f62c85e5c9abc5762cf36fc27a9ba161531b2cd4
Azuki,0xED5AF388653567Af2F388E6224dC7C4b3241C544,9007,0x3754f6e81f0ea92041072d2205061c18ff2ae28b,0xd08129373bcbef1b445aec7d8c618ff78e3ade67,4.3,seaport,18069449,1693906933,0x4ac835309e423013dc0412ed3e596ac71faabc3f7b9bf2325606e3b8823d0ac5
Azuki,0xED5AF388653567Af2F388E6224dC7C4b3241C544,5329,0xc9f2fbe0899defc450203cef2fd05713e250cb48,0x0097b9cfe64455eed479292671a1121f502bc954,4.2488,seaport,18068966,1693901091,0xc44c83b878c48ee05a51c2ab5bb1cdd67d3739d91336c523d5d8604063fe8b1b
Azuki,0xED5AF388653567Af2F388E6224dC7C4b3241C544,1532,0xdfee40a82276d9bcfa3c346988cc1e83a664e276,0x5225492c819ecb570c663daf7a09a6516788cf2e,5.5,seaport,18063548,1693835558,0x23666385e5d61c4f3cdbb125c01fba8fdf32068fc34e4d99736ce8f55da06c6e
Azuki,0xED5AF388653567Af2F388E6224dC7C4b3241C544,4213,0xf6f590a56e671fcac850fff17d8bd6933eb47137,0xf6f590a56e671fcac850fff17d8bd6933eb47137,3.898705,seaport,18063012,1693829075,0x93c4c85c3881d914db20fe7a527f4f4c1cee343fc1551426fff4045918851d5d
Azuki,0xED5AF388653567Af2F388E6224dC7C4b3241C544,4213,0xf72139da1a5b6eb49a45b4392b0256e366c9a830,0xf6f590a56e671fcac850fff17d8bd6933eb47137,4.309095,seaport,18063012,1693829075,0x93c4c85c3881d914db20fe7a527f4f4c1cee343fc1551426fff4045918851d5d
Azuki,0xED5AF388653567Af2F388E6224dC7C4b3241C544,5329,0x343e73d33639d9c354fa215ca23ffcd0f5604ac1,0x343e73d33639d9c354fa215ca23ffcd0f5604ac1,4.005105,seaport,18061743,1693813726,0xc83e92d532bc3c530db5d92952ac333d735f20af52e30a8d7d77f210ff1d3eb1
Azuki,0xED5AF388653567Af2F388E6224dC7C4b3241C544,5329,0x0097b9cfe64455eed479292671a1121f502bc954,0x343e73d33639d9c354fa215ca23ffcd0f5604ac1,4.210495,seaport,18061743,1693813726,0xc83e92d532bc3c530db5d92952ac333d735f20af52e30a8d7d77f210ff1d3eb1
Azuki,0xED5AF388653567Af2F388E6224dC7C4b3241C544,4450,0xef0b56692f78a44cf4034b07f80204757c31bcc9,0x51f32f53f6ff13de875c8f3ca9cc88b11bf4ad17,4.25555,seaport,18058951,1693779956,0xc5fa1118a5b1b37e17743239c410cba65637f2c9f576a174c5b10e0a2b310efd
Azuki,0xED5AF388653567Af2F388E6224dC7C4b3241C544,9161,0xbc427972d98e4e64c170b2460a5d550112874808,0x88a2f57606c25bdf29b6bbdd58d773896758f98b,4.25555,seaport,18058797,1693778093,0x9f39222c0080aab91764c3e922f64fdd53caa71b0c0c07ffd179d9a651ecccde
Azuki,0xED5AF388653567Af2F388E6224dC7C4b3241C544,9303,0x63605e53d422c4f1ac0e01390ac59aaf84c44a51,0x5c1aefebf2a94c05b7b94ca67a12bf45bbda34e2,0.0,seaport,18054658,1693728030,0x47bf8858adac76a18dd01fef72f520521d39337bd05eeea27e44ddbad75b5f20
Azuki,0xED5AF388653567Af2F388E6224dC7C4b3241C544,666,0x32253d92ce2ced78260783ce579010cfd6d3c28a,0x32253d92ce2ced78260783ce579010cfd6d3c28a,4.00686,seaport,18051362,1693688164,0xc735c8a442300d4353f4f5866db91366e16e6022e34a2ca94c42f01ebaaee6d6
Azuki,0xED5AF388653567Af2F388E6224dC7C4b3241C544,666,0x0097b9cfe64455eed479292671a1121f502bc954,0x32253d92ce2ced78260783ce579010cfd6d3c28a,4.21234,seaport,18051362,1693688164,0xc735c8a442300d4353f4f5866db91366e16e6022e34a2ca94c42f01ebaaee6d6
Azuki,0xED5AF388653567Af2F388E6224dC7C4b3241C544,4877,0x984fcef7a75f8bbc23e0168b049b19bbcd14f562,0x984fcef7a75f8bbc23e0168b049b19bbcd14f562,4.015733,seaport,18049505,1693665703,0x8a518d258e7cb09460630b3feb71033205e8fc137b7992b7c9099917d0f8c042
Azuki,0xED5AF388653567Af2F388E6224dC7C4b3241C544,4877,0x0097b9cfe64455eed479292671a1121f502bc954,0x984fcef7a75f8bbc23e0168b049b19bbcd14f562,4.221667,seaport,18049505,1693665703,0x8a518d258e7cb09460630b3feb71033205e8fc137b7992b7c9099917d0f8c042
Azuki,0xED5AF388653567Af2F388E6224dC7C4b3241C544,8306,0xbe96776f1c119a20859c998495824a77d366aaef,0x5a1c3e75838e13b3bfa33d5c63cb3c05bd0dfa27,4.6,seaport,18046139,1693624989,0xae9197fc2ffae4c1b4c8a3794b167343ea04882b428c672aad0646426af5231f
Azuki,0xED5AF388653567Af2F388E6224dC7C4b3241C544,9706,0xf5e97e102828d0cd5f9b7a750bbbf1a57c0bb23d,0xf502f71377b72bcf02440c4e30322af88b96d312,4.6,seaport,18045980,1693623066,0xbca55417b19efa79d4501c46d618b2a7808195bb60024542a783b974cda4109a
Azuki,0xED5AF388653567Af2F388E6224dC7C4b3241C544,9065,0xb5bdbda53a853d0f1a49c5f3573ef02090706fd9,0xa8c147c792a7e4a1f11d37cd4e353d678372b648,4.6,x2y2,18045976,1693623018,0xefe9a3a671b386e984b93b3710f272e943af644115098a1bd202069598caddd7
Azuki,0xED5AF388653567Af2F388E6224dC7C4b3241C544,2808,0xb5bdbda53a853d0f1a49c5f3573ef02090706fd9,0xb5bdbda53a853d0f1a49c5f3573ef02090706fd9,7.4625,seaport,18045644,1693619002,0xc926127c0397f834d950deb22903231c193f331f952c19a0f12567ec082ab476
Azuki,0xED5AF388653567Af2F388E6224dC7C4b3241C544,2808,0x61219d19b588f008a9d58dea7ce0221c0d862e4c,0xb5bdbda53a853d0f1a49c5f3573ef02090706fd9,7.5375,seaport,18045644,1693619002,0xc926127c0397f834d950deb22903231c193f331f952c19a0f12567ec082ab476
Azuki,0xED5AF388653567Af2F388E6224dC7C4b3241C544,8629,0xca1ee6abeaa8d61c9d3e73c94d7bdb9fbc114138,0x8fe8686b254e6685d38eabdc88235d74bf0cbead,6.0,x2y2,18043620,1693594521,0x26c2371e18151ab79aa23b1e8740fefe9d6e7f698f755805ac97200af44a3e84
Azuki,0xED5AF388653567Af2F388E6224dC7C4b3241C544,6966,0xaf37d6b9bfe0f5e4954ba1f2d0734aac32b2ae34,0x9de416ab881b322ee0b4c189c2de624090280cf2,4.8,x2y2,18042618,1693582401,0x0a6f897bb2510f60548782bc87bdbe871e99f7ba811842e70944fb01fc627913
Azuki,0xED5AF388653567Af2F388E6224dC7C4b3241C544,1143,0xd5b36818ff388651b03019f16d7a7cbc84107931,0xd5b36818ff388651b03019f16d7a7cbc84107931,4.22994,seaport,18041673,1693570971,0x00064f6332965b3b70704caa8d092d4d844b535e0156a858ab33f53231c6c971
Azuki,0xED5AF388653567Af2F388E6224dC7C4b3241C544,1143,0x0097b9cfe64455eed479292671a1121f502bc954,0xd5b36818ff388651b03019f16d7a7cbc84107931,4.44686,seaport,18041673,1693570971,0x00064f6332965b3b70704caa8d092d4d844b535e0156a858ab33f53231c6c971
Azuki,0xED5AF388653567Af2F388E6224dC7C4b3241C544,7160,0x353c6c94f1596074379c35cb8d2165d0d61fff5f,0x353c6c94f1596074379c35cb8d2165d0d61fff5f,4.5825,seaport,18040632,1693558380,0x3ffe70f9dfb590b66f3fa164cc1ca4a6c6dc9313bbd80e000517fa65516b2a7a
Azuki,0xED5AF388653567Af2F388E6224dC7C4b3241C544,7160,0x5932ff2c8b86dde43c9920beb1e58c278d9e0d42,0x353c6c94f1596074379c35cb8d2165d0d61fff5f,4.8175,seaport,18040632,1693558380,0x3ffe70f9dfb590b66f3fa164cc1ca4a6c6dc9313bbd80e000517fa65516b2a7a
Azuki,0xED5AF388653567Af2F388E6224dC7C4b3241C544,7462,0xe0e76a34c17635ebff5d80b1e387fcdd4eeab863,0xe0e76a34c17635ebff5d80b1e387fcdd4eeab863,4.218337,seaport,18040011,1693550869,0x3321a29c53e9dda9254f7b9b1ee0870e5246fc4d2fd8b28a7a8a822173ea74ec
Azuki,0xED5AF388653567Af2F388E6224dC7C4b3241C544,7462,0x0097b9cfe64455eed479292671a1121f502bc954,0xe0e76a34c17635ebff5d80b1e387fcdd4eeab863,4.434662,seaport,18040011,1693550869,0x3321a29c53e9dda9254f7b9b1ee0870e5246fc4d2fd8b28a7a8a822173ea74ec
Azuki,0xED5AF388653567Af2F388E6224dC7C4b3241C544,9007,0x8c4da207b429e1e2a6917cab0bfb0c7b13eed850,0x8c4da207b429e1e2a6917cab0bfb0c7b13eed850,4.24125,seaport,18039335,1693542692,0x0f94365cdc6b97cbc14695fc9983fce0d75adcf59715d86baaa6dd3e50725079
Azuki,0xED5AF388653567Af2F388E6224dC7C4b3241C544,9007,0xd08129373bcbef1b445aec7d8c618ff78e3ade67,0x8c4da207b429e1e2a6917cab0bfb0c7b13eed850,4.45875,seaport,18039335,1693542692,0x0f94365cdc6b97cbc14695fc9983fce0d75adcf59715d86baaa6dd3e50725079
Azuki,0xED5AF388653567Af2F388E6224dC7C4b3241C544,4315,0xc13568905df4473106f84f9c15b95e50be9ef099,0x719b0cfd7535b74728ba7c5e070c97ed8f86c382,0.0,seaport,18038300,1693530173,0x2c6f8364c39cc2c1d0b262aa68ae0950760153c31121c55cf682cbcc5d1345fe
Azuki,0xED5AF388653567Af2F388E6224dC7C4b3241C544,4305,0x32c9dd9feca3d3279125e0d431b2fc199a859a18,0xd08129373bcbef1b445aec7d8c618ff78e3ade67,4.55,seaport,18033109,1693467386,0x9bcbe53f2904473ef1a5b9e0ac6d66d2326b15fd757c9a97bf93a87759546f81
Azuki,0xED5AF388653567Af2F388E6224dC7C4b3241C544,6970,0x6f6878305930ecc4ec7c926d5e5081c19a87bc92,0x5e7efcf054fc9efdc7a0fc509f0ef99a534eaaf3,10.2567,seaport,18033058,1693466769,0x2b42c0c659231e6c1980d9603b493563941909de5f24e21d9c5e8ad2f82cb3dd
Azuki,0xED5AF388653567Af2F388E6224dC7C4b3241C544,4118,0x3a9c46460e5c243f01117d5413c679e4e8cd55cc,0x600235122c6299ba845e6c67f718e0854923040a,4.9,x2y2,18032367,1693458411,0x98d18899c3be23fb12b4f0cebd03023c66c116d249fea5436abd61f2ecdc1382
Azuki,0xED5AF388653567Af2F388E6224dC7C4b3241C544,3720,0x944087121c9337815ec2de74859b697b2c032121,0x6c8ee01f1f8b62e987b3d18f6f28b22a0ada755f,0.0069,x2y2,18027310,1693397245,0xc1f98edd69a73649fd282e9069b47690dfc27d44adaeda8cdaee2f6f41ce78e4
Azuki,0xED5AF388653567Af2F388E6224dC7C4b3241C544,4164,0x129811651bae48e0d86b1783098000e0f0458feb,0x5a1c3e75838e13b3bfa33d5c63cb3c05bd0dfa27,4.55,seaport,18026529,1693387798,0x3046903d500ae5dc703bd185689254d94f1e658d91d79c54472110e882e66235
Azuki,0xED5AF388653567Af2F388E6224dC7C4b3241C544,221,0x107bd7ed9cba47a996076ec1020bc086ee8852dc,0x0097b9cfe64455eed479292671a1121f502bc954,4.4,x2y2,18026389,1693386105,0x866ae6b317686b2987aeadfd552efc94a3702bfdaccca367b5f1dfcf74364c9f
Azuki,0xED5AF388653567Af2F388E6224dC7C4b3241C544,1274,0x9de416ab881b322ee0b4c189c2de624090280cf2,0x1e1d82a2c4907cfbe95a6524376faf77e676bbf5,4.35,x2y2,18026230,1693384182,0x8a687a1ebf0f657f03cc48964108c695962f8ecd1fff0c3f49bb8de708b088b8
Azuki,0xED5AF388653567Af2F388E6224dC7C4b3241C544,4305,0x648d89d9cf8ed49be910997f10b1aff860f17c9d,0x648d89d9cf8ed49be910997f10b1aff860f17c9d,4.222042,seaport,18024730,1693366039,0x371063be06377b19d5a15a1fd2fd2ba94edf925e9d658d7176e055c6fb786301
Azuki,0xED5AF388653567Af2F388E6224dC7C4b3241C544,4305,0xd08129373bcbef1b445aec7d8c618ff78e3ade67,0x648d89d9cf8ed49be910997f10b1aff860f17c9d,4.438557,seaport,18024730,1693366039,0x371063be06377b19d5a15a1fd2fd2ba94edf925e9d658d7176e055c6fb786301
Azuki,0xED5AF388653567Af2F388E6224dC7C4b3241C544,3790,0x3ecc6f5df05e82524c3d424fe231211fd70ad9f2,0x353c6c94f1596074379c35cb8d2165d0d61fff5f,4.72,x2y2,18019219,1693299381,0x85b636a96e6808d55a822a7a8cce27cd89c08470db9c512537050800a8e0a139
Azuki,0xED5AF388653567Af2F388E6224dC7C4b3241C544,6966,0x9de416ab881b322ee0b4c189c2de624090280cf2,0xadc5333e24ba3f818ed3ca69616e3bb24844e499,1.0,seaport,18018445,1693290019,0x5d349a1475ba0a38b46e08b6812fc8b68f1474fa0ef73965ba5aceb8853858e5
Azuki,0xED5AF388653567Af2F388E6224dC7C4b3241C544,6419,0xd0a327c939e9f3db287c9ff38ed322a295f53a4a,0xd0a327c939e9f3db287c9ff38ed322a295f53a4a,4.19991,seaport,18017527,1693278915,0x361ec7d4e1dd4f0502f6907a7af787cc6a0932f141ff4e206e8f4d96216a306a
Azuki,0xED5AF388653567Af2F388E6224dC7C4b3241C544,6419,0x0097b9cfe64455eed479292671a1121f502bc954,0xd0a327c939e9f3db287c9ff38ed322a295f53a4a,4.41529,seaport,18017527,1693278915,0x361ec7d4e1dd4f0502f6907a7af787cc6a0932f141ff4e206e8f4d96216a306a
Azuki,0xED5AF388653567Af2F388E6224dC7C4b3241C544,3207,0x4f2c16552232c5d91d71b1224da8e06cbcc5e2f7,0xadaf51f1e434c446abc90ffdaf1c3a967e6f2ea1,5.25,x2y2,18013748,1693233207,0x439dfc4b75f015c29d4c3cfc9e55cd2957e83880870e0233ef124e2569c4d6cc
Azuki,0xED5AF388653567Af2F388E6224dC7C4b3241C544,221,0xae8ad7f0aa8271c1ed8257912e8ab3175f24ba22,0xae8ad7f0aa8271c1ed8257912e8ab3175f24ba22,4.265235,seaport,18013233,1693226978,0xa1ab2244f51fb58d5663e529ced169ecfd8e955084af90b9c9c798f8ce24b0b8
Azuki,0xED5AF388653567Af2F388E6224dC7C4b3241C544,221,0x0097b9cfe64455eed479292671a1121f502bc954,0xae8ad7f0aa8271c1ed8257912e8ab3175f24ba22,4.483965,seaport,18013233,1693226978,0xa1ab2244f51fb58d5663e529ced169ecfd8e955084af90b9c9c798f8ce24b0b8
Azuki,0xED5AF388653567Af2F388E6224dC7C4b3241C544,3809,0x86c2e1dc8122925362b033e0ea85f53cbd8838ed,0xfe5f7a79addba41007c515db79ae0b5a25c90819,5.5,seaport,18009485,1693181644,0x7021ebca123b5b0d907cdbdfdc569709363f30900789bec6ffeb3e66e1c1f176
Azuki,0xED5AF388653567Af2F388E6224dC7C4b3241C544,9107,0x2155df680e53eb3d978158bbeb597e7615341af7,0x1dff56f41fbc5b891e2a5250c2c5e3fd40126f83,4.66,seaport,18008846,1693173915,0x3600a1991013f94c70641e1bf9b520f51355b8a20d2eb8a750ca2d12ab01b31a
Azuki,0xED5AF388653567Af2F388E6224dC7C4b3241C544,4706,0x88f3afa9757779a957b75890d2ff410d00d623a2,0x233068b6210a74eaf4e9d13dce78dcd1d67c7e64,4.99,seaport,18007829,1693161614,0x4229701d77dc5df95d74153b7601eb6c9941d001cf85474068abc621bf20ddab
Azuki,0xED5AF388653567Af2F388E6224dC7C4b3241C544,1528,0xb9b8ef61b7851276b0239757a039d54a23804cbb,0x94e9d73a2aeec807d85756b84759965b41866450,4.7888,seaport,18005823,1693137351,0xd83bf099def7ed3b0abd92e1fbf25ec1ca06c1f1f684e5e9beb295623f4fabb8
Azuki,0xED5AF388653567Af2F388E6224dC7C4b3241C544,226,0x9c9217783e69c7da753afa988198308412241c8e,0x2e9a18d66f2fc535497cfb395d7f1bcb6746e582,4.52,seaport,18004869,1693125812,0x403a0aa61574b8469a177be76619d77ea496c06d77706052c36148028c2f0853
Azuki,0xED5AF388653567Af2F388E6224dC7C4b3241C544,5250,0x86c2e1dc8122925362b033e0ea85f53cbd8838ed,0x86c2e1dc8122925362b033e0ea85f53cbd8838ed,4.273035,seaport,18003899,1693114079,0x62ea529cb21d3c2f6991d511c254dd449eb5fd26d8af2b23304dde0e73880e08
Azuki,0xED5AF388653567Af2F388E6224dC7C4b3241C544,5250,0x3671be38ecb045bac6081986ab668afbd20db15e,0x86c2e1dc8122925362b033e0ea85f53cbd8838ed,4.492165,seaport,18003899,1693114079,0x62ea529cb21d3c2f6991d511c254dd449eb5fd26d8af2b23304dde0e73880e08
Azuki,0xED5AF388653567Af2F388E6224dC7C4b3241C544,3793,0xacd04e5ec4652b4be1c29bbcf37032e00dc60edb,0x93bd0162687d98afadf3ff4b67ccb68680877bc3,4.7,x2y2,18002849,1693101379,0x235e3cacb133bbaa0bad39ae4da2f4a38f08ca4e7e8ae0cb2239ee015bba1b25
Azuki,0xED5AF388653567Af2F388E6224dC7C4b3241C544,8556,0x2b81383c4c6363627006d16c8ac3b38e12ce8261,0xd91dc7c83bd01b91cb25019dfc4e35bc6faab814,4.666,seaport,18001470,1693084699,0x967000c420072b92575d655a7fab364f9ecbc07cc0a04d2c9219ec8d2e9dfa67
Azuki,0xED5AF388653567Af2F388E6224dC7C4b3241C544,8214,0x552628f4dfa219a902ae837fa5add3390e9e7d14,0xaef7cdf5c0ce911e3491213a71bfc96cb28d5148,4.4,seaport,17999883,1693065504,0xf42623af8e54e31846cc71ea5d4f6fa21f62588bc8c3d7bfae055a9ea469b47a
Azuki,0xED5AF388653567Af2F388E6224dC7C4b3241C544,8262,0xac32967007909f5b312557e4909cb73a3dea3d8d,0xaebc58c8b711452def1bb5dd7fdd04be15fa4aec,4.75,x2y2,17998863,1693053167,0x172a9bfac2d1d5daca463878cd2b67c863067ed9470f1155a6d75a80da58119b
Azuki,0xED5AF388653567Af2F388E6224dC7C4b3241C544,1246,0x9183af8516a868ea99592b2669255374c620d3a0,0x9675b0ed61d85ad9c0f16ae071b7002c5747caca,4.99,seaport,17994140,1692996068,0x2cacbef960a0c65b647dfb7ffa9e475bad60c2a9ee2235a2dd6d7f259fced9bd
Azuki,0xED5AF388653567Af2F388E6224dC7C4b3241C544,9366,0x9183af8516a868ea99592b2669255374c620d3a0,0xadaf51f1e434c446abc90ffdaf1c3a967e6f2ea1,4.98,seaport,17994140,1692996068,0x2cacbef960a0c65b647dfb7ffa9e475bad60c2a9ee2235a2dd6d7f259fced9bd
Azuki,0xED5AF388653567Af2F388E6224dC7C4b3241C544,8159,0x9183af8516a868ea99592b2669255374c620d3a0,0x8ed9a20098be9e7d637e3a7f6e7cc998049362a4,4.94,seaport,17994140,1692996068,0x2cacbef960a0c65b647dfb7ffa9e475bad60c2a9ee2235a2dd6d7f259fced9bd
Azuki,0xED5AF388653567Af2F388E6224dC7C4b3241C544,8056,0x9183af8516a868ea99592b2669255374c620d3a0,0x856750961732cbead1e289e04c57027bb368fcc0,4.939,seaport,17994140,1692996068,0x2cacbef960a0c65b647dfb7ffa9e475bad60c2a9ee2235a2dd6d7f259fced9bd
Azuki,0xED5AF388653567Af2F388E6224dC7C4b3241C544,5542,0x9183af8516a868ea99592b2669255374c620d3a0,0x94e9d73a2aeec807d85756b84759965b41866450,4.689,seaport,17994133,1692995984,0x62964cb6832fe3568bff50378bf9414d1d4d1399d3a128e05342b39659728153
Azuki,0xED5AF388653567Af2F388E6224dC7C4b3241C544,398,0x9183af8516a868ea99592b2669255374c620d3a0,0xafc786f195f4a1c47eb364f94066e49eca738998,4.689,seaport,17994133,1692995984,0x62964cb6832fe3568bff50378bf9414d1d4d1399d3a128e05342b39659728153
Azuki,0xED5AF388653567Af2F388E6224dC7C4b3241C544,7763,0x9183af8516a868ea99592b2669255374c620d3a0,0xc0de228c5f0e149ca0e462cc1109be6c664ec63a,4.4536,seaport,17994133,1692995984,0x62964cb6832fe3568bff50378bf9414d1d4d1399d3a128e05342b39659728153
Azuki,0xED5AF388653567Af2F388E6224dC7C4b3241C544,7092,0x894c664841039fa7fd28932e60c1172306013d86,0x0097b9cfe64455eed479292671a1121f502bc954,4.5998,seaport,17992755,1692979325,0x2b24eecfdd3a138296d4005792dc1c19b73da6540c64ca6346f17d583ec703a2
Azuki,0xED5AF388653567Af2F388E6224dC7C4b3241C544,4213,0xf6f590a56e671fcac850fff17d8bd6933eb47137,0x0bfff40545a2250c3f11993e7b75dbbcb11e36ac,4.98,seaport,17991773,1692967453,0xd15081d0e1c30425414410d5cd52229066cb24347e7a064a9966a7ad00ad9e1d
Azuki,0xED5AF388653567Af2F388E6224dC7C4b3241C544,5259,0x369773a32d3d0b4920ef752d3170ff7419bf55e5,0x1462e51d0042b9ee4a6a622fae5effba45f3af1e,4.5,seaport,17991458,1692963645,0x43b1ff079a180249fd4b2d9e3582fb57ba3626b63a7568a4b420c298899c3481
Azuki,0xED5AF388653567Af2F388E6224dC7C4b3241C544,1323,0x027050e062ab1a7695e2b4ac3b7efa0d251d3d09,0x0097b9cfe64455eed479292671a1121f502bc954,4.9986,seaport,17991164,1692960090,0x360a1f64d4f20e028762a5b98174a9f370276bc9fada1abcedf33ae5825131d3
Azuki,0xED5AF388653567Af2F388E6224dC7C4b3241C544,5509,0x8a4b4bd8c5e842eecb2681b99dc5c25b8eb11710,0xc68929a4a8cf410ab3551803e0d8aa04285731e8,5.69,seaport,17991020,1692958350,0xfb8ee7c075e36b5dba3fce480c1e5d126ec7b16a6cfee27cf733d6a9c9ff5202
Azuki,0xED5AF388653567Af2F388E6224dC7C4b3241C544,4796,0xc13568905df4473106f84f9c15b95e50be9ef099,0x353c6c94f1596074379c35cb8d2165d0d61fff5f,4.387,seaport,17990887,1692956742,0xfe1dfda6dc1281731fe05229c2a96328d7e2c46ddb01338d787afdcf7dc76c2b
Azuki,0xED5AF388653567Af2F388E6224dC7C4b3241C544,3153,0x66666f58de1bcd762a5e5c5aff9cc3c906d66666,0xc13568905df4473106f84f9c15b95e50be9ef099,70.0,x2y2,17990877,1692956621,0x7cb530e7647109195b014a796c4dae75725042563ed77cbccc39a43651bcb328
Azuki,0xED5AF388653567Af2F388E6224dC7C4b3241C544,8489,0xf0a1ab0cb140d72d4c91bf4c8ec28ed578bab6f4,0x94e9d73a2aeec807d85756b84759965b41866450,4.299,seaport,17990413,1692951011,0x65fe2f99289f597f0059f726b94962f71c4161c21cab08ef876716d0d38520f3
Azuki,0xED5AF388653567Af2F388E6224dC7C4b3241C544,6262,0xc70632a3733911f3938a2a2688270a7904defa79,0x94e9d73a2aeec807d85756b84759965b41866450,4.225,seaport,17990244,1692948968,0x2a6cb3b4e9d1e2af6c7b45cd3438544503b14fcf4ed42767eb82f97aca7a2649
Azuki,0xED5AF388653567Af2F388E6224dC7C4b3241C544,8148,0x17ef2b6ff281dbb79847c9cbb2ce62572abb24c8,0x494163f2e86378432735625dc2b430115d47f404,23.44,seaport,17990132,1692947614,0xe29bcf147cdc67cd537d75bd6fbcbd1186bb8701c4465b3fa54076eb29056be4
Azuki,0xED5AF388653567Af2F388E6224dC7C4b3241C544,2995,0x3bcb4f59f79d051953dc97691859f7f5afc0d383,0x5a1c3e75838e13b3bfa33d5c63cb3c05bd0dfa27,4.0,x2y2,17989566,1692940772,0x636238abf225fec64f0c31162e0be4f761fdf695ff844e28946e9373fe4137cd
Azuki,0xED5AF388653567Af2F388E6224dC7C4b3241C544,270,0xd1c3e1fc8f0d70ad078931e052837325fb781e4b,0xb6d328c2f993e0eb6ca42b60d84c5e7a749fa417,4.0,seaport,17989332,1692937943,0x306f8ded411a57d931d6f2b273462b343455c6b91f800728b1e2b3b64aee1575
Azuki,0xED5AF388653567Af2F388E6224dC7C4b3241C544,2995,0x5a1c3e75838e13b3bfa33d5c63cb3c05bd0dfa27,0xb2c93dca4194027c7fa5c99359033713e18d5aad,3.8,x2y2,17989261,1692937084,0x68c7d7bfd341a6749b40cd018ddb60516d768268dd862a1bb0d638703f7ab7b4
Azuki,0xED5AF388653567Af2F388E6224dC7C4b3241C544,5891,0x98b3ca21c418de87d0adf9c1191b9febb7c4c453,0xe69d8074230d8fe3667569610d7a8441834ff448,3.9,seaport,17988912,1692932865,0x51988ff8685968dce0baf1aa211bf695ce42e63ebdea43be1b4f47bbe1058a55
Azuki,0xED5AF388653567Af2F388E6224dC7C4b3241C544,8959,0x258a5e28aa40aef3c2c4cdf728b11dd9dd2b8bcd,0x4a0b1d10f2aebc8b4a901e04280e9a22edab66eb,4.5,seaport,17988485,1692927703,0x434302e74aa3eca690ebd30bbad013daf74933a90266e6481a5d95f39c383820
Azuki,0xED5AF388653567Af2F388E6224dC7C4b3241C544,5191,0x0e9f10d14bd2223ab2f3565506f0cf0da80f5b3c,0x0cf28f1131131d94976af29e9f6443e5e7cde996,3.4,x2y2,17986949,1692909134,0x33fb601ce44f0ec499eb1cfc8e3f4175b286d8997eb11eddc2352f88d953b6a5
Azuki,0xED5AF388653567Af2F388E6224dC7C4b3241C544,1246,0x9675b0ed61d85ad9c0f16ae071b7002c5747caca,0x9de416ab881b322ee0b4c189c2de624090280cf2,3.975,x2y2,17983275,1692864717,0x4edd0e97029237a89d3e17d0e30f1e4542558edb3030c3942f40ff2a9bb8aa6d
Azuki,0xED5AF388653567Af2F388E6224dC7C4b3241C544,605,0xef0b56692f78a44cf4034b07f80204757c31bcc9,0x353c6c94f1596074379c35cb8d2165d0d61fff5f,3.925,seaport,17982810,1692859096,0x3b53d1a8d2c29efe5f98e9a3ca1e8265740a6cc3a49a38aad03c35ac275df111
Azuki,0xED5AF388653567Af2F388E6224dC7C4b3241C544,5651,0x40a167752d88b5493d35fd088f4e8f16d07a247f,0x03f4cb9e297ea659f30e09341ee7155a7d136398,4.1,seaport,17980543,1692831689,0xc94046c17e116b37c992ca8fa578b266ee18ed3806986f5c68f9e2aec3d4a057
Azuki,0xED5AF388653567Af2F388E6224dC7C4b3241C544,4980,0x54c9ae13ca87f1c5007fa2b3354025310deb88e1,0x852b296a04ee632355a45674bf1421910f211c3f,3.8999,seaport,17979149,1692814837,0xafba179f24fc65b202c2bf3a442cbdbd13ae321b5a8801732c583b7efc671075
Azuki,0xED5AF388653567Af2F388E6224dC7C4b3241C544,5206,0x1a80edf35be08c2d2d6b6d81646cfdcaed81b0f1,0xa9125d186625b81a1f2fdfa3e696fa88381c1c65,3.67,seaport,17978304,1692804621,0x88dd4c0fb1c51e0c7b677d003c31fb4f8fe7c949d8dd9ed1a2a18ec05b1196ed
Azuki,0xED5AF388653567Af2F388E6224dC7C4b3241C544,6989,0x827e597398c4beeab07e8e27b5fb927c4655d621,0x926334e4e9919e6557f55b4133eb8fb8413e7278,3.555,seaport,17974086,1692753628,0x292382841890b05004e78c013dfe10178ac5016b67a92198e74e82a104eb0a9f
Azuki,0xED5AF388653567Af2F388E6224dC7C4b3241C544,1246,0x9de416ab881b322ee0b4c189c2de624090280cf2,0x86cedfc92f374fd8a6b228fca47692fe0af04b9a,3.55,seaport,17973719,1692749191,0x86a98ad035244f531ea4db18460d55619af31c6727d52533bc2aac863af82cd6
Azuki,0xED5AF388653567Af2F388E6224dC7C4b3241C544,241,0x4a244afcd92370e1251b76a27d82c8d8615d19c4,0x1a6a03b245af2c8e0351738a2b84121395d1fc54,6.0,seaport,17973598,1692747728,0xd865fc8eb29f18a6ec47a45e860e0cedaf6d537c260e1f519a930827bda51ba9
Azuki,0xED5AF388653567Af2F388E6224dC7C4b3241C544,1143,0xd5b36818ff388651b03019f16d7a7cbc84107931,0xeaeaa1e30d62bea880d5f38171bb32a2f91bfdce,3.498,seaport,17971807,1692726076,0x3e18a86b89c5440946e1ee5abaa8d56c781f4afbe51a07216419867e454feb9a
Azuki,0xED5AF388653567Af2F388E6224dC7C4b3241C544,3587,0xc975edd3e2eafc7e33fce8cfbc7f8db1e806f4ce,0xa47951c0abc56161b79ebcf9f04d08f6670faf3e,3.41,seaport,17971533,1692722764,0xa40b43ade26ed2e912507e3468c3ccb560eb7f069f324f183032c69501e453b7
Azuki,0xED5AF388653567Af2F388E6224dC7C4b3241C544,7019,0xc0d98d103a89db163014799c8c03ec1c52530804,0x94e9d73a2aeec807d85756b84759965b41866450,3.4688,seaport,17971010,1692716441,0x2a6411ffe30b92e31bd43c968b60cdc6e19e971914b6aead7f3d91e30e8eff78
Azuki,0xED5AF388653567Af2F388E6224dC7C4b3241C544,3747,0x36862798eb6d5559eea7b785152e574fee8f5687,0x36862798eb6d5559eea7b785152e574fee8f5687,3.152765,seaport,17968514,1692686266,0x520e84809a5a8b3df0308ed78344c2dcd4a705bf5bdc47b19217d36d7892f39d
Azuki,0xED5AF388653567Af2F388E6224dC7C4b3241C544,3747,0xd47f6d5fb8dc684dfa75a0551889026738c5aa1c,0x36862798eb6d5559eea7b785152e574fee8f5687,3.484635,seaport,17968514,1692686266,0x520e84809a5a8b3df0308ed78344c2dcd4a705bf5bdc47b19217d36d7892f39d
Azuki,0xED5AF388653567Af2F388E6224dC7C4b3241C544,5191,0x0cf28f1131131d94976af29e9f6443e5e7cde996,0x3754f6e81f0ea92041072d2205061c18ff2ae28b,1.1,seaport,17966876,1692666464,0x9188b7d7eed216ce8553219eee45fd7b6742c707f5a36be9932cef98122f9913
Azuki,0xED5AF388653567Af2F388E6224dC7C4b3241C544,3301,0x8ffecb10b851f152fa97a92574c868be97a2e8e9,0xb94ba002073fe808867457bd26996d2e25733991,6.0,x2y2,17965571,1692650687,0xec20217274c20acedad588e8334d5f837269ba6e8e3d4d27a1391e3caf3b3ed3
Azuki,0xED5AF388653567Af2F388E6224dC7C4b3241C544,8973,0x7ac1355fcbb1437affb10e6b73fdf82a53c12239,0x0097b9cfe64455eed479292671a1121f502bc954,3.6888,seaport,17965506,1692649901,0xb56ecff4bdfc8bd3e55182bb7d5012d30a0fa502df80415cd5523ed1e0a53d52
Azuki,0xED5AF388653567Af2F388E6224dC7C4b3241C544,7113,0x7ac1355fcbb1437affb10e6b73fdf82a53c12239,0x0946bc5c2f9848665cc3811458de403d0a78ad8e,3.599,seaport,17965463,1692649381,0x0a890ffd882ddffd225a930b2d426453a8a1135b3f6a9365e47b3cc84653c02b
Azuki,0xED5AF388653567Af2F388E6224dC7C4b3241C544,9636,0x9de416ab881b322ee0b4c189c2de624090280cf2,0xb694d91da8d1c6f4d32745e4f163f806bc51fd6b,3.65,x2y2,17965425,1692648922,0xd348a5d6fbf5d422c3ae988af62df3c3b2c7f2d4a8e58f9ba72a1e82b5dbbfc0
Azuki,0xED5AF388653567Af2F388E6224dC7C4b3241C544,6112,0x0c5eb11c37552bddd0a319652386a34df89d5a64,0x9de416ab881b322ee0b4c189c2de624090280cf2,4.0,x2y2,17963373,1692624115,0x53168e045fb50cd26558197d6c0a3265838aa31e92f5bea670f5b012b105229f
Azuki,0xED5AF388653567Af2F388E6224dC7C4b3241C544,6229,0xef0b56692f78a44cf4034b07f80204757c31bcc9,0x94e9d73a2aeec807d85756b84759965b41866450,3.755,seaport,17961074,1692596321,0x7e0797cdff43b932bc6505b88f864174428080750945d5dd9ae7180819ce3dd6
Azuki,0xED5AF388653567Af2F388E6224dC7C4b3241C544,8568,0x7c2dca7f51a67e659ee1a3e176db9ae49a0a3df7,0x2d8de1f9c47f0cde92bbb15dc1dfd8dcb8d5d8b5,3.584,seaport,17957418,1692552123,0xa741e3d6a805c33a873feec32907158ea4ce0454ae93db81aab247612928b87a
Azuki,0xED5AF388653567Af2F388E6224dC7C4b3241C544,3738,0xb5309b284c23667c5bd765f7d45abb977621e61e,0x3f7a3df9c6f5574b6e67fb26955b75e52a4e2b7e,3.777,seaport,17956895,1692545801,0x35c12d21119422d20d945506c5b231a970b33a7c5635abb5e569da30b75f22c3
Azuki,0xED5AF388653567Af2F388E6224dC7C4b3241C544,9118,0x6f6878305930ecc4ec7c926d5e5081c19a87bc92,0x353c6c94f1596074379c35cb8d2165d0d61fff5f,3.905,seaport,17956519,1692541256,0x3f344ea460873ba86ac2f460625c4a5aa43098290a84342f10a74d244cb45450
Azuki,0xED5AF388653567Af2F388E6224dC7C4b3241C544,8932,0x05c250120ce07ba6fe361b39ac344148435c25ca,0x7bf845e17865db89173d8f9693bbc5bfc3300333,6.2,x2y2,17954925,1692521987,0x1e26593b2e8fb5274c8067707dee140bb14fe4fd5f04da18e3cf0a574ec9d6f5
Azuki,0xED5AF388653567Af2F388E6224dC7C4b3241C544,4200,0x66a0058406e46d6832bd0b1a664eebe6e36a3736,0x408630f7f8dd26f5e64b279b199e10dbafd6236b,4.0,seaport,17954600,1692518058,0xb7c55dd869c26dbdb8503d8b53f9f862e25667160b3bec53d11f6f0f545920c2
Azuki,0xED5AF388653567Af2F388E6224dC7C4b3241C544,7512,0xc47c533e99c78afc9e55449eb974eebdda34439b,0x38e07c9de383bc4ae1cb9444ceb292ad0e0494fe,3.69,seaport,17953758,1692507880,0x912a1cd18f433dbfa22aa230e891d199779b7d63018175782e253f3fcfcfa002
Azuki,0xED5AF388653567Af2F388E6224dC7C4b3241C544,6650,0x81ed580f108446eb80e4e9e7b7f19b5d9bf46c63,0xeaeaa1e30d62bea880d5f38171bb32a2f91bfdce,3.898,seaport,17952910,1692497629,0xa27ba09c38cb5f8b9394acedf8e960a323c8ce85c75befd425b992bf3e7477ec
Azuki,0xED5AF388653567Af2F388E6224dC7C4b3241C544,1452,0x8f3a824b368d2d347093bde65ce8594eaec4731e,0x6d7b2c59d98f2e007314d57cefff8ffac8f38dbf,3.698,seaport,17952399,1692491452,0xdad1762d64547b969fbbe955b3d292650cc3db9d20403dfb68547ae87effe138
Azuki,0xED5AF388653567Af2F388E6224dC7C4b3241C544,4661,0x9391064713f14ddf6f66fe21512e48a68c1e6648,0x353c6c94f1596074379c35cb8d2165d0d61fff5f,3.987,seaport,17949843,1692460554,0xc92e4fc66c8d065b91d39c15697fd6de2aa0d06486b6d663ddb091360025ac33
Azuki,0xED5AF388653567Af2F388E6224dC7C4b3241C544,8088,0xd928ace81df2f0646666791bba50a24f43524bee,0xde112b77a1a72c726d8c914c23dceaa53273c351,9.0,seaport,17949156,1692452249,0x322512dc53a91e09025726f0dc0447b544bbbfa9a6e9a2f3b9f1fd56221d3a33
Azuki,0xED5AF388653567Af2F388E6224dC7C4b3241C544,5556,0xb91b3dec63690356bdfc2d664cdae19b3d96e5a1,0xb91b3dec63690356bdfc2d664cdae19b3d96e5a1,4.10904,seaport,17948968,1692449977,0x04d13b94f80754f3ba15526262a76be65db6e63990ac8b00480178465e77e1c5
Azuki,0xED5AF388653567Af2F388E6224dC7C4b3241C544,5556,0xb7369571488a0d88ebbd7b327c47315ce3e697a1,0xb91b3dec63690356bdfc2d664cdae19b3d96e5a1,4.31976,seaport,17948968,1692449977,0x04d13b94f80754f3ba15526262a76be65db6e63990ac8b00480178465e77e1c5
Azuki,0xED5AF388653567Af2F388E6224dC7C4b3241C544,5849,0x508beb4f2e548fb817c1d65e64949d3dee8ed11c,0x2d8de1f9c47f0cde92bbb15dc1dfd8dcb8d5d8b5,4.268,seaport,17948670,1692446374,0x13e26d7afe45c5e47af625b75af09b475397e7f77d1a7f6aa7a78d17cfdd8d24
Azuki,0xED5AF388653567Af2F388E6224dC7C4b3241C544,421,0xaaf4342ade79f7726c6ef51486a7f4b3de5114fa,0x5b3c2035f87ecd710d363a8c9c982f53259c6edd,8.5,seaport,17948054,1692438928,0x484bbf3bce5b1ea21422072fdb878475b4c2df20fed4be4741b903a32955c7b8
Azuki,0xED5AF388653567Af2F388E6224dC7C4b3241C544,1098,0x362750794b1e8e71c976fe084a72a969aff96579,0x0097b9cfe64455eed479292671a1121f502bc954,4.6988,seaport,17944331,1692393923,0xf2af2fa8289ad2ade516899d8ee3c49a60b49afda101bd9ad588f664122f9a2c
Azuki,0xED5AF388653567Af2F388E6224dC7C4b3241C544,52,0x6f6878305930ecc4ec7c926d5e5081c19a87bc92,0xe1ce874993c3874545d8183bbcf3c4812cacf2c1,10.0,seaport,17944274,1692393234,0x2684c1a782d52a2170d465d8958f19f1905edc70776a13e8cd40c7c52a513877
Azuki,0xED5AF388653567Af2F388E6224dC7C4b3241C544,8418,0x29429b21c174a7f28c3b0bd7adf7e80850b4698e,0x29429b21c174a7f28c3b0bd7adf7e80850b4698e,5.166525,seaport,17943222,1692380517,0xc0c4827b82bf9140b9f90b79d6fd9ee25330e063ab37d053fec6381ce9927a55
Azuki,0xED5AF388653567Af2F388E6224dC7C4b3241C544,8418,0x0e7a4b51e2dcf2a2c61dc736f75a60bbf5569c8b,0x29429b21c174a7f28c3b0bd7adf7e80850b4698e,5.431475,seaport,17943222,1692380517,0xc0c4827b82bf9140b9f90b79d6fd9ee25330e063ab37d053fec6381ce9927a55
Azuki,0xED5AF388653567Af2F388E6224dC7C4b3241C544,630,0x033c5467b1566ff82d4b5de53794d52a2536e984,0x033c5467b1566ff82d4b5de53794d52a2536e984,4.051125,seaport,17942273,1692369045,0xb614873bcf124046ace8022a045f03506a224be12e172f8fe04a50254d04d362
Azuki,0xED5AF388653567Af2F388E6224dC7C4b3241C544,630,0x0097b9cfe64455eed479292671a1121f502bc954,0x033c5467b1566ff82d4b5de53794d52a2536e984,4.258875,seaport,17942273,1692369045,0xb614873bcf124046ace8022a045f03506a224be12e172f8fe04a50254d04d362
Azuki,0xED5AF388653567Af2F388E6224dC7C4b3241C544,9366,0x78f625a65fc316d32d98d249b698fb509a6d98f2,0x78f625a65fc316d32d98d249b698fb509a6d98f2,4.160423,seaport,17941426,1692358806,0x40f8868550bac467251d1b09621ef50083a0ef3450e8e07eac15dc4d6b7de1e3
Azuki,0xED5AF388653567Af2F388E6224dC7C4b3241C544,9366,0x1fee3385b22d69e93209db2042be58fcac57b59b,0x78f625a65fc316d32d98d249b698fb509a6d98f2,4.373778,seaport,17941426,1692358806,0x40f8868550bac467251d1b09621ef50083a0ef3450e8e07eac15dc4d6b7de1e3
Azuki,0xED5AF388653567Af2F388E6224dC7C4b3241C544,4499,0x5c0200218ffce954145c57d3a09738a922d22337,0x5c0200218ffce954145c57d3a09738a922d22337,4.3,seaport,17940877,1692352170,0xa4dd5728cb3b405f86709f698de9eb64b0a5e99d8c66b49f957c80de95aede2b
Azuki,0xED5AF388653567Af2F388E6224dC7C4b3241C544,4499,0x0097b9cfe64455eed479292671a1121f502bc954,0x5c0200218ffce954145c57d3a09738a922d22337,4.3,seaport,17940877,1692352170,0xa4dd5728cb3b405f86709f698de9eb64b0a5e99d8c66b49f957c80de95aede2b
Azuki,0xED5AF388653567Af2F388E6224dC7C4b3241C544,6359,0x0fcbfc0a67985ee0803def22343ec4aeed02760e,0xde112b77a1a72c726d8c914c23dceaa53273c351,5.0,x2y2,17938656,1692325321,0xacd171561a47c0bff48602530b60b27f3570b0fb361b4aaf04b71fc21e4faa6c
Azuki,0xED5AF388653567Af2F388E6224dC7C4b3241C544,1195,0x8c2141da5aa1048eff84c979df27eae47b2406da,0xbeb41f685f0934f23bcb18287a0e8599d348d110,4.8,seaport,17937802,1692314998,0xdcb98e29d064a381a3684cd7d2e32870721e61858c4ea5a65479b0c96d5aaacc
Azuki,0xED5AF388653567Af2F388E6224dC7C4b3241C544,6991,0xadca7735fadbb7799f05b104ecddecceb637ff5f,0xadca7735fadbb7799f05b104ecddecceb637ff5f,4.3875,seaport,17937798,1692314950,0x33beec626f905edad945a2c41a6c163d9685bccdea617a2598e07438280276d0
Azuki,0xED5AF388653567Af2F388E6224dC7C4b3241C544,6991,0xe2cb34ffcf3c7f52d226b0889bc4eaab16faae0f,0xadca7735fadbb7799f05b104ecddecceb637ff5f,4.6125,seaport,17937798,1692314950,0x33beec626f905edad945a2c41a6c163d9685bccdea617a2598e07438280276d0
Azuki,0xED5AF388653567Af2F388E6224dC7C4b3241C544,5335,0x8c2141da5aa1048eff84c979df27eae47b2406da,0x8c2141da5aa1048eff84c979df27eae47b2406da,4.43625,seaport,17937735,1692314188,0xc2180e0ddeca46592e34e2f08ee169cce5adca4f83a24a1667df0200fe7ef0db
Azuki,0xED5AF388653567Af2F388E6224dC7C4b3241C544,5335,0x362750794b1e8e71c976fe084a72a969aff96579,0x8c2141da5aa1048eff84c979df27eae47b2406da,4.66375,seaport,17937735,1692314188,0xc2180e0ddeca46592e34e2f08ee169cce5adca4f83a24a1667df0200fe7ef0db
Azuki,0xED5AF388653567Af2F388E6224dC7C4b3241C544,8959,0x1544d2de126e3a4b194cfad2a5c6966b3460ebe3,0xef15f4c1a77cbbc03842fb01cec10b44e8879923,5.99,seaport,17934060,1692269763,0x53e87e364d89e18fb1fc64822878c52c0a6c97c831a12f319eb6f69d70ff5b18
Azuki,0xED5AF388653567Af2F388E6224dC7C4b3241C544,4499,0x5c0200218ffce954145c57d3a09738a922d22337,0x0097b9cfe64455eed479292671a1121f502bc954,4.8798,seaport,17932917,1692255946,0xa2a51891c269a3be3de818b6686c95e64f44f21b4e56960dc3b66c6388d95939
Azuki,0xED5AF388653567Af2F388E6224dC7C4b3241C544,3026,0xfe45e7787eae1b5db56c3c4731ab3fc36538a1f6,0x9de416ab881b322ee0b4c189c2de624090280cf2,5.089,seaport,17932370,1692249334,0xd0808f82b353dca51c44748a96c0f088b305f7ba436d74444ef943e606b8eb33
Azuki,0xED5AF388653567Af2F388E6224dC7C4b3241C544,9636,0xb694d91da8d1c6f4d32745e4f163f806bc51fd6b,0x8acfe17a5fe62966a27e579e28c10e936de614f2,5.1,x2y2,17931244,1692235722,0x28436297423c3d4bb7c885d9a3cdf8090157fc44eec6c6423be9901052f60e17
Azuki,0xED5AF388653567Af2F388E6224dC7C4b3241C544,9636,0xbaa7dac724d6ab7474af7625811f8ca2e972d541,0xbaa7dac724d6ab7474af7625811f8ca2e972d541,4.7775,seaport,17930116,1692222087,0xe505d9952b11d781a356a6efae57211e55b624f94fe7144a793f0ee0882dd4ac
Azuki,0xED5AF388653567Af2F388E6224dC7C4b3241C544,9636,0x8acfe17a5fe62966a27e579e28c10e936de614f2,0xbaa7dac724d6ab7474af7625811f8ca2e972d541,5.0225,seaport,17930116,1692222087,0xe505d9952b11d781a356a6efae57211e55b624f94fe7144a793f0ee0882dd4ac
Azuki,0xED5AF388653567Af2F388E6224dC7C4b3241C544,9917,0xcfd6b68da29800c493591286172a8d0a85f487ba,0x4bcb9aa76d692c8224e481035c186a1fbb68044b,4.88,seaport,17928461,1692202081,0x126e3fc21e55e5a608880b283fbb11640385eaf39b9d372a6c318a5206fefe47
Azuki,0xED5AF388653567Af2F388E6224dC7C4b3241C544,3356,0x3556869d14ecb3bde9f2ec51327019109f108ba0,0x47e0e7867552a1b2280a0937faae090d25f39917,5.24,seaport,17924653,1692156048,0x8f221a98806484d230cde1512d9ec68e2f3dd9ad4d9153e2651f69143e0dc43e
Azuki,0xED5AF388653567Af2F388E6224dC7C4b3241C544,8686,0x0fcbfc0a67985ee0803def22343ec4aeed02760e,0x5c577b53be38cb686557b7d269cf9e24bd94797a,12.25,x2y2,17923540,1692142594,0xc8bc6381a07ef687175e8cbfec4682fa2d1c15190dbd0736c3dff2b8b778a986
Azuki,0xED5AF388653567Af2F388E6224dC7C4b3241C544,4499,0x527e2b882f82ae893ba80114aced6ab9d6a17199,0x527e2b882f82ae893ba80114aced6ab9d6a17199,4.665375,seaport,17921741,1692120847,0x4005bd25fb094e3159f53e2a2685b02cce7303115396f310d5b8d37fc3e88c8a
Azuki,0xED5AF388653567Af2F388E6224dC7C4b3241C544,4499,0x0097b9cfe64455eed479292671a1121f502bc954,0x527e2b882f82ae893ba80114aced6ab9d6a17199,4.904625,seaport,17921741,1692120847,0x4005bd25fb094e3159f53e2a2685b02cce7303115396f310d5b8d37fc3e88c8a
Azuki,0xED5AF388653567Af2F388E6224dC7C4b3241C544,4541,0x527e2b882f82ae893ba80114aced6ab9d6a17199,0x527e2b882f82ae893ba80114aced6ab9d6a17199,4.643242,seaport,17921729,1692120702,0x43e056dd1051cc560cc0a62ecff2e3e79a2c3f69c5380f413096928f78dc6726
Azuki,0xED5AF388653567Af2F388E6224dC7C4b3241C544,4541,0xbceaa4f0ded51427448dac5ebb9ec3f46420db7c,0x527e2b882f82ae893ba80114aced6ab9d6a17199,4.881358,seaport,17921729,1692120702,0x43e056dd1051cc560cc0a62ecff2e3e79a2c3f69c5380f413096928f78dc6726
Azuki,0xED5AF388653567Af2F388E6224dC7C4b3241C544,9312,0xf29e24fcd89fc6b9061d9ca6cc4718625ee51e0b,0xf29e24fcd89fc6b9061d9ca6cc4718625ee51e0b,5.7525,seaport,17920834,1692109883,0x99fea43f7988feeeea2cc67ebfef3eca0a0f294c2c1e43809cc2ad60407771c9
Azuki,0xED5AF388653567Af2F388E6224dC7C4b3241C544,9312,0x8ffecb10b851f152fa97a92574c868be97a2e8e9,0xf29e24fcd89fc6b9061d9ca6cc4718625ee51e0b,6.0475,seaport,17920834,1692109883,0x99fea43f7988feeeea2cc67ebfef3eca0a0f294c2c1e43809cc2ad60407771c9
Azuki,0xED5AF388653567Af2F388E6224dC7C4b3241C544,8232,0x7dfcb3ef7fbcf96db55257db3157c68031e92bcf,0xe1e63895091ae9061646c6ea22a3fd686b2f68a5,5.2,x2y2,17912945,1692014517,0xbf4c74e897ebf961d9e437ea8f52d0b49e8c4f4aef9cd121284ecd6d1feac13b
Azuki,0xED5AF388653567Af2F388E6224dC7C4b3241C544,2732,0xd85982056fd6e78b5d426758f88ca6977e1c5ee6,0x4b9703e2c358878b3f498f86d2a684f58dd21b4b,4.93,seaport,17912663,1692011108,0x52e299f081a91d5f44796a51217b20e6e7117547ffcf6587413178df6ab65375
Azuki,0xED5AF388653567Af2F388E6224dC7C4b3241C544,9118,0x353c6c94f1596074379c35cb8d2165d0d61fff5f,0xadaf51f1e434c446abc90ffdaf1c3a967e6f2ea1,4.93,x2y2,17911225,1691993725,0x5deab8fff68ceb9b3f0c0182fe64134b4b42699f65d58cb7f1912fe146be0385
Azuki,0xED5AF388653567Af2F388E6224dC7C4b3241C544,6966,0x248230127f082f54952ca5b46553bd86fa185f14,0x8d53f8c3cf2999317a8221930b0b73f1c82f0453,0.6,seaport,17902888,1691892945,0x2878ca2ed4d75ee5726d915f387a1d80054d5620ab87f733539548d2786fa3d4
Azuki,0xED5AF388653567Af2F388E6224dC7C4b3241C544,5852,0x775236645a5ab8a91d883e8cba3ac6c4d038c4d8,0x7fb6123f947dff6bd83f2f7a05fa35367abb7ced,10.25,seaport,17900169,1691860076,0x97faf8678e8d494bb6c3a87a7b502cd71ac5659e41c7d9272b0399c888e1ba9c
Azuki,0xED5AF388653567Af2F388E6224dC7C4b3241C544,9765,0xdfb20a9bb9789113f56fdf9f85491051ebe5e803,0xdca0970d2f983caebfc61191b229901e1b05282d,5.0,seaport,17898978,1691845679,0x07ddf4c83ce06dbb1870ab56867b49fa780f40cedd68a0de1092941cc6f7f559
Azuki,0xED5AF388653567Af2F388E6224dC7C4b3241C544,6974,0xe727204d83391782f171489c34bcb16586842b7f,0x353c6c94f1596074379c35cb8d2165d0d61fff5f,5.02,x2y2,17896526,1691816039,0x9aef2edbc27cc1220141dbf28dd0f013e378105c7949f34238c4c4b133d91962
Azuki,0xED5AF388653567Af2F388E6224dC7C4b3241C544,1929,0x572d6f0628ef555061932f85687c9f8f85505ed1,0x5225492c819ecb570c663daf7a09a6516788cf2e,7.5,seaport,17894138,1691787176,0x0a952bf9e72922fe3bd2227e321998ad72726fc08b21d6eca75bfdc540035baf
Azuki,0xED5AF388653567Af2F388E6224dC7C4b3241C544,9945,0x572d6f0628ef555061932f85687c9f8f85505ed1,0x74a39932579583239ecda1f8ea732070edf6c229,9.45,seaport,17894113,1691786874,0xd087e98c8b539d039134ecb24e77a2f7dde13bf8dcdd35c97b6fd6b9530856b0
Azuki,0xED5AF388653567Af2F388E6224dC7C4b3241C544,4427,0x45133db3eadd8718f5c3a868ec2f7148e460dcfd,0xc7b72bb1acdce3eb45f9b38f43cd31e4927c725b,70.0,x2y2,17893498,1691779441,0x59cd582b9d0e27a7a271d9e934ade4821530722af019e321c15e949825f3f243
Azuki,0xED5AF388653567Af2F388E6224dC7C4b3241C544,4305,0x3e9bc6492429bcc2367d3271dce1a941551aa7c4,0x3e9bc6492429bcc2367d3271dce1a941551aa7c4,4.731675,seaport,17892997,1691773385,0xe1f85a070e50f3e9219b2870b71a6022a16031a984a241d10531097999a1bca2
Azuki,0xED5AF388653567Af2F388E6224dC7C4b3241C544,4305,0x0097b9cfe64455eed479292671a1121f502bc954,0x3e9bc6492429bcc2367d3271dce1a941551aa7c4,4.974325,seaport,17892997,1691773385,0xe1f85a070e50f3e9219b2870b71a6022a16031a984a241d10531097999a1bca2
Azuki,0xED5AF388653567Af2F388E6224dC7C4b3241C544,8499,0x70860482c72a2854ce5dd3bfb5e02e559e1753ab,0x18beceb3674f20ee3f75c03ef06542c8c882d088,5.5,seaport,17892379,1691765916,0x2f0d5058c00a4dd0c22660ef1b7288f79d6ef117f737f0ef3d4651d6556ab632
Azuki,0xED5AF388653567Af2F388E6224dC7C4b3241C544,1178,0xcb450c8e269b8b96c944bc5b19c51100bdb4139b,0x0097b9cfe64455eed479292671a1121f502bc954,4.8967,seaport,17888405,1691717884,0x90eff34e10f572d4311b217293ec42494f0c0250d5dd544e1d8d20f051aa8ef3
Azuki,0xED5AF388653567Af2F388E6224dC7C4b3241C544,9034,0xb2c640716e9e7d1776769f7fd53e9e9102e99d4c,0xb7369571488a0d88ebbd7b327c47315ce3e697a1,7.49,seaport,17884869,1691675146,0xc010a8b5dbacc460c6e56964e1aa7b98218d5ae5f957f0cf375c84ee30771b3f
Azuki,0xED5AF388653567Af2F388E6224dC7C4b3241C544,1178,0x3e9bc6492429bcc2367d3271dce1a941551aa7c4,0x3e9bc6492429bcc2367d3271dce1a941551aa7c4,4.668007,seaport,17882963,1691652110,0xf56e23a5660ec5094f133c13dd5eb438aa52da057598e9138ec570246f71b96f
Azuki,0xED5AF388653567Af2F388E6224dC7C4b3241C544,1178,0x0097b9cfe64455eed479292671a1121f502bc954,0x3e9bc6492429bcc2367d3271dce1a941551aa7c4,4.907393,seaport,17882963,1691652110,0xf56e23a5660ec5094f133c13dd5eb438aa52da057598e9138ec570246f71b96f
Azuki,0xED5AF388653567Af2F388E6224dC7C4b3241C544,6763,0x248230127f082f54952ca5b46553bd86fa185f14,0x9de416ab881b322ee0b4c189c2de624090280cf2,4.7699,x2y2,17877641,1691587785,0xf87be63690b9669285caabe57833135e0b21357013582f275d538074a247fd2a
Azuki,0xED5AF388653567Af2F388E6224dC7C4b3241C544,6966,0x8d53f8c3cf2999317a8221930b0b73f1c82f0453,0xb694d91da8d1c6f4d32745e4f163f806bc51fd6b,4.87,x2y2,17873498,1691537711,0x89519de766ced5b3d1776e9c6a86afc47f02b2e0a2e7f318db370c4f8b203093
Azuki,0xED5AF388653567Af2F388E6224dC7C4b3241C544,9034,0x7d455c43b70a037e898a59b7d169ae37752d17d9,0x7d455c43b70a037e898a59b7d169ae37752d17d9,5.587648,seaport,17871551,1691514179,0x99452c8b04dcd3f639e357cb0b26bcea7fe9753f09fada6c2056e6f84461416d
Azuki,0xED5AF388653567Af2F388E6224dC7C4b3241C544,9034,0xb7369571488a0d88ebbd7b327c47315ce3e697a1,0x7d455c43b70a037e898a59b7d169ae37752d17d9,6.493753,seaport,17871551,1691514179,0x99452c8b04dcd3f639e357cb0b26bcea7fe9753f09fada6c2056e6f84461416d
Azuki,0xED5AF388653567Af2F388E6224dC7C4b3241C544,4665,0x0fcbfc0a67985ee0803def22343ec4aeed02760e,0xadaf51f1e434c446abc90ffdaf1c3a967e6f2ea1,7.25,x2y2,17867866,1691469640,0x69acee372ff1a8ac7821a5cf69b1bbf128fb69e025125eeb79fc34c5fecb1384
Azuki,0xED5AF388653567Af2F388E6224dC7C4b3241C544,464,0x8e87d8aa61795339cbb0f081a76b7074016b4568,0x339d76e146bf5909d8e6768d4766f3088c3b37be,14.0,seaport,17863906,1691421777,0xe7ca2da84889ec380848b54d9e83b609ce8922233b46166d8c75715c5fe757fc
Azuki,0xED5AF388653567Af2F388E6224dC7C4b3241C544,8608,0xc47c533e99c78afc9e55449eb974eebdda34439b,0xa4997adc9df35268d285daa8784444b57ce7bc5a,6.6,seaport,17860863,1691384998,0xf6e16d8585ec5001ca18ee24be3b54011dedad696a9a54be0e83f3844f7e500c
Azuki,0xED5AF388653567Af2F388E6224dC7C4b3241C544,1794,0xe8094f7cf0317755377922ca6cbd14d7afb3e45b,0xe8094f7cf0317755377922ca6cbd14d7afb3e45b,4.756733,seaport,17857430,1691343505,0xc06c9c93e8df26d014178fa101216398e6328f3a5e138a3bb7bfb0e27b36fef3
Azuki,0xED5AF388653567Af2F388E6224dC7C4b3241C544,1794,0x1fee3385b22d69e93209db2042be58fcac57b59b,0xe8094f7cf0317755377922ca6cbd14d7afb3e45b,5.000668,seaport,17857430,1691343505,0xc06c9c93e8df26d014178fa101216398e6328f3a5e138a3bb7bfb0e27b36fef3
Azuki,0xED5AF388653567Af2F388E6224dC7C4b3241C544,1351,0x4935d3c7617e1c961347d15ae9e28f49be0f1e6b,0x4935d3c7617e1c961347d15ae9e28f49be0f1e6b,4.76775,seaport,17852632,1691285514,0x7bc9bea9142ed6dfb53e1986e44fc200826c602fb32ab10ac99ee27b9a496e58
Azuki,0xED5AF388653567Af2F388E6224dC7C4b3241C544,1351,0xbceaa4f0ded51427448dac5ebb9ec3f46420db7c,0x4935d3c7617e1c961347d15ae9e28f49be0f1e6b,5.01225,seaport,17852632,1691285514,0x7bc9bea9142ed6dfb53e1986e44fc200826c602fb32ab10ac99ee27b9a496e58
Azuki,0xED5AF388653567Af2F388E6224dC7C4b3241C544,652,0x107bd7ed9cba47a996076ec1020bc086ee8852dc,0xb694d91da8d1c6f4d32745e4f163f806bc51fd6b,0.0,seaport,17852318,1691281719,0x742ea60927e29ce57a2724e91e74da3b5d62a9afe9921136fa3bce46573da591
Azuki,0xED5AF388653567Af2F388E6224dC7C4b3241C544,3234,0x5513beed7a5b6888969a5b2e6d8c9ae023c3a89f,0x94e9d73a2aeec807d85756b84759965b41866450,4.9299,seaport,17850163,1691255673,0x248ab87b13e6fb9465230982eb1a70b927deaae90c87457eb20fc11e2a72ba77
Azuki,0xED5AF388653567Af2F388E6224dC7C4b3241C544,4237,0x0ce32775570ac566ce1a4c20dedfe854710e5412,0x7baa4e405e3fd07d361d5530e4a6180954106ee4,0.06,seaport,17849041,1691242112,0xf7ba1ba0973962107733689bd5eb0c5d8a08ad2bab5bdf5a095f6044a3edc791
Azuki,0xED5AF388653567Af2F388E6224dC7C4b3241C544,6602,0x00000060bb1e57e3f1af1102f68db9fc2ee489bc,0xf05266681fccdecad4e69566405716d4b9bae599,4.79,seaport,17847206,1691219933,0x42509430f69a6ba74ff5a19843e880f72cd261c284bea1e398d5cba0c7812f3d
Azuki,0xED5AF388653567Af2F388E6224dC7C4b3241C544,8363,0x0000553f880ffa3728b290e04e819053a3590000,0x23bc582e74f7d138420e243560d8b5f79c196042,0.0,blur,17845766,1691202529,0x28d8083f5992ca97dfe2ab7408f6c41f7cf8d464052b4ea6f1fe3d6afa806cc1
Azuki,0xED5AF388653567Af2F388E6224dC7C4b3241C544,7734,0x0000553f880ffa3728b290e04e819053a3590000,0x23bc582e74f7d138420e243560d8b5f79c196042,0.0,blur,17845766,1691202529,0x28d8083f5992ca97dfe2ab7408f6c41f7cf8d464052b4ea6f1fe3d6afa806cc1
Azuki,0xED5AF388653567Af2F388E6224dC7C4b3241C544,7612,0x0000553f880ffa3728b290e04e819053a3590000,0x23bc582e74f7d138420e243560d8b5f79c196042,0.0,blur,17845766,1691202529,0x28d8083f5992ca97dfe2ab7408f6c41f7cf8d464052b4ea6f1fe3d6afa806cc1
Azuki,0xED5AF388653567Af2F388E6224dC7C4b3241C544,732,0x0000553f880ffa3728b290e04e819053a3590000,0x23bc582e74f7d138420e243560d8b5f79c196042,0.0,blur,17845766,1691202529,0x28d8083f5992ca97dfe2ab7408f6c41f7cf8d464052b4ea6f1fe3d6afa806cc1
Azuki,0xED5AF388653567Af2F388E6224dC7C4b3241C544,7217,0x0000553f880ffa3728b290e04e819053a3590000,0x23bc582e74f7d138420e243560d8b5f79c196042,0.0,blur,17845766,1691202529,0x28d8083f5992ca97dfe2ab7408f6c41f7cf8d464052b4ea6f1fe3d6afa806cc1
Azuki,0xED5AF388653567Af2F388E6224dC7C4b3241C544,6773,0x0000553f880ffa3728b290e04e819053a3590000,0x23bc582e74f7d138420e243560d8b5f79c196042,0.0,blur,17845766,1691202529,0x28d8083f5992ca97dfe2ab7408f6c41f7cf8d464052b4ea6f1fe3d6afa806cc1
Azuki,0xED5AF388653567Af2F388E6224dC7C4b3241C544,6702,0x0000553f880ffa3728b290e04e819053a3590000,0x23bc582e74f7d138420e243560d8b5f79c196042,0.0,blur,17845766,1691202529,0x28d8083f5992ca97dfe2ab7408f6c41f7cf8d464052b4ea6f1fe3d6afa806cc1
Azuki,0xED5AF388653567Af2F388E6224dC7C4b3241C544,6658,0x0000553f880ffa3728b290e04e819053a3590000,0x23bc582e74f7d138420e243560d8b5f79c196042,0.0,blur,17845766,1691202529,0x28d8083f5992ca97dfe2ab7408f6c41f7cf8d464052b4ea6f1fe3d6afa806cc1
Azuki,0xED5AF388653567Af2F388E6224dC7C4b3241C544,6602,0x0000553f880ffa3728b290e04e819053a3590000,0x23bc582e74f7d138420e243560d8b5f79c196042,0.0,blur,17845766,1691202529,0x28d8083f5992ca97dfe2ab7408f6c41f7cf8d464052b4ea6f1fe3d6afa806cc1
Azuki,0xED5AF388653567Af2F388E6224dC7C4b3241C544,5799,0x0000553f880ffa3728b290e04e819053a3590000,0x23bc582e74f7d138420e243560d8b5f79c196042,0.0,blur,17845766,1691202529,0x28d8083f5992ca97dfe2ab7408f6c41f7cf8d464052b4ea6f1fe3d6afa806cc1
Azuki,0xED5AF388653567Af2F388E6224dC7C4b3241C544,4968,0x0000553f880ffa3728b290e04e819053a3590000,0x23bc582e74f7d138420e243560d8b5f79c196042,0.0,blur,17845766,1691202529,0x28d8083f5992ca97dfe2ab7408f6c41f7cf8d464052b4ea6f1fe3d6afa806cc1
Azuki,0xED5AF388653567Af2F388E6224dC7C4b3241C544,4624,0x0000553f880ffa3728b290e04e819053a3590000,0x23bc582e74f7d138420e243560d8b5f79c196042,0.0,blur,17845766,1691202529,0x28d8083f5992ca97dfe2ab7408f6c41f7cf8d464052b4ea6f1fe3d6afa806cc1
Azuki,0xED5AF388653567Af2F388E6224dC7C4b3241C544,4521,0x0000553f880ffa3728b290e04e819053a3590000,0x23bc582e74f7d138420e243560d8b5f79c196042,0.0,blur,17845766,1691202529,0x28d8083f5992ca97dfe2ab7408f6c41f7cf8d464052b4ea6f1fe3d6afa806cc1
Azuki,0xED5AF388653567Af2F388E6224dC7C4b3241C544,4294,0x0000553f880ffa3728b290e04e819053a3590000,0x23bc582e74f7d138420e243560d8b5f79c196042,0.0,blur,17845766,1691202529,0x28d8083f5992ca97dfe2ab7408f6c41f7cf8d464052b4ea6f1fe3d6afa806cc1
Azuki,0xED5AF388653567Af2F388E6224dC7C4b3241C544,4213,0x0000553f880ffa3728b290e04e819053a3590000,0x23bc582e74f7d138420e243560d8b5f79c196042,0.0,blur,17845766,1691202529,0x28d8083f5992ca97dfe2ab7408f6c41f7cf8d464052b4ea6f1fe3d6afa806cc1
Azuki,0xED5AF388653567Af2F388E6224dC7C4b3241C544,4064,0x0000553f880ffa3728b290e04e819053a3590000,0x23bc582e74f7d138420e243560d8b5f79c196042,0.0,blur,17845766,1691202529,0x28d8083f5992ca97dfe2ab7408f6c41f7cf8d464052b4ea6f1fe3d6afa806cc1
Azuki,0xED5AF388653567Af2F388E6224dC7C4b3241C544,3976,0x0000553f880ffa3728b290e04e819053a3590000,0x23bc582e74f7d138420e243560d8b5f79c196042,0.0,blur,17845766,1691202529,0x28d8083f5992ca97dfe2ab7408f6c41f7cf8d464052b4ea6f1fe3d6afa806cc1
Azuki,0xED5AF388653567Af2F388E6224dC7C4b3241C544,3926,0x0000553f880ffa3728b290e04e819053a3590000,0x23bc582e74f7d138420e243560d8b5f79c196042,0.0,blur,17845766,1691202529,0x28d8083f5992ca97dfe2ab7408f6c41f7cf8d464052b4ea6f1fe3d6afa806cc1
Azuki,0xED5AF388653567Af2F388E6224dC7C4b3241C544,3588,0x0000553f880ffa3728b290e04e819053a3590000,0x23bc582e74f7d138420e243560d8b5f79c196042,0.0,blur,17845766,1691202529,0x28d8083f5992ca97dfe2ab7408f6c41f7cf8d464052b4ea6f1fe3d6afa806cc1
Azuki,0xED5AF388653567Af2F388E6224dC7C4b3241C544,3544,0x0000553f880ffa3728b290e04e819053a3590000,0x23bc582e74f7d138420e243560d8b5f79c196042,0.0,blur,17845766,1691202529,0x28d8083f5992ca97dfe2ab7408f6c41f7cf8d464052b4ea6f1fe3d6afa806cc1
Azuki,0xED5AF388653567Af2F388E6224dC7C4b3241C544,211,0x0000553f880ffa3728b290e04e819053a3590000,0x23bc582e74f7d138420e243560d8b5f79c196042,0.0,blur,17845766,1691202529,0x28d8083f5992ca97dfe2ab7408f6c41f7cf8d464052b4ea6f1fe3d6afa806cc1
Azuki,0xED5AF388653567Af2F388E6224dC7C4b3241C544,1477,0x0000553f880ffa3728b290e04e819053a3590000,0x23bc582e74f7d138420e243560d8b5f79c196042,0.0,blur,17845766,1691202529,0x28d8083f5992ca97dfe2ab7408f6c41f7cf8d464052b4ea6f1fe3d6afa806cc1
Azuki,0xED5AF388653567Af2F388E6224dC7C4b3241C544,1043,0x0000553f880ffa3728b290e04e819053a3590000,0x23bc582e74f7d138420e243560d8b5f79c196042,0.0,blur,17845766,1691202529,0x28d8083f5992ca97dfe2ab7408f6c41f7cf8d464052b4ea6f1fe3d6afa806cc1
Azuki,0xED5AF388653567Af2F388E6224dC7C4b3241C544,8128,0x0000553f880ffa3728b290e04e819053a3590000,0x23bc582e74f7d138420e243560d8b5f79c196042,0.0,blur,17845766,1691202529,0x28d8083f5992ca97dfe2ab7408f6c41f7cf8d464052b4ea6f1fe3d6afa806cc1
Azuki,0xED5AF388653567Af2F388E6224dC7C4b3241C544,8631,0xef0b56692f78a44cf4034b07f80204757c31bcc9,0x8769cf96d4c3a533d5e7815dd00bfba2f10d4377,4.9,seaport,17843441,1691174428,0x59d34daf935c23995ae0e14a65573472574c5643fef106d06af57a5c8ed60149
Azuki,0xED5AF388653567Af2F388E6224dC7C4b3241C544,3790,0x1544d2de126e3a4b194cfad2a5c6966b3460ebe3,0x353c6c94f1596074379c35cb8d2165d0d61fff5f,5.7,seaport,17841272,1691148212,0x96af306d3823ebef6ae5b1efe8a30691030e08601455bb3cc794500c1d2319dc
Azuki,0xED5AF388653567Af2F388E6224dC7C4b3241C544,1351,0x1544d2de126e3a4b194cfad2a5c6966b3460ebe3,0x2bdc76058beb0a9925969f96b4bf4ff6591df1b0,5.5,seaport,17841272,1691148212,0x96af306d3823ebef6ae5b1efe8a30691030e08601455bb3cc794500c1d2319dc
Azuki,0xED5AF388653567Af2F388E6224dC7C4b3241C544,5556,0xb91b3dec63690356bdfc2d664cdae19b3d96e5a1,0xb275feb934fe657089ae1516337bab4827e28a11,6.13,x2y2,17835768,1691081688,0xfe1b328062fa41a0830a25a543d6d8f30ca0d6412796a5bd12a41de21808d018
Azuki,0xED5AF388653567Af2F388E6224dC7C4b3241C544,5654,0x8ffecb10b851f152fa97a92574c868be97a2e8e9,0x9de416ab881b322ee0b4c189c2de624090280cf2,5.9,x2y2,17834756,1691069456,0x0847000cfe0143029c84505a8c23013aa45f7222acd1de316a3de65994ac6a0a
Azuki,0xED5AF388653567Af2F388E6224dC7C4b3241C544,5548,0x3519585b5afc6957e87b3f1968caec0a738ab785,0x0097b9cfe64455eed479292671a1121f502bc954,5.1688,seaport,17833535,1691054699,0xa9a43a8ea1f3362b129118f846a568f82e10b6a73ef9a6de45001cab06edf7bb
Azuki,0xED5AF388653567Af2F388E6224dC7C4b3241C544,5556,0xb275feb934fe657089ae1516337bab4827e28a11,0xaebc58c8b711452def1bb5dd7fdd04be15fa4aec,7.2,x2y2,17826210,1690966165,0x1ca295ee5653bb2484c3deb09b963d93c3a6404fc9437f50e06c153b0dd7e9d7
Azuki,0xED5AF388653567Af2F388E6224dC7C4b3241C544,5101,0x30247879385db710c7f48dbc53166373ffd12390,0x9675b0ed61d85ad9c0f16ae071b7002c5747caca,6.488,seaport,17825297,1690955130,0x65f6ec321d6b73da4f0bf38be2a68fba181939045a57544d34b7cb0bab415305
Azuki,0xED5AF388653567Af2F388E6224dC7C4b3241C544,3614,0x88f3afa9757779a957b75890d2ff410d00d623a2,0x26d7b4fe67f4601643304b5023b3caf3a72e8504,5.45,seaport,17823004,1690927416,0xad207e63a562e55c7bf50417acdfc6150ff317aa0842543c2579a4a2eb603cb8
Azuki,0xED5AF388653567Af2F388E6224dC7C4b3241C544,9922,0x2924639e8af1f35a08c34334b387bc6dc057db8b,0x18317dec2a733380d5966102e7b6c409da406f0e,5.2,seaport,17822773,1690924624,0x4631430d8ba6c5e971ab53159f65159a839babc730a39d32a3f3825c97b603dd
Azuki,0xED5AF388653567Af2F388E6224dC7C4b3241C544,218,0x916c5a7e958924e850e3c434ddcf65d1d660339d,0x9de416ab881b322ee0b4c189c2de624090280cf2,5.45,seaport,17816905,1690853701,0xe6650719ee5e0da850d7dcd178f76cf6748536bf177d92a660336b7f03a1f9e5
Azuki,0xED5AF388653567Af2F388E6224dC7C4b3241C544,4914,0x1676ac0cbdc142a5dafc7933bd97e7b4518e241c,0x9979d204e93229c4355431dfb520e608c81bbd0c,69.69,seaport,17816024,1690843052,0x13df7e7c287222e9426ccda4200453a7dda81ab4dfa703bcdcaca779208fce04
Azuki,0xED5AF388653567Af2F388E6224dC7C4b3241C544,4738,0xd57c1a5812f1d2d7ff491c362566115f4a54643a,0xbf567b7c88b73f2c5ada6f352452641a94c47fe4,0.0,seaport,17815283,1690834096,0x77d848211a508430d200f2b54723edec7b7d1e4ae2d1732ba5d93c2226eb4685
Azuki,0xED5AF388653567Af2F388E6224dC7C4b3241C544,5034,0xd57c1a5812f1d2d7ff491c362566115f4a54643a,0xbf567b7c88b73f2c5ada6f352452641a94c47fe4,0.0,seaport,17815251,1690833710,0x6e4a2e81291a6b401bda1dca5b8f3807d31bcf66034a24ee6e98612a9aa1030b
Azuki,0xED5AF388653567Af2F388E6224dC7C4b3241C544,1763,0x0000553f880ffa3728b290e04e819053a3590000,0xa6a1fac4430cff1d6ca66e490ab16b0c8422ae23,0.0,blur,17815000,1690830676,0xf6be6f4394e8fb144c2b497ec31340960b102b9e23f9f84e700c2969d8a457e9
Azuki,0xED5AF388653567Af2F388E6224dC7C4b3241C544,8453,0xb7ee226ebef03995335b40a57c76d772131531af,0x8ed9a20098be9e7d637e3a7f6e7cc998049362a4,5.44,seaport,17814868,1690829080,0x53d12020ea6673b0eda655e44a9d2b8ab6e499e65711ed629053f20ec95db4b9
Azuki,0xED5AF388653567Af2F388E6224dC7C4b3241C544,344,0x66666f58de1bcd762a5e5c5aff9cc3c906d66666,0xcb415344cd0fc552ce7b48ee9375991ff5865895,68.5,x2y2,17814803,1690828295,0x3552b491ab2a988816e0f7ca01d6bfba9d4d5184de4f475b2a7ff78dbb0e63e8
Azuki,0xED5AF388653567Af2F388E6224dC7C4b3241C544,1217,0xebacec5b2f59993765ccb1604a5a49e858ac551e,0x9de416ab881b322ee0b4c189c2de624090280cf2,5.39,seaport,17813654,1690814407,0x37b4079d7d327455d7be636945f6260d02ba5734b8430147365f3a17f4802b52
Azuki,0xED5AF388653567Af2F388E6224dC7C4b3241C544,5841,0x8c1a4c98c470900567fb9e764243c89cda79400c,0x8c1a4c98c470900567fb9e764243c89cda79400c,4.733565,seaport,17809488,1690764055,0xf205496f2c9cdd136810a7ffb07b5ac0cfe66d613e82696a5e6e3e67a13d49a6
Azuki,0xED5AF388653567Af2F388E6224dC7C4b3241C544,5841,0xf72139da1a5b6eb49a45b4392b0256e366c9a830,0x8c1a4c98c470900567fb9e764243c89cda79400c,5.231835,seaport,17809488,1690764055,0xf205496f2c9cdd136810a7ffb07b5ac0cfe66d613e82696a5e6e3e67a13d49a6
Azuki,0xED5AF388653567Af2F388E6224dC7C4b3241C544,344,0xcb415344cd0fc552ce7b48ee9375991ff5865895,0x81a7b1665e33373ec30aa4b782ffbca7e2f5b4bd,65.0,x2y2,17809178,1690760308,0x24ea5588c07523e724f5768e6ee2dc03b0ea38d3a3b6ff24f97eb874475e30a0
Azuki,0xED5AF388653567Af2F388E6224dC7C4b3241C544,9637,0x0d1289e13e97c6261f47a847bfeee114bac0adfb,0x0d1289e13e97c6261f47a847bfeee114bac0adfb,4.804312,seaport,17800830,1690659410,0x9ace2c87b1a151443de2e7e2c6722e46bb4b4a8597be1bab10e3eb43668f8c64
Azuki,0xED5AF388653567Af2F388E6224dC7C4b3241C544,9637,0x0097b9cfe64455eed479292671a1121f502bc954,0x0d1289e13e97c6261f47a847bfeee114bac0adfb,5.050688,seaport,17800830,1690659410,0x9ace2c87b1a151443de2e7e2c6722e46bb4b4a8597be1bab10e3eb43668f8c64
Azuki,0xED5AF388653567Af2F388E6224dC7C4b3241C544,1717,0x0d1289e13e97c6261f47a847bfeee114bac0adfb,0x0d1289e13e97c6261f47a847bfeee114bac0adfb,4.80675,seaport,17800827,1690659374,0x20fc1df0c6f4be3ba621b652a9a14f8e8ee38d9b7ab3a69857a245824dece72c
Azuki,0xED5AF388653567Af2F388E6224dC7C4b3241C544,1717,0x71bfb8e9775ba531c9a4bc25eca6a8ff8a62c336,0x0d1289e13e97c6261f47a847bfeee114bac0adfb,5.05325,seaport,17800827,1690659374,0x20fc1df0c6f4be3ba621b652a9a14f8e8ee38d9b7ab3a69857a245824dece72c
Azuki,0xED5AF388653567Af2F388E6224dC7C4b3241C544,218,0x9de416ab881b322ee0b4c189c2de624090280cf2,0x0097b9cfe64455eed479292671a1121f502bc954,5.1999,x2y2,17800075,1690650285,0x50c2c4275efd357520c084adb56580d9fde1de64319de091cc0c0a3518a664b1
Azuki,0xED5AF388653567Af2F388E6224dC7C4b3241C544,218,0xa72b1bf5731f92101fb6fef1280039616550f99c,0xa72b1bf5731f92101fb6fef1280039616550f99c,4.875975,seaport,17799789,1690646828,0x832487464a2d8d70880ef365245d4d610d2671fbe042de91cd20637ce9d5e305
Azuki,0xED5AF388653567Af2F388E6224dC7C4b3241C544,218,0x0097b9cfe64455eed479292671a1121f502bc954,0xa72b1bf5731f92101fb6fef1280039616550f99c,5.126025,seaport,17799789,1690646828,0x832487464a2d8d70880ef365245d4d610d2671fbe042de91cd20637ce9d5e305
Azuki,0xED5AF388653567Af2F388E6224dC7C4b3241C544,3880,0x672c7521174aaad41303d37a921abddbde913615,0xc6a9b7ea7712e9100146c866acf9d15a98714850,5.4,seaport,17799745,1690646297,0x7e9661bc77949187df1796930217a5042c6fa132875f9dc3a0b116dfc1b25e56
Azuki,0xED5AF388653567Af2F388E6224dC7C4b3241C544,8522,0xf532920bb32122d6475ad4cc7634dc3a69631902,0x92c8259eaf59f6e9c43b58adf21d76fa991f5b90,5.35,x2y2,17796037,1690601480,0x61b5b45e049276275ba5bab06427ef616e0c3cec6ca0954787a304eaca529295
Azuki,0xED5AF388653567Af2F388E6224dC7C4b3241C544,4558,0x0a07881aac7e3d0e841052d8b823ab18a6206d90,0x8b23369a9286ca3bfc3481cee18c31951cedc8c0,5.5,seaport,17796015,1690601214,0xe33d019087e5df4a80788818eb73e1bde2e992e326a9552d2e7e818ade88c243
Azuki,0xED5AF388653567Af2F388E6224dC7C4b3241C544,7966,0xc6c6086eb57706acd942d6d67eb8cb1313ffdeef,0x5e525f13ebec9a839e7a5d69a901c726110ef179,5.249,seaport,17788266,1690507556,0x60b192ee06c11c0c7961777babc1ae64304150e4157d09d373154b94e400586e
Azuki,0xED5AF388653567Af2F388E6224dC7C4b3241C544,9182,0xe6da1d19fdcec179ba9755f2c6139f8ffecbfeb0,0xb2c93dca4194027c7fa5c99359033713e18d5aad,0.15,seaport,17785241,1690470994,0xc85d78d9232d2dbb82caa956fdb7ddbfdc4c26dedb5e27d81d1f92140d7b817d
Azuki,0xED5AF388653567Af2F388E6224dC7C4b3241C544,7604,0xaadb8d9e06e674b4e9d01de7526f767beb5537bc,0x9de416ab881b322ee0b4c189c2de624090280cf2,5.49,seaport,17784942,1690467380,0x46872bcb62e981042936cc41520a94ecf588b0978283ca04b68b821b039580c0
Azuki,0xED5AF388653567Af2F388E6224dC7C4b3241C544,457,0xa099ec99966fa615c29b1ec56ce403fe655bca40,0x61219d19b588f008a9d58dea7ce0221c0d862e4c,9.3,x2y2,17782527,1690438192,0x4431372e78fdce025cc6ebb52b640daa962ca88e3cdec95303e4ad2157a84018
Azuki,0xED5AF388653567Af2F388E6224dC7C4b3241C544,3090,0x0fcbfc0a67985ee0803def22343ec4aeed02760e,0x17b5d8ec7eb292b54eae4de6bf00dceb169edc72,5.69,seaport,17782070,1690432668,0x9450b11b12d00fa4fa1444e6f3a842376b4cd67d93dd88a998ec04809d8cc222
Azuki,0xED5AF388653567Af2F388E6224dC7C4b3241C544,5548,0x8c63aaa60b57998ff5366bbfa7610ce8d2a6040f,0x8c63aaa60b57998ff5366bbfa7610ce8d2a6040f,5.01735,seaport,17781867,1690430214,0x300f98d13aa183f262998ec3b8a7c88a50ad22504bad648313a9be9f19a30c0b
Azuki,0xED5AF388653567Af2F388E6224dC7C4b3241C544,5548,0x0097b9cfe64455eed479292671a1121f502bc954,0x8c63aaa60b57998ff5366bbfa7610ce8d2a6040f,5.27465,seaport,17781867,1690430214,0x300f98d13aa183f262998ec3b8a7c88a50ad22504bad648313a9be9f19a30c0b
Azuki,0xED5AF388653567Af2F388E6224dC7C4b3241C544,6030,0x9177530f4e09186db84523cc7e074a41fe958344,0x2894f4fe2c4dfc83b20445cf1511d9892fc7ba73,12.0,seaport,17781508,1690425875,0x589c930ded78f3c22e22143093f5aa4ad06f607b7e0ac545d790a6230bc0ae0d
Azuki,0xED5AF388653567Af2F388E6224dC7C4b3241C544,8739,0x5d844a343fdade8deb4992f8fcdd1ee2200f03a4,0x353c6c94f1596074379c35cb8d2165d0d61fff5f,5.178,seaport,17781295,1690423301,0x2ef6284460dbf7a20b939eb5245cc4c159af0684ffea9ef62d9de1982f558bd8
Azuki,0xED5AF388653567Af2F388E6224dC7C4b3241C544,8063,0x0fcbfc0a67985ee0803def22343ec4aeed02760e,0x30a1b65ffed512f0e0d72378cd649dd605ca8eeb,6.0,seaport,17781043,1690420255,0x40ef6220e4ec5a9590402a84ba6e94775a85510e34b1735d719e8c755c944a9e
Azuki,0xED5AF388653567Af2F388E6224dC7C4b3241C544,2995,0xe6da1d19fdcec179ba9755f2c6139f8ffecbfeb0,0x3754f6e81f0ea92041072d2205061c18ff2ae28b,4.88,x2y2,17780091,1690408749,0xe509499d285e89563007a036c755f1ffe0ef83748534e39f95666cf67970d222
Azuki,0xED5AF388653567Af2F388E6224dC7C4b3241C544,1380,0x805076bb8b11466ae76cfd2d4b67bcb69f449070,0xb72164ae85f3cc49c0ce523572ec52d3f12e6a88,5.25,x2y2,17779975,1690407347,0xe63593721371abacfbbae553d64fa355c4a9174658fe27626fd2151ffad424ff
Azuki,0xED5AF388653567Af2F388E6224dC7C4b3241C544,6639,0x0ebd7cdcd3da1bfc6adcf611c489dc76a302ce4e,0xe78540654a1d576252f9011642b56c9ea48d5edb,4.75,x2y2,17778369,1690387936,0x960afd54e732e6ea1f075361549a481ee9bd9396bc6ad16102c9670b829932db
Azuki,0xED5AF388653567Af2F388E6224dC7C4b3241C544,8100,0xd9c65ff6482d150d9d3aed3476d2d5cec2c7859c,0x353c6c94f1596074379c35cb8d2165d0d61fff5f,4.987,seaport,17777481,1690377203,0x2123b0fdb2ddca0505fb15828c7e96fba9bcfd75a82fd521ccdb3b2c94cbb7c5
Azuki,0xED5AF388653567Af2F388E6224dC7C4b3241C544,1849,0xbcd308723ac7849ce9037c23e8278fdb4c06a7ee,0x61219d19b588f008a9d58dea7ce0221c0d862e4c,4.99,seaport,17776351,1690363545,0x485074870bb365dad559917f49a2e8b5a617e5d239cb44d37c5dd7237c06670e
Azuki,0xED5AF388653567Af2F388E6224dC7C4b3241C544,1683,0xe2cb34ffcf3c7f52d226b0889bc4eaab16faae0f,0xcfd97174bf1976d13cfcd22aa74bcbff9fb30467,25.0,x2y2,17776262,1690362470,0x41e73cd97f3b55c6228f5b9ddd854c56a652a2526e48c8ccc706431870d78e01
Azuki,0xED5AF388653567Af2F388E6224dC7C4b3241C544,5340,0xe052113bd7d7700d623414a0a4585bcae754e9d5,0x353c6c94f1596074379c35cb8d2165d0d61fff5f,4.977,seaport,17771307,1690302581,0x97020c63b13c81f30fbbc92414ddad4b904b3872ce5b2ab23f4efb2940be1140
Azuki,0xED5AF388653567Af2F388E6224dC7C4b3241C544,2196,0x2924639e8af1f35a08c34334b387bc6dc057db8b,0x9de416ab881b322ee0b4c189c2de624090280cf2,5.75,x2y2,17767050,1690251129,0x39c254ca381fe79fa9ce2df4484a8a07426f5abc6c69aecfa4e38f73ac11bbd5
Azuki,0xED5AF388653567Af2F388E6224dC7C4b3241C544,8235,0xcb415344cd0fc552ce7b48ee9375991ff5865895,0x23bc582e74f7d138420e243560d8b5f79c196042,61.0,x2y2,17766894,1690249244,0x445325674d5dcb7c6507e28f20643d314e58a3498c0fedc84740bc4d74f60f1f
Azuki,0xED5AF388653567Af2F388E6224dC7C4b3241C544,2196,0x9de416ab881b322ee0b4c189c2de624090280cf2,0x2b4915c74795193f61fb96bdd20878061b49ce5d,5.2,seaport,17766853,1690248748,0xf89cb5a7e37d0ff43759df8435fb865cb7c9a14bf762000f9827697d4b980955
Azuki,0xED5AF388653567Af2F388E6224dC7C4b3241C544,9961,0x74aea9791a0074fa6a239d54b3be22f50ae83968,0x13a40c28a34be3f579b79e04d2d358e0e6a7617c,5.5,seaport,17766612,1690245835,0x9e186dcec964b68722406ecd82a9672c3b120f242f29666dea91235862aa7a98
Azuki,0xED5AF388653567Af2F388E6224dC7C4b3241C544,3391,0x2388663b7a20b4cf1c9f16f660a86c681d6d85bc,0x2388663b7a20b4cf1c9f16f660a86c681d6d85bc,4.507425,seaport,17764886,1690224974,0x96a0c063a445d371f6810c394a187ff7f3d954b84cb7530d029034480f06ab7f
Azuki,0xED5AF388653567Af2F388E6224dC7C4b3241C544,3391,0x0097b9cfe64455eed479292671a1121f502bc954,0x2388663b7a20b4cf1c9f16f660a86c681d6d85bc,4.738575,seaport,17764886,1690224974,0x96a0c063a445d371f6810c394a187ff7f3d954b84cb7530d029034480f06ab7f
Azuki,0xED5AF388653567Af2F388E6224dC7C4b3241C544,269,0xa4997adc9df35268d285daa8784444b57ce7bc5a,0xa4997adc9df35268d285daa8784444b57ce7bc5a,4.641,seaport,17764685,1690222544,0x21724b618a6b5462b81ed440e9cd95a83f4cef4d9a09c4c595a1e635c1c3c6d1
Azuki,0xED5AF388653567Af2F388E6224dC7C4b3241C544,269,0x7bf14d493520f20fad2e326dec83509d1116c6b6,0xa4997adc9df35268d285daa8784444b57ce7bc5a,4.879,seaport,17764685,1690222544,0x21724b618a6b5462b81ed440e9cd95a83f4cef4d9a09c4c595a1e635c1c3c6d1
Azuki,0xED5AF388653567Af2F388E6224dC7C4b3241C544,167,0x61782ca87ac420ba830968151e99d321c4add7ee,0xac93da332b6be9a19edc9d0614269bab0128a9b8,5.0,seaport,17763737,1690211087,0xd789e8db983831a7660bd58bfa0aafb5168f852295f48d341a134d369e75d58a
Azuki,0xED5AF388653567Af2F388E6224dC7C4b3241C544,4976,0xd53a685e8ae5b01114fa759565f1ec41f88b28e4,0x7fb6123f947dff6bd83f2f7a05fa35367abb7ced,5.43,seaport,17763300,1690205784,0xd4541a652cee35059bd0644f16634d817490f470d756a572f499f5783e70b0f3
Azuki,0xED5AF388653567Af2F388E6224dC7C4b3241C544,5038,0x61596e363df222eee5505c4311891657e301a1a9,0x8ed9a20098be9e7d637e3a7f6e7cc998049362a4,5.52,seaport,17762215,1690192618,0xeb8ef917fc5079121f7a029a89da59dfb2307c0bd84d984ad33b08bd182bc640
Azuki,0xED5AF388653567Af2F388E6224dC7C4b3241C544,6966,0x107bd7ed9cba47a996076ec1020bc086ee8852dc,0x8d53f8c3cf2999317a8221930b0b73f1c82f0453,5.45,x2y2,17761479,1690183687,0x57a08be49d0e16cf8b439b369c7d691324d69aa50c03f253b44a270cd2d5ebe4
Azuki,0xED5AF388653567Af2F388E6224dC7C4b3241C544,4305,0x3e9bc6492429bcc2367d3271dce1a941551aa7c4,0x353c6c94f1596074379c35cb8d2165d0d61fff5f,5.38,seaport,17760752,1690174865,0x1b2462a21b0292e630b2409693ba26b93ad690647f571f06340a7d4dc5b38f44
Azuki,0xED5AF388653567Af2F388E6224dC7C4b3241C544,1178,0x3e9bc6492429bcc2367d3271dce1a941551aa7c4,0x61219d19b588f008a9d58dea7ce0221c0d862e4c,5.25,seaport,17760406,1690170666,0x30d1ab5cd99510801f59c7be928e6e585a9ef3bdd5ba8cdb586ff11e06487751
Azuki,0xED5AF388653567Af2F388E6224dC7C4b3241C544,6116,0x8909e6f8adfbdf105625bc444b541a230103d98e,0xf437d656e17d7f697d8e5ccab895ffb021cdeb09,5.0,seaport,17760332,1690169768,0x264c850d8a4858733441e8c8c9a2bbe729bfd57c9676b1092ff070ac5999f5e2
Azuki,0xED5AF388653567Af2F388E6224dC7C4b3241C544,2931,0xf52b6a3cca0f68ceee778547f6c4a43d423defed,0x61219d19b588f008a9d58dea7ce0221c0d862e4c,4.93,seaport,17760248,1690168749,0xb4dc563bce0fcb36df873d9b14b246cd368c0e25a8606c5be3f17dd5df32ed3d
Azuki,0xED5AF388653567Af2F388E6224dC7C4b3241C544,4558,0x8b23369a9286ca3bfc3481cee18c31951cedc8c0,0xc301ccb76e60279bd223f25198be3c7239304246,4.94,seaport,17759268,1690156857,0x7a4f62cbab6c04053eb19bf44bacad2295ac75dbedc1cd03df452175931917aa
Azuki,0xED5AF388653567Af2F388E6224dC7C4b3241C544,3747,0x36862798eb6d5559eea7b785152e574fee8f5687,0x8ed9a20098be9e7d637e3a7f6e7cc998049362a4,5.3,seaport,17757964,1690141033,0xea11cbc65621e29505b7904ba01cdb37e5b43875fe16706f029fbfe1daff1ac4
Azuki,0xED5AF388653567Af2F388E6224dC7C4b3241C544,9945,0xe94d17793cf63b7596fff94eebea5aca74ac074e,0xe94d17793cf63b7596fff94eebea5aca74ac074e,8.04375,seaport,17757589,1690136483,0x3184830bd8003b2d0037f43c72690f8e1c0d5dee582c47f700534ec2dbdefe8d
Azuki,0xED5AF388653567Af2F388E6224dC7C4b3241C544,9945,0x74a39932579583239ecda1f8ea732070edf6c229,0xe94d17793cf63b7596fff94eebea5aca74ac074e,8.45625,seaport,17757589,1690136483,0x3184830bd8003b2d0037f43c72690f8e1c0d5dee582c47f700534ec2dbdefe8d
Azuki,0xED5AF388653567Af2F388E6224dC7C4b3241C544,8618,0xe5f0131a2d68ee93083a0c6ae6e33a91bfe7d9f9,0xe5f0131a2d68ee93083a0c6ae6e33a91bfe7d9f9,7.086593,seaport,17757585,1690136434,0x7b9f7886d73354233fe93ef8f59bc59a71518f0c4eefb53d6efbd4d4afd3c28c
Azuki,0xED5AF388653567Af2F388E6224dC7C4b3241C544,8618,0xcb415344cd0fc552ce7b48ee9375991ff5865895,0xe5f0131a2d68ee93083a0c6ae6e33a91bfe7d9f9,7.450007,seaport,17757585,1690136434,0x7b9f7886d73354233fe93ef8f59bc59a71518f0c4eefb53d6efbd4d4afd3c28c
Azuki,0xED5AF388653567Af2F388E6224dC7C4b3241C544,2429,0xe5f0131a2d68ee93083a0c6ae6e33a91bfe7d9f9,0xe5f0131a2d68ee93083a0c6ae6e33a91bfe7d9f9,7.8,seaport,17757580,1690136374,0x4f1adf3edeb0238902422f679dbd3c57dfb6698fb359e090698fe1a8c3013f72
Azuki,0xED5AF388653567Af2F388E6224dC7C4b3241C544,2429,0xcb415344cd0fc552ce7b48ee9375991ff5865895,0xe5f0131a2d68ee93083a0c6ae6e33a91bfe7d9f9,8.2,seaport,17757580,1690136374,0x4f1adf3edeb0238902422f679dbd3c57dfb6698fb359e090698fe1a8c3013f72
Azuki,0xED5AF388653567Af2F388E6224dC7C4b3241C544,7341,0xcc1cb0fa339eb32e436dce1ba752bda72fc6edfe,0xcc1cb0fa339eb32e436dce1ba752bda72fc6edfe,4.7775,seaport,17757536,1690135840,0xaa46790b2b1088e3a37fa62c9517b701eec6911749fdfb82a567e778a328d48c
Azuki,0xED5AF388653567Af2F388E6224dC7C4b3241C544,7341,0xc18fdddfab0ac11ade3f3252cb7a1f0c17ac8ac8,0xcc1cb0fa339eb32e436dce1ba752bda72fc6edfe,5.0225,seaport,17757536,1690135840,0xaa46790b2b1088e3a37fa62c9517b701eec6911749fdfb82a567e778a328d48c
Azuki,0xED5AF388653567Af2F388E6224dC7C4b3241C544,5891,0x67a3291dc993cb2fd4079bb91e8a756c64a5c682,0x67a3291dc993cb2fd4079bb91e8a756c64a5c682,5.25525,seaport,17752950,1690080190,0xb9455bea304129692cdef7783d007ff9d5f1cf5901f8586c902118d2cdccb638
Azuki,0xED5AF388653567Af2F388E6224dC7C4b3241C544,5891,0xe69d8074230d8fe3667569610d7a8441834ff448,0x67a3291dc993cb2fd4079bb91e8a756c64a5c682,5.52475,seaport,17752950,1690080190,0xb9455bea304129692cdef7783d007ff9d5f1cf5901f8586c902118d2cdccb638
Azuki,0xED5AF388653567Af2F388E6224dC7C4b3241C544,6866,0x30e926d4a4d3272171c5da4879d409174b360857,0x353c6c94f1596074379c35cb8d2165d0d61fff5f,5.64,seaport,17751538,1690063056,0xe179697aefff74cffc7a83cdb5bf3a639279ba66bded7bd22cc2402885908545
Azuki,0xED5AF388653567Af2F388E6224dC7C4b3241C544,4248,0xc6b65187f9e07b9e4b73a2262dc3bede7301398a,0xd63ef5bec8a3d7a7cfb5c347965cc2dbdefab395,7.79,seaport,17746787,1690005405,0xda7827698894fabda5a2b56ee7d175e51fc3c63e1cc2dd48fc5928773f17b812
Azuki,0xED5AF388653567Af2F388E6224dC7C4b3241C544,5959,0x74aea9791a0074fa6a239d54b3be22f50ae83968,0x527e2b882f82ae893ba80114aced6ab9d6a17199,6.6,seaport,17744943,1689983028,0x8ae6974784e869b560d99e40cd9b3248e95f912a52cd35bdf35bac8e81aba054
Azuki,0xED5AF388653567Af2F388E6224dC7C4b3241C544,5967,0x74aea9791a0074fa6a239d54b3be22f50ae83968,0xf0305f283c0228c0dd9e290ea686a71db558c7c8,6.6,seaport,17744906,1689982579,0x7a83fcdb8727d801afc890e3fe0fc4e814196e5f7bfae201dcaf1b52f6bb1c27
Azuki,0xED5AF388653567Af2F388E6224dC7C4b3241C544,4440,0x2cef395ef7239150ce71c09a1bf03dad50029091,0x2cef395ef7239150ce71c09a1bf03dad50029091,5.60625,seaport,17744138,1689973260,0x62fc085cdcdc685941d7cdb59161aba42b3492b66816b1ba1ec0870cf7429a97
Azuki,0xED5AF388653567Af2F388E6224dC7C4b3241C544,4440,0xdfa7c236498a3592563aacce746be4461f02659d,0x2cef395ef7239150ce71c09a1bf03dad50029091,5.89375,seaport,17744138,1689973260,0x62fc085cdcdc685941d7cdb59161aba42b3492b66816b1ba1ec0870cf7429a97
Azuki,0xED5AF388653567Af2F388E6224dC7C4b3241C544,5891,0x67a3291dc993cb2fd4079bb91e8a756c64a5c682,0x9de416ab881b322ee0b4c189c2de624090280cf2,5.69,seaport,17742690,1689955689,0xb275cdd70dca95988c5053db0e0ac47ca67fc2e190b6011f03bf605cf7ab8773
Azuki,0xED5AF388653567Af2F388E6224dC7C4b3241C544,900,0x81a03ea7ff43739995889b008ce2309c0d15e3b4,0x81a03ea7ff43739995889b008ce2309c0d15e3b4,5.850098,seaport,17741151,1689937014,0x89e5a90d317188449455758f45819485834b3356075acf9187aac017a02d548b
Azuki,0xED5AF388653567Af2F388E6224dC7C4b3241C544,900,0xf9fe45cced031ce806199b0a032df42f15e095b6,0x81a03ea7ff43739995889b008ce2309c0d15e3b4,6.150103,seaport,17741151,1689937014,0x89e5a90d317188449455758f45819485834b3356075acf9187aac017a02d548b
Azuki,0xED5AF388653567Af2F388E6224dC7C4b3241C544,3066,0x4dd17ef9c4203527dcad266b6aa8470b0162f14b,0xb9139ac5ec8e2e76e788eb155c1cb9ced4c52717,7.85,x2y2,17740735,1689931966,0xacca683e685e1e9b62f18320f194ada564967450979fe0c8a864a5820f5770d9
Azuki,0xED5AF388653567Af2F388E6224dC7C4b3241C544,9675,0x0000553f880ffa3728b290e04e819053a3590000,0x9e6cbbfd4da15983675de9f10f7c847d2d7bf451,0.0,blur,17738456,1689904311,0xfcdd6c12d0e7ddbfffe2426fc45d7f8adb93f4cab50d74d7d57f03c548962fe3
Azuki,0xED5AF388653567Af2F388E6224dC7C4b3241C544,5165,0x38e16759e7b889100fa14928c56fdd623d5c9a48,0xac8b0ce8ab15541b02a823647c4740591b108157,3.0,seaport,17736995,1689886582,0x6bb12af4ee784ffa416e9eb38e856329e4a2e91cbabba6e9f59032a472b56e87
Azuki,0xED5AF388653567Af2F388E6224dC7C4b3241C544,8468,0x11c5c17d69263911048bbee6be29a0b07985dd63,0x9de416ab881b322ee0b4c189c2de624090280cf2,5.99,seaport,17736286,1689877979,0x10d94aa988e270025f8bf49145f7fe754e7ba027498a8f49f864f1620e2a2721
Azuki,0xED5AF388653567Af2F388E6224dC7C4b3241C544,6866,0x353c6c94f1596074379c35cb8d2165d0d61fff5f,0x364fb219a77538a868495ecfcb5f2d8bd6c2f34b,5.578,x2y2,17733333,1689842145,0x50b3bbdd078d6577c80582751a2a349834be1dada147bebe4ad4145a704d5d55
Azuki,0xED5AF388653567Af2F388E6224dC7C4b3241C544,3493,0xa89e3af6c971fd5b17782fbfaf96a603270f0518,0x7a1879056e9e6e75640bda7f6bad07f5836d467b,6.1,x2y2,17733163,1689840082,0x34547a8df382bdacc1c79fc4e2196d1be5af550779837108be9842286ba297e7
Azuki,0xED5AF388653567Af2F388E6224dC7C4b3241C544,3291,0x9d0d1f67a296caf9a760d8093897fa6c0581bf66,0x9d0d1f67a296caf9a760d8093897fa6c0581bf66,9.29175,seaport,17732787,1689835520,0x2883fb09be1046eed1949cbbb381285c258998aa831e19a18ff00ae4913bd8b7
Azuki,0xED5AF388653567Af2F388E6224dC7C4b3241C544,3291,0xb26800ac3b754043ad4767df62ac69567bb3f986,0x9d0d1f67a296caf9a760d8093897fa6c0581bf66,9.76825,seaport,17732787,1689835520,0x2883fb09be1046eed1949cbbb381285c258998aa831e19a18ff00ae4913bd8b7
Azuki,0xED5AF388653567Af2F388E6224dC7C4b3241C544,5654,0x9de416ab881b322ee0b4c189c2de624090280cf2,0xe7008cb8b51cc472a5084ce1f6304df506952dcd,6.0,seaport,17732673,1689834136,0xda7130aef6bf8e57f47a681c20cf04383716b625421ee2df1b43e8b59ec5b0c1
Azuki,0xED5AF388653567Af2F388E6224dC7C4b3241C544,1028,0x790c9422839fd93a3a4e31e531f96cc87f397c00,0x353c6c94f1596074379c35cb8d2165d0d61fff5f,5.99,seaport,17732588,1689833105,0xdbfb7800da65b4bfa80d74eacb40dc156416048f02a671089f4b1a3f36e3901a
Azuki,0xED5AF388653567Af2F388E6224dC7C4b3241C544,9207,0x77f34b65b2cca772dec60b10be9323a2cdbf39f9,0x77f34b65b2cca772dec60b10be9323a2cdbf39f9,5.35977,seaport,17729376,1689794129,0x06606b8e6ada67fbab626c4e27bc24033b6803221705ca2068034e14b18a31ff
Azuki,0xED5AF388653567Af2F388E6224dC7C4b3241C544,9207,0x1fee3385b22d69e93209db2042be58fcac57b59b,0x77f34b65b2cca772dec60b10be9323a2cdbf39f9,5.63463,seaport,17729376,1689794129,0x06606b8e6ada67fbab626c4e27bc24033b6803221705ca2068034e14b18a31ff
Azuki,0xED5AF388653567Af2F388E6224dC7C4b3241C544,630,0x6fbc2bdc81518bd48df86aaeab092e2b7d615a29,0xd08b7dfbb89d76e07e94f763077b55fce4909c38,5.9,x2y2,17728835,1689787564,0x34b179cdd886ced539f8b154a92eefdcb1d2acd42d64189eb3295f44fdadfbdb
Azuki,0xED5AF388653567Af2F388E6224dC7C4b3241C544,9079,0x58b014bee604f5176575cef55959dad96b1598a6,0xe5e9ffe707ee071998340972af6fb178f5c64ba6,5.57,seaport,17728750,1689786532,0xe951927bf31e44050cc2672d7734b6e4ae82ffa92263eebd943122c260a05e1f
Azuki,0xED5AF388653567Af2F388E6224dC7C4b3241C544,731,0xda8c3c38e89b919f27e750d5bd5f3ca39def288f,0xda8c3c38e89b919f27e750d5bd5f3ca39def288f,7.954,seaport,17728064,1689778208,0x422851b87e6eb8cb07a0d58350cbf8d4cfc91af3ec66f56dcbcbf51dbebef49a
Azuki,0xED5AF388653567Af2F388E6224dC7C4b3241C544,731,0xf9fe45cced031ce806199b0a032df42f15e095b6,0xda8c3c38e89b919f27e750d5bd5f3ca39def288f,8.446,seaport,17728064,1689778208,0x422851b87e6eb8cb07a0d58350cbf8d4cfc91af3ec66f56dcbcbf51dbebef49a
Azuki,0xED5AF388653567Af2F388E6224dC7C4b3241C544,759,0xa50cfc05d7a2c678c4eda391df4af3ae5fa99136,0x452377c9e29c4da0f8ba99394dcfefb8b17113a9,5.53,seaport,17727987,1689777274,0x42fadabb7f5436adf2d8a176fd57bec896c7510353f80878b04faaae8608f259
Azuki,0xED5AF388653567Af2F388E6224dC7C4b3241C544,7869,0x16f9c1c19cadb51cb03bdade5391b23850192565,0x523a9dd38fc0bac5d58568dc0d70140a3b0250c4,5.75,seaport,17727853,1689775647,0x553a88a35fe99d01ba0945fca5871d49b97c07ce6ec96c2a96d6a2cb72491edd
Azuki,0xED5AF388653567Af2F388E6224dC7C4b3241C544,3590,0xc39ee65f75ecc1d4224dec2dad731e744cc28907,0x07f7ded89d22c4baba44346577cebcbb9d1db81d,5.378,seaport,17727298,1689768913,0x6c6ac35efd1bc48cbbd3cbec4eabfffe7863c20b9435e14b2008e13e67573682
Azuki,0xED5AF388653567Af2F388E6224dC7C4b3241C544,5465,0x5f1ee29361206f1a129e808736f11598356c6031,0xc70632a3733911f3938a2a2688270a7904defa79,5.35,seaport,17727291,1689768828,0x0febfd3def114ef497924abfc9316d47d0e6927f74ee20cd1a27c448597b2ede
Azuki,0xED5AF388653567Af2F388E6224dC7C4b3241C544,4173,0xb77853052debe5f4bee3807a9d418ff844595884,0xa01346e29f3532af6f56cabcab07e703edb45e97,10.5,x2y2,17726646,1689761001,0x8bdb03383fb509ca42e0fe5f9f8b817d988736008fd54addb86d1c471a82a89a
Azuki,0xED5AF388653567Af2F388E6224dC7C4b3241C544,2583,0xc821d3d24c27c713a9e2758086bd29b23f7381e2,0xc821d3d24c27c713a9e2758086bd29b23f7381e2,5.25,seaport,17726468,1689758841,0xdc34361acd54f9c23eca2530271c34925078bd3f6ed62eb9d4e579ebe335fd39
Azuki,0xED5AF388653567Af2F388E6224dC7C4b3241C544,2583,0x0c5a2c72c009252f0e7312f5a1ab87de02be6fbe,0xc821d3d24c27c713a9e2758086bd29b23f7381e2,5.25,seaport,17726468,1689758841,0xdc34361acd54f9c23eca2530271c34925078bd3f6ed62eb9d4e579ebe335fd39
Azuki,0xED5AF388653567Af2F388E6224dC7C4b3241C544,5157,0xa0c6e86e59e3f2b2e58b4893cc371a2d71188d76,0xb9139ac5ec8e2e76e788eb155c1cb9ced4c52717,9.9,x2y2,17726066,1689753963,0xa3cabbc6ef176f4ec03e4ee87f6f49ad6ffdf925663a95bf832bab03ea8cf612
Azuki,0xED5AF388653567Af2F388E6224dC7C4b3241C544,8828,0xc02552b827cc96d396533dee4b8fcfcb8dda9fdc,0xc02552b827cc96d396533dee4b8fcfcb8dda9fdc,5.109,seaport,17724222,1689731587,0xe4db189f8bfd3b27c718bc97dbab4f102a70c37a04ec8135fe3d21e4617ad114
Azuki,0xED5AF388653567Af2F388E6224dC7C4b3241C544,8828,0xbceaa4f0ded51427448dac5ebb9ec3f46420db7c,0xc02552b827cc96d396533dee4b8fcfcb8dda9fdc,5.371,seaport,17724222,1689731587,0xe4db189f8bfd3b27c718bc97dbab4f102a70c37a04ec8135fe3d21e4617ad114
Azuki,0xED5AF388653567Af2F388E6224dC7C4b3241C544,4788,0x871d3c8221ca1d837fb3e64c0013df6653b91a13,0x871d3c8221ca1d837fb3e64c0013df6653b91a13,4.81296,seaport,17724105,1689730167,0x687c33b11803c34f47c035f6cb938486fb568c59bb365e19dd0d1ce9d8b64cbb
Azuki,0xED5AF388653567Af2F388E6224dC7C4b3241C544,4788,0x7f75711881eeb8556065849a57d80937af069059,0x871d3c8221ca1d837fb3e64c0013df6653b91a13,5.59344,seaport,17724105,1689730167,0x687c33b11803c34f47c035f6cb938486fb568c59bb365e19dd0d1ce9d8b64cbb
Azuki,0xED5AF388653567Af2F388E6224dC7C4b3241C544,798,0x871d3c8221ca1d837fb3e64c0013df6653b91a13,0x871d3c8221ca1d837fb3e64c0013df6653b91a13,5.073218,seaport,17724103,1689730143,0xc079a0af779399b58bb96b5c2bc7723bcc70ad53c09b1d93c2ec27f51fabb056
Azuki,0xED5AF388653567Af2F388E6224dC7C4b3241C544,798,0x1fee3385b22d69e93209db2042be58fcac57b59b,0x871d3c8221ca1d837fb3e64c0013df6653b91a13,5.333382,seaport,17724103,1689730143,0xc079a0af779399b58bb96b5c2bc7723bcc70ad53c09b1d93c2ec27f51fabb056
Azuki,0xED5AF388653567Af2F388E6224dC7C4b3241C544,9737,0xca1ee6abeaa8d61c9d3e73c94d7bdb9fbc114138,0xd345520384b737bd9d549471bc122d68e17c554c,6.5,seaport,17723027,1689717086,0x6e8d0c3644dacfeb9e414fc719934ba6d3edfd5cc6deb2e8fe9c456b12b08c7e
Azuki,0xED5AF388653567Af2F388E6224dC7C4b3241C544,6671,0xa1f50a58fd793d5c64fc7186696c0b5feb7ffbde,0xa1f50a58fd793d5c64fc7186696c0b5feb7ffbde,5.3625,seaport,17721798,1689702172,0x4689733aff3c4ea2226d4305d90ad111f66ce1852a1ff3e36da90f432b1e5c9a
Azuki,0xED5AF388653567Af2F388E6224dC7C4b3241C544,6671,0x2e328736924a5f5969d2c4e86ebcc57ab684f6a5,0xa1f50a58fd793d5c64fc7186696c0b5feb7ffbde,5.6375,seaport,17721798,1689702172,0x4689733aff3c4ea2226d4305d90ad111f66ce1852a1ff3e36da90f432b1e5c9a
Azuki,0xED5AF388653567Af2F388E6224dC7C4b3241C544,5365,0x0097b9cfe64455eed479292671a1121f502bc954,0x0097b9cfe64455eed479292671a1121f502bc954,5.57,seaport,17721565,1689699345,0x5a82bd6eb5c4f8a48b74a4932d34835baf333408234d9e1f362bc53400ddcd83
Azuki,0xED5AF388653567Af2F388E6224dC7C4b3241C544,5365,0x0c5a2c72c009252f0e7312f5a1ab87de02be6fbe,0x0097b9cfe64455eed479292671a1121f502bc954,5.57,seaport,17721565,1689699345,0x5a82bd6eb5c4f8a48b74a4932d34835baf333408234d9e1f362bc53400ddcd83
Azuki,0xED5AF388653567Af2F388E6224dC7C4b3241C544,5365,0x7f1ec50bbee343e950a17d7007ff270753354841,0x7f1ec50bbee343e950a17d7007ff270753354841,5.377515,seaport,17721045,1689693035,0x1f05fbe53a664ebcc163752ac59caa6bcc497696fe9d5da2ab8c01abf50e371e
Azuki,0xED5AF388653567Af2F388E6224dC7C4b3241C544,5365,0x0097b9cfe64455eed479292671a1121f502bc954,0x7f1ec50bbee343e950a17d7007ff270753354841,5.653285,seaport,17721045,1689693035,0x1f05fbe53a664ebcc163752ac59caa6bcc497696fe9d5da2ab8c01abf50e371e
Azuki,0xED5AF388653567Af2F388E6224dC7C4b3241C544,1204,0x16648019c056bffa83ce2e36a0b8390cb8182083,0x8ed9a20098be9e7d637e3a7f6e7cc998049362a4,6.24,seaport,17716219,1689634473,0x8ffe0f1c7d3f55a87795df2459b2548fb326ea81b7df044cb1ed17edc5943c23
Azuki,0xED5AF388653567Af2F388E6224dC7C4b3241C544,8994,0x16648019c056bffa83ce2e36a0b8390cb8182083,0x523a9dd38fc0bac5d58568dc0d70140a3b0250c4,6.2,seaport,17716217,1689634449,0xecb25e5a8bab3b10572773c6683bf8e5a40770270ae00bd8662d0555a09e6bf7
Azuki,0xED5AF388653567Af2F388E6224dC7C4b3241C544,9458,0x0cfbbdff8e741ab4d996fd121bd56f20446e8f8c,0xb91b3dec63690356bdfc2d664cdae19b3d96e5a1,7.5,x2y2,17711024,1689571434,0xbc6ffbde4185217d64d3dfe1ac768bbbf01ba4a7e830ee7ebcc28ba8e042c020
Azuki,0xED5AF388653567Af2F388E6224dC7C4b3241C544,8991,0xcc28502f8fdbc775ba24db62b24e082fc6a37ea2,0xa1313a9d6ab08d24e03c2251817b72676df4c3bb,10.5,x2y2,17709643,1689554676,0xeeeb2e79fd0b17e0744d9e4ebc7142b23dd85f8347a7d535968f8243dffb09ba
Azuki,0xED5AF388653567Af2F388E6224dC7C4b3241C544,5798,0xbbdd1b3c87c211e482cda98ea14fa8bf50022ca0,0xcd867b276fa2dfad9d167ff83487c3c218214fbe,6.17,seaport,17706602,1689517775,0xcbf3aab38da63fca04812969ce6cc6a13b1b25680b798ecc7c1b174f07d72991
Azuki,0xED5AF388653567Af2F388E6224dC7C4b3241C544,3814,0x73d30ba3dc4ffd17c28cc2d75d12e50df98f29cf,0xcd867b276fa2dfad9d167ff83487c3c218214fbe,6.17,seaport,17706600,1689517750,0x1427e3b0c8499f486652b23ab875b064a96c5eeb307746e8e79522be0700576f
Azuki,0xED5AF388653567Af2F388E6224dC7C4b3241C544,4484,0x0097b9cfe64455eed479292671a1121f502bc954,0xcd867b276fa2dfad9d167ff83487c3c218214fbe,6.18,seaport,17706598,1689517726,0x0582b3e5b4b31debd259b884a66916c7563b0e364e0421f4b875a2e16345aaad
Azuki,0xED5AF388653567Af2F388E6224dC7C4b3241C544,7092,0x0097b9cfe64455eed479292671a1121f502bc954,0xcd867b276fa2dfad9d167ff83487c3c218214fbe,6.18,seaport,17706597,1689517714,0x6bc84b0d164833dbc80d8b2f7e3a56b71a5be992a903e1adf7e3efa609290de0
Azuki,0xED5AF388653567Af2F388E6224dC7C4b3241C544,5484,0x3d9ee32b4d8c5f4232b48a4d05e9325b23fe7a61,0xcd867b276fa2dfad9d167ff83487c3c218214fbe,6.18,seaport,17706596,1689517702,0xd7da968d356f04476131e08b0f38f8f23bc06e05e3b895a3661226c0cd1ee060
Azuki,0xED5AF388653567Af2F388E6224dC7C4b3241C544,9745,0xec9f5840d3ef9a212ff19be4352efd4a2b2846ed,0xcd867b276fa2dfad9d167ff83487c3c218214fbe,6.175,seaport,17706589,1689517617,0x873e4014722d6f8c1f8b695edc54c9aa3fa6d8c21cc5397070915b5025495f1f
Azuki,0xED5AF388653567Af2F388E6224dC7C4b3241C544,9745,0xcd867b276fa2dfad9d167ff83487c3c218214fbe,0x1e1d82a2c4907cfbe95a6524376faf77e676bbf5,6.74995,seaport,17706455,1689515991,0x89609d75185a854b21e49d753ad8f76954fcc61e14133633acd383d16381805e
Azuki,0xED5AF388653567Af2F388E6224dC7C4b3241C544,5484,0xcd867b276fa2dfad9d167ff83487c3c218214fbe,0x62251103308a69be7c27d22f81e4b2dfbe00c7cf,6.73,seaport,17706451,1689515942,0xc56ab4dcae95cc1a69537d4f9295951662a8ddf422c8605fc284335a7bf29cfa
Azuki,0xED5AF388653567Af2F388E6224dC7C4b3241C544,7092,0xcd867b276fa2dfad9d167ff83487c3c218214fbe,0x353c6c94f1596074379c35cb8d2165d0d61fff5f,6.49,seaport,17706446,1689515882,0xf7c4ccda7fb97590fd2f202400fafa20d4077ff07676ab03f6dbd6afc40238ca
Azuki,0xED5AF388653567Af2F388E6224dC7C4b3241C544,4484,0xcd867b276fa2dfad9d167ff83487c3c218214fbe,0xd91dc7c83bd01b91cb25019dfc4e35bc6faab814,6.57,seaport,17706443,1689515845,0xd0bd689afcc98f15655ababaff52fbb65631413833ebf70093d584a52d96acc5
Azuki,0xED5AF388653567Af2F388E6224dC7C4b3241C544,3814,0xcd867b276fa2dfad9d167ff83487c3c218214fbe,0x9de416ab881b322ee0b4c189c2de624090280cf2,6.49,seaport,17706440,1689515809,0xa54a3c43328585bb31984154634968b006c074a3b21a1276ecd3d1ac85114082
Azuki,0xED5AF388653567Af2F388E6224dC7C4b3241C544,5798,0xcd867b276fa2dfad9d167ff83487c3c218214fbe,0xa9eeb1f3f28ebf20c509f9044e0cdad022e82e64,6.4,seaport,17706435,1689515748,0x146ff9073528384b6fe14dd40a72147662892978001182ede13c6fd31ecb03ba
Azuki,0xED5AF388653567Af2F388E6224dC7C4b3241C544,5787,0x0fcbfc0a67985ee0803def22343ec4aeed02760e,0xde112b77a1a72c726d8c914c23dceaa53273c351,110.0,x2y2,17699260,1689428682,0x92745be34f4774be8c66602ae9e9e75a9478603d633c6f387affc9d63a8581d0
Azuki,0xED5AF388653567Af2F388E6224dC7C4b3241C544,6941,0x4ac33d1a4de450d939cd10d3978679b71e1106b1,0xee6db42a59c66caa38605ed458903cbf15ecd087,6.5,seaport,17698432,1689418635,0x1fc5bc42a28b8c5a1eadc5719eb63e880b7b0db3aafc6fe78e19eda8f5f20166
Azuki,0xED5AF388653567Af2F388E6224dC7C4b3241C544,457,0x672996e2e4c6341ccc5fe3d1bf27dd9a8fa9f625,0x672996e2e4c6341ccc5fe3d1bf27dd9a8fa9f625,10.0,seaport,17696624,1689396695,0xeede94539e92c3c8695e22a9b3bad9da93adf44e1e9d55677e9388cdccc7b9df
Azuki,0xED5AF388653567Af2F388E6224dC7C4b3241C544,457,0x61219d19b588f008a9d58dea7ce0221c0d862e4c,0x672996e2e4c6341ccc5fe3d1bf27dd9a8fa9f625,10.0,seaport,17696624,1689396695,0xeede94539e92c3c8695e22a9b3bad9da93adf44e1e9d55677e9388cdccc7b9df
Azuki,0xED5AF388653567Af2F388E6224dC7C4b3241C544,2444,0xd3c231b4dd6dead4c890f899bff29690131ab1b8,0x1676d3ea9f36d3fc2e2a0528fa2fa65cefb170f7,6.25,seaport,17695719,1689385713,0xb5fd95b5eb81f385187d0e4c4ead2e469d6dacfb1b12357d4c141eeec8a7da44
Azuki,0xED5AF388653567Af2F388E6224dC7C4b3241C544,4653,0xa4fb0e1f6ad0a87a3ec2427ca3a944c42d19d1ca,0xa4fb0e1f6ad0a87a3ec2427ca3a944c42d19d1ca,6.25,seaport,17692008,1689340682,0xaf6c7f5a0d230800cd6b5002da4f6c44e05d62695de0314c1aae6c1104795c4a
Azuki,0xED5AF388653567Af2F388E6224dC7C4b3241C544,4653,0xc591633eb508cb4c010ea3d3ec2e075d7c549a0a,0xa4fb0e1f6ad0a87a3ec2427ca3a944c42d19d1ca,6.25,seaport,17692008,1689340682,0xaf6c7f5a0d230800cd6b5002da4f6c44e05d62695de0314c1aae6c1104795c4a
Azuki,0xED5AF388653567Af2F388E6224dC7C4b3241C544,3703,0x5f3b3c00b9b2317c67bbd756ed15cc516f2dadac,0x5f3b3c00b9b2317c67bbd756ed15cc516f2dadac,6.167265,seaport,17690100,1689317529,0x50d9ff5de43902b6c25800102b6dc23ac247303a1f5dc085024146ba6883f4c7
Azuki,0xED5AF388653567Af2F388E6224dC7C4b3241C544,3703,0x0097b9cfe64455eed479292671a1121f502bc954,0x5f3b3c00b9b2317c67bbd756ed15cc516f2dadac,6.483535,seaport,17690100,1689317529,0x50d9ff5de43902b6c25800102b6dc23ac247303a1f5dc085024146ba6883f4c7
Azuki,0xED5AF388653567Af2F388E6224dC7C4b3241C544,8789,0xaf97a78a41d1d030c89bb5e29e14ada03dc802ce,0xaf97a78a41d1d030c89bb5e29e14ada03dc802ce,6.105938,seaport,17686734,1689276684,0x997cc6637bde2b9a711be0760ead787d7bce288a57585066aa58342d05fe1134
Azuki,0xED5AF388653567Af2F388E6224dC7C4b3241C544,8789,0x0097b9cfe64455eed479292671a1121f502bc954,0xaf97a78a41d1d030c89bb5e29e14ada03dc802ce,6.419062,seaport,17686734,1689276684,0x997cc6637bde2b9a711be0760ead787d7bce288a57585066aa58342d05fe1134
Azuki,0xED5AF388653567Af2F388E6224dC7C4b3241C544,6282,0x66666f58de1bcd762a5e5c5aff9cc3c906d66666,0x1e1936adba1d18be91694727086e40647decf375,145.0,x2y2,17685789,1689265216,0x7af746f1f742e6be2e6bfc04169ba1f868e9679fcc58997203c0ab7d8193df65
Azuki,0xED5AF388653567Af2F388E6224dC7C4b3241C544,4953,0x4c6a766e27726f084c41e2ba98d6df8e78f8e6e1,0x6952643eb197f3eb9d05cb6afaa53555781b350b,10.0,seaport,17685193,1689257984,0xd39bdbe474dddaf5c9ac6a28c60188a106c443fe71cc39f9299c72e28735b99d
Azuki,0xED5AF388653567Af2F388E6224dC7C4b3241C544,2179,0x97618f26046f44135af37417e67d84dbd4fdf926,0x99ca4477ea058345d87c271bae42bc2aff0d9561,8.5,seaport,17684764,1689252779,0x92970fc8c09a5d3be9c1262a3c409eee4f5301996f6253f2c2a4ae36c0a03b96
Azuki,0xED5AF388653567Af2F388E6224dC7C4b3241C544,3213,0xbbdd1b3c87c211e482cda98ea14fa8bf50022ca0,0x9de416ab881b322ee0b4c189c2de624090280cf2,6.95,x2y2,17679093,1689183963,0x2c2acf8a7ffc7dbc2a317b43a96a1cece56ee30789541654a5e9f55ace322ff0
Azuki,0xED5AF388653567Af2F388E6224dC7C4b3241C544,6346,0xd7205e6041134658ca95b0b1b04591b527fb6d74,0x26d7b4fe67f4601643304b5023b3caf3a72e8504,12.5,seaport,17678668,1689178806,0x23e1645e774418b1f30c2fa3bf9f5d4eb2fbf130bc55a2a1a526eb7fd8dba62c
Azuki,0xED5AF388653567Af2F388E6224dC7C4b3241C544,1239,0x0097b9cfe64455eed479292671a1121f502bc954,0x0097b9cfe64455eed479292671a1121f502bc954,7.165373,seaport,17678636,1689178417,0xdc0de1308735995b21ed621f48435067952ff9b22148d8f80ea77d026b363afd
Azuki,0xED5AF388653567Af2F388E6224dC7C4b3241C544,1239,0xaf0f4479af9df756b9b2c69b463214b9a3346443,0x0097b9cfe64455eed479292671a1121f502bc954,7.532827,seaport,17678636,1689178417,0xdc0de1308735995b21ed621f48435067952ff9b22148d8f80ea77d026b363afd
Azuki,0xED5AF388653567Af2F388E6224dC7C4b3241C544,4918,0x0097b9cfe64455eed479292671a1121f502bc954,0x0097b9cfe64455eed479292671a1121f502bc954,7.165373,seaport,17678631,1689178357,0x29a84af81cc36efc10076c08dc1b5e9b20d80bc7292a95b8ba6fe3bc517d8863
Azuki,0xED5AF388653567Af2F388E6224dC7C4b3241C544,4918,0xaf0f4479af9df756b9b2c69b463214b9a3346443,0x0097b9cfe64455eed479292671a1121f502bc954,7.532827,seaport,17678631,1689178357,0x29a84af81cc36efc10076c08dc1b5e9b20d80bc7292a95b8ba6fe3bc517d8863
Azuki,0xED5AF388653567Af2F388E6224dC7C4b3241C544,8838,0x7a272bba4be5d9ccd29daf8a16bb1d5c5332cba3,0x7a272bba4be5d9ccd29daf8a16bb1d5c5332cba3,6.706733,seaport,17675784,1689143810,0x7de0707c359ac708f04af0844db5de714e9d196d494327d5a3b50721258a5246
Azuki,0xED5AF388653567Af2F388E6224dC7C4b3241C544,8838,0xaf0f4479af9df756b9b2c69b463214b9a3346443,0x7a272bba4be5d9ccd29daf8a16bb1d5c5332cba3,7.050668,seaport,17675784,1689143810,0x7de0707c359ac708f04af0844db5de714e9d196d494327d5a3b50721258a5246
Azuki,0xED5AF388653567Af2F388E6224dC7C4b3241C544,828,0x0fcbfc0a67985ee0803def22343ec4aeed02760e,0xf86aaeb9a6a8bba1e2c4317e771e1ca044449799,7.6,x2y2,17674606,1689129515,0x821c46eb20f4d64c969250f916fa046ffa1343fcdf8e1a2925958d21d895cd2e
Azuki,0xED5AF388653567Af2F388E6224dC7C4b3241C544,6054,0x0000553f880ffa3728b290e04e819053a3590000,0x60933c776100543710ad457b141890a08e9c5d13,0.0,seaport,17672352,1689102163,0xd03068e82947b73172c4601e05da3bfde0f54f8b71fac2da2eb6ba878551247d
Azuki,0xED5AF388653567Af2F388E6224dC7C4b3241C544,3213,0x9de416ab881b322ee0b4c189c2de624090280cf2,0x0ce32775570ac566ce1a4c20dedfe854710e5412,7.1,x2y2,17671027,1689086085,0x3ad1d0167b585800572530edb80af5c54bcfcd1dd2b055cc984896678a461441
Azuki,0xED5AF388653567Af2F388E6224dC7C4b3241C544,7092,0x353c6c94f1596074379c35cb8d2165d0d61fff5f,0x61dc32c64a7a7b0ac9732908ccba90cc6f3b766a,6.875,seaport,17668335,1689053419,0xa8fdb600708dbd3caa0914c5c7a74bebc4c8eb4ecf44765bd204a4679d8da739
Azuki,0xED5AF388653567Af2F388E6224dC7C4b3241C544,1013,0xc3857d5eccd2043e610e08fc32ed1636dcd31ae8,0x353c6c94f1596074379c35cb8d2165d0d61fff5f,7.19,seaport,17667880,1689047897,0x99f96166b647d9366e6c4c05b61f7d19cf9fea74177cfe87c1d140d46c0a4e15
Azuki,0xED5AF388653567Af2F388E6224dC7C4b3241C544,6293,0x9de416ab881b322ee0b4c189c2de624090280cf2,0xb386e92acf9279cebb13389811c22b77cc649bd6,7.6,x2y2,17663313,1688992479,0x7eb466469f2fafe733a62d87559f33db6a18f68116227b1e76eb7de156fe9997
Azuki,0xED5AF388653567Af2F388E6224dC7C4b3241C544,8306,0x7f425c5cf1b82b8116b944dba493c65070a9542e,0x39998a3c3adfc35380d449733f83e9be721ecc1a,8.35,blur,17662158,1688978463,0x84d324eb28e33da644f27861328236dd82be92dfc3ec5d4ae6ca82b75763b58e
Azuki,0xED5AF388653567Af2F388E6224dC7C4b3241C544,5488,0x6874a43c7b5b9be906c378a688cfac2f04270eb0,0xc5037734e8acd41a4db7a3a8fe8153b7ec920212,9.5,x2y2,17661211,1688966972,0xc2f7b6131e1cd8f76280cc6e6076fe576b9c882cb6ff01ab37fd8c8c1f7dd080
Azuki,0xED5AF388653567Af2F388E6224dC7C4b3241C544,1013,0x353c6c94f1596074379c35cb8d2165d0d61fff5f,0x0c80a1162a061d1c63743fef56204c3fca45074f,7.25,x2y2,17660355,1688956584,0x2cfad3f0507aa4f0b74ebd5d3b948c3575415fc9f1853daea79e8767cc041764
Azuki,0xED5AF388653567Af2F388E6224dC7C4b3241C544,3814,0x9de416ab881b322ee0b4c189c2de624090280cf2,0x353c6c94f1596074379c35cb8d2165d0d61fff5f,7.3,x2y2,17660275,1688955614,0x400c6bf26220b5f46b46532f8787d63be1923ba68fd11935438fb9f406d41abe
Azuki,0xED5AF388653567Af2F388E6224dC7C4b3241C544,8991,0xa1313a9d6ab08d24e03c2251817b72676df4c3bb,0x9de416ab881b322ee0b4c189c2de624090280cf2,10.6,x2y2,17659812,1688949995,0xc49fa3d6cefc0eb4de9d320b5ea7b28bb112b6d52faf09d73b9c406e06c28c69
Azuki,0xED5AF388653567Af2F388E6224dC7C4b3241C544,6798,0x03b72c85cb6bff9f9b9ec2ffbdf9b9052206b9fe,0x03b72c85cb6bff9f9b9ec2ffbdf9b9052206b9fe,6.9615,seaport,17658155,1688929888,0xb8f1173800906556b5337434c4a0efc6c58848cee74cd036664bf8ec1ac7c200
Azuki,0xED5AF388653567Af2F388E6224dC7C4b3241C544,6798,0x353c6c94f1596074379c35cb8d2165d0d61fff5f,0x03b72c85cb6bff9f9b9ec2ffbdf9b9052206b9fe,7.3185,seaport,17658155,1688929888,0xb8f1173800906556b5337434c4a0efc6c58848cee74cd036664bf8ec1ac7c200
Azuki,0xED5AF388653567Af2F388E6224dC7C4b3241C544,9560,0xd9fcc3651db034c719cc744b7872007e44ffcf93,0xa1313a9d6ab08d24e03c2251817b72676df4c3bb,14.25,x2y2,17656699,1688912220,0x020a0bad6468957134d61fed4d10799f770b5ae9ca9074546e429114d4358658
Azuki,0xED5AF388653567Af2F388E6224dC7C4b3241C544,7949,0x3ef63a41dc067492051ec24be4da8281f7dbb18f,0x3a691bf37c83222061b4418958152377a38c5d59,7.85,x2y2,17656636,1688911456,0x109bc0769b3b359f5d8c786710612e446f423d02c2f1dd1546dbd6aa10b88026
Azuki,0xED5AF388653567Af2F388E6224dC7C4b3241C544,211,0xd883d516f0e199b4be29c2e9a3a19a69e6dbb3f3,0xd883d516f0e199b4be29c2e9a3a19a69e6dbb3f3,6.974175,seaport,17656629,1688911371,0x219e64b991b194978a4f216559ad55ff6c06c44f9b0c07aac0ba8c16560ed394
Azuki,0xED5AF388653567Af2F388E6224dC7C4b3241C544,211,0x0097b9cfe64455eed479292671a1121f502bc954,0xd883d516f0e199b4be29c2e9a3a19a69e6dbb3f3,7.331825,seaport,17656629,1688911371,0x219e64b991b194978a4f216559ad55ff6c06c44f9b0c07aac0ba8c16560ed394
Azuki,0xED5AF388653567Af2F388E6224dC7C4b3241C544,7217,0x6874a43c7b5b9be906c378a688cfac2f04270eb0,0x9c6de3e4a49dca1b32b47fb095284501e318d159,7.475,x2y2,17654553,1688886179,0xfdb021306ce1d773a88fa9085658da131eaac3aaf8a89fc3c37c88e74330da46
Azuki,0xED5AF388653567Af2F388E6224dC7C4b3241C544,3002,0xa6db377470e7266bf22e84b9d96d9f9e818db3b5,0xa1313a9d6ab08d24e03c2251817b72676df4c3bb,13.25,x2y2,17654138,1688881143,0x942a4a659682f742173f5df17b16765b23a8906d93b8f06c20f4afd80c5ca217
Azuki,0xED5AF388653567Af2F388E6224dC7C4b3241C544,794,0x5fd21eba060ba46ad458d6a2b0db5c050f07feb2,0xbfb4d7570b5afe6bb10e026749c695dda03cf3fd,8.35,x2y2,17651596,1688850297,0x5cc6ab40e525173623796e43f490ba63acd4f8c343dc203cdf0d310775a811d0
Azuki,0xED5AF388653567Af2F388E6224dC7C4b3241C544,3080,0x39da41747a83aee658334415666f3ef92dd0d541,0xf0eabe8052643d080df6cffcc637b2b3bc0e6ad2,8.3518,blur,17650115,1688832326,0x32e556040014568b1e4647242e5c42aac39d37a3695888e5527c148e20150300
Azuki,0xED5AF388653567Af2F388E6224dC7C4b3241C544,732,0x8b3b6309f228177c2ae5f61a8cf6e1af84aefa66,0x9de416ab881b322ee0b4c189c2de624090280cf2,7.7,x2y2,17649520,1688825106,0x87631c3059c4ab58cc60885dd5d0828ab56c0f0686585d7425d75bdbfa64d31f
Azuki,0xED5AF388653567Af2F388E6224dC7C4b3241C544,788,0x24b35d1b2b71f4e316d32388a77384ed442c6258,0x8b3b6309f228177c2ae5f61a8cf6e1af84aefa66,7.6,x2y2,17649477,1688824584,0x2aea7e84f14ef25d273c00e456b8748ba02995d38c93ed6c8c21f5aa454b3e62
Azuki,0xED5AF388653567Af2F388E6224dC7C4b3241C544,1239,0x53eaa0d7f5e43d47b0b0e30b283e923601eaa80b,0x16be1270090988ff5b83063f8db8db5598cd62de,7.388,seaport,17648932,1688817971,0xba12a94227512069b1dd08f180a86372d4a48514d8cd902f630c51a0c87dc848
Azuki,0xED5AF388653567Af2F388E6224dC7C4b3241C544,8991,0x9de416ab881b322ee0b4c189c2de624090280cf2,0xee45b9e877c04c287931be6133fae9e95db661aa,9.85,x2y2,17648076,1688807583,0x1d6d999f107b622f515b1e2ed7971194e5faa5eb2579a490d5ab978b83544eff
Azuki,0xED5AF388653567Af2F388E6224dC7C4b3241C544,2611,0x0f16d4dd5a6d4d237cdaf715e26727b1f2713492,0xf011f97d87ba4ac949c940a84b12e276e13f0529,7.79,seaport,17647973,1688806333,0x53f9d6f97f91ee5af919950db36a574fcb46c2f0b24bf1f7a4aa15bb41b5f86b
Azuki,0xED5AF388653567Af2F388E6224dC7C4b3241C544,4368,0x25bdfc6f2792ef6123695a159905542af3ac4b37,0xcfd97174bf1976d13cfcd22aa74bcbff9fb30467,20.0,x2y2,17647466,1688800180,0xbfaac778f116575278a94d52fa4393c0191783d1a899f248a7fed51af4caa19b
Azuki,0xED5AF388653567Af2F388E6224dC7C4b3241C544,5191,0x81dbbe5cc4fed318d2c061506382b94de8603386,0xfa9a55607bf094f991884f722b7fba3a76687e40,8.33,x2y2,17647229,1688797304,0x87faedc3dba440c0bc7904018619c75b5197efa13d8c292f013eec9aaf07a179
Azuki,0xED5AF388653567Af2F388E6224dC7C4b3241C544,3079,0xd9fcc3651db034c719cc744b7872007e44ffcf93,0xd91dc7c83bd01b91cb25019dfc4e35bc6faab814,7.489,seaport,17646825,1688792402,0xc9f22a1c0a3c1f9aa9278d946e2bfffb1c8ee60ceda61b1192ad4663a70e8f72
Azuki,0xED5AF388653567Af2F388E6224dC7C4b3241C544,1980,0x7cac5898f3dee75ecd32aad7b017fae6a8abfb91,0x0ce32775570ac566ce1a4c20dedfe854710e5412,7.45,seaport,17646132,1688783992,0xf65a2460e34fb04f57cddef2c30805fcab0c1f17398aa754e6fa1ef9c1f521dc
Azuki,0xED5AF388653567Af2F388E6224dC7C4b3241C544,905,0x0c80a1162a061d1c63743fef56204c3fca45074f,0xc301ccb76e60279bd223f25198be3c7239304246,7.345,seaport,17645668,1688778361,0x471f8eb95656d5dca2c530f98e0ea9232e1121c182446b8588580aee69a8c34c
Azuki,0xED5AF388653567Af2F388E6224dC7C4b3241C544,6279,0x8d53f8c3cf2999317a8221930b0b73f1c82f0453,0xde9b4206b1499e56e4417f8edb7be4586fed30ba,7.55,x2y2,17645558,1688777027,0x6385e1596faf5cf29fbd767a839306401c079a3b8179d2d5cc913b2af818c281
Azuki,0xED5AF388653567Af2F388E6224dC7C4b3241C544,8369,0x61219d19b588f008a9d58dea7ce0221c0d862e4c,0x8d53f8c3cf2999317a8221930b0b73f1c82f0453,12.0,x2y2,17645323,1688774175,0x083bdc7e2eb9e724372d1e351adaa8b6c0150bcc432aa44185c5476d3637bdd2
Azuki,0xED5AF388653567Af2F388E6224dC7C4b3241C544,6658,0x39974e437255c4a2f888ca4f18109ea5fa8ea74e,0x353c6c94f1596074379c35cb8d2165d0d61fff5f,7.275,seaport,17645245,1688773228,0x85ac78bdb6800ad1972b2e65b0929255bf4ea12c878fc0261b65c0025f49fea5
Azuki,0xED5AF388653567Af2F388E6224dC7C4b3241C544,8997,0xe052113bd7d7700d623414a0a4585bcae754e9d5,0x107bd7ed9cba47a996076ec1020bc086ee8852dc,8.0,seaport,17644760,1688767343,0xdd05b3fcd8521cb8e9eaa129e5420e9d060bc9a2e6039f2c9718c99c7f3fd9ea
Azuki,0xED5AF388653567Af2F388E6224dC7C4b3241C544,9745,0x385ce35599ae5e6f0eaf0f69841fffa9f41acdd5,0xc5037734e8acd41a4db7a3a8fe8153b7ec920212,6.75,seaport,17644132,1688759722,0x0e6e81b250b9d0ec772404a8aa164311a01872215329706cc34e10623200be4c
Azuki,0xED5AF388653567Af2F388E6224dC7C4b3241C544,4312,0xef0b56692f78a44cf4034b07f80204757c31bcc9,0x3ecc6f5df05e82524c3d424fe231211fd70ad9f2,7.44,seaport,17643964,1688757683,0xe9b8e3f0de820a5e4d50899cc30b367baeeb21f735831f8ecce0a39639a7cd46
Azuki,0xED5AF388653567Af2F388E6224dC7C4b3241C544,9340,0xe6da1d19fdcec179ba9755f2c6139f8ffecbfeb0,0xa1313a9d6ab08d24e03c2251817b72676df4c3bb,10.5,x2y2,17643846,1688756251,0x3096be19e02d382543009062c1a018a74b16d117ed685d56272bba941be3023b
Azuki,0xED5AF388653567Af2F388E6224dC7C4b3241C544,4569,0xcb415344cd0fc552ce7b48ee9375991ff5865895,0xa1313a9d6ab08d24e03c2251817b72676df4c3bb,12.0,x2y2,17643840,1688756178,0xe7ce5d99f0d1d21599e7689de7dd49fb5d0bf7560e66308615b6cd04b556c25d
Azuki,0xED5AF388653567Af2F388E6224dC7C4b3241C544,9171,0x5e2eabfaddf49615f84734724b77eeeebc5ebd71,0x21b97b91623b5b55fc01693450f2e1b517d730c5,7.18,seaport,17643802,1688755717,0x02b45da1d8fcdb4b1280d0e357975446ce7e7bd7b46ec118994172d5f2a20c05
Azuki,0xED5AF388653567Af2F388E6224dC7C4b3241C544,3002,0xa1313a9d6ab08d24e03c2251817b72676df4c3bb,0x3d280fde2ddb59323c891cf30995e1862510342f,11.25,x2y2,17643749,1688755074,0xd36c4abf873cb86a5481d961f7a3812f484f5a590605d3877f258299e9b8106f
Azuki,0xED5AF388653567Af2F388E6224dC7C4b3241C544,1775,0x0cacf8cacfc31b3ac12143b03065317696bda974,0x0cacf8cacfc31b3ac12143b03065317696bda974,6.7548,seaport,17643602,1688753290,0xbb2a814908d5bd471e9f5a89580ae893d4f0955b98242a4a9316b3d9258b0a01
Azuki,0xED5AF388653567Af2F388E6224dC7C4b3241C544,1775,0xd47f6d5fb8dc684dfa75a0551889026738c5aa1c,0x0cacf8cacfc31b3ac12143b03065317696bda974,7.1012,seaport,17643602,1688753290,0xbb2a814908d5bd471e9f5a89580ae893d4f0955b98242a4a9316b3d9258b0a01
Azuki,0xED5AF388653567Af2F388E6224dC7C4b3241C544,2583,0x8b7614932aaa3fa05ad7e765c7ea7a114e85fffa,0xe5e9ffe707ee071998340972af6fb178f5c64ba6,7.17,seaport,17643283,1688749419,0x72de498137dfe9bc5fb911ff55ca56c9325c66c3829b88f3413edb1fc95cd7f4
Azuki,0xED5AF388653567Af2F388E6224dC7C4b3241C544,7078,0xff5301b3029f292e1ba60bc2dbedde06599382bc,0x9de416ab881b322ee0b4c189c2de624090280cf2,7.69,seaport,17643278,1688749358,0xb45339d01f1750b26e6c59a9722eb26bfbe821a3cf92ea2886f82019a353ab56
Azuki,0xED5AF388653567Af2F388E6224dC7C4b3241C544,7137,0xa4dedda59f2908b92ae192cfd494839373bcb3c4,0x2244deba8c0e788a60b30b805ff970e082bdbc5a,7.34,seaport,17643277,1688749346,0xba793a646032fd7e10f96713837a9c961d63e8d183b2e046b70c96753586daf6
Azuki,0xED5AF388653567Af2F388E6224dC7C4b3241C544,6944,0x5c4b22baab940563268d669ef0e4b964d0351cf1,0x73d30ba3dc4ffd17c28cc2d75d12e50df98f29cf,12.5,x2y2,17643154,1688747854,0x5a942f30ba6ebcce31002d107116b59a8b81d7a0acc3727d6ff3a5263eeea4c1
Azuki,0xED5AF388653567Af2F388E6224dC7C4b3241C544,9560,0xa1313a9d6ab08d24e03c2251817b72676df4c3bb,0xbc737139dd8c8d192f4b9aa713ad99036f004007,12.5,x2y2,17642877,1688744492,0x05633cb5101e1ba2885d3fb20bbc2e8a313820af4589321357a8633345b31725
Azuki,0xED5AF388653567Af2F388E6224dC7C4b3241C544,4907,0x52536fd5a1d9a3ee13a741219429570abb3f91ce,0x6b746e4ec6be560f835d8261853121119fc8a9cc,6.749,seaport,17642622,1688741398,0xd07241872cdbf1fa0f3bea4ed5a0fc147b4e2865cf699ebd88294dfb073d0511
Azuki,0xED5AF388653567Af2F388E6224dC7C4b3241C544,4907,0x6b746e4ec6be560f835d8261853121119fc8a9cc,0xd91dc7c83bd01b91cb25019dfc4e35bc6faab814,6.58,seaport,17642602,1688741155,0x7cb622611da15b1986d07210f778961e1fab68060e53134930db796fe2c3dbe7
Azuki,0xED5AF388653567Af2F388E6224dC7C4b3241C544,2149,0xfa0e027fcb7ce300879f3729432cd505826eaabc,0xe5e9ffe707ee071998340972af6fb178f5c64ba6,6.42,seaport,17642583,1688740925,0xd2b2a740f0daf2737992a73f79f2118cabd02a6204d05f1c21ed77dcc9d34a3a
Azuki,0xED5AF388653567Af2F388E6224dC7C4b3241C544,2281,0x7daef0084b8bb7f845e4d7ec0bdf4bb0992c0621,0x7daef0084b8bb7f845e4d7ec0bdf4bb0992c0621,7.8,seaport,17642529,1688740269,0x6eb4d873d2f18856fb5eddefe743c401013af99306462392b271b76b6c82ed34
Azuki,0xED5AF388653567Af2F388E6224dC7C4b3241C544,2281,0xdc72c880e53bba06c4d713489c3739c39c1f5231,0x7daef0084b8bb7f845e4d7ec0bdf4bb0992c0621,8.2,seaport,17642529,1688740269,0x6eb4d873d2f18856fb5eddefe743c401013af99306462392b271b76b6c82ed34
Azuki,0xED5AF388653567Af2F388E6224dC7C4b3241C544,6944,0x73d30ba3dc4ffd17c28cc2d75d12e50df98f29cf,0x04b98dc3b9fe0c5bb6c47df76a73f7558933e0d8,11.215689,x2y2,17642411,1688738837,0x473780ecfc22d37a66a224984b625256a5e4515931a2ff57836f120d595383dd
Azuki,0xED5AF388653567Af2F388E6224dC7C4b3241C544,8741,0x6db1c3aa0291836ad47b80897e91e742c69a1456,0x8b7614932aaa3fa05ad7e765c7ea7a114e85fffa,6.9,seaport,17642283,1688737284,0xf0d9c6d62a0123ea51fdc82e3a42ee44a03360e8ed48d7650b2c5ae996376664
Azuki,0xED5AF388653567Af2F388E6224dC7C4b3241C544,8428,0xa0c6e86e59e3f2b2e58b4893cc371a2d71188d76,0x981d5a98ef923fff723698a863ff99abb5a15ac5,12.0,x2y2,17640969,1688721338,0x53a56aa551ab6fbb601c00843eed4ab8177f469e6dccb0d02af304a6c9ed0cbe
Azuki,0xED5AF388653567Af2F388E6224dC7C4b3241C544,5178,0x5b5a1a09877cfc4856afe6767289b4bb796f9e60,0x229e515f3c2829f01e7795cbfe1f4ce2c3d49fd5,6.969,seaport,17640954,1688721156,0xe1c3efd887f2a37c866f3ae40dd99ca1fb1eedb8471c60ce93c1623468971250
Azuki,0xED5AF388653567Af2F388E6224dC7C4b3241C544,3235,0xbf653cef2d06ee5b00fa1427acdb5056274921da,0xadc5333e24ba3f818ed3ca69616e3bb24844e499,6.7,x2y2,17640953,1688721144,0xd802710525f8fb03e8971a4a072b1f71a4afe33192f1ec33fd35a9ec56ff4d5a
Azuki,0xED5AF388653567Af2F388E6224dC7C4b3241C544,6346,0x3ef63a41dc067492051ec24be4da8281f7dbb18f,0x981d5a98ef923fff723698a863ff99abb5a15ac5,13.0,x2y2,17640660,1688717589,0x239958af8052dfc9b1190402c6758f273be8e055f6ab751b47c971481d784b30
Azuki,0xED5AF388653567Af2F388E6224dC7C4b3241C544,7627,0x3ef63a41dc067492051ec24be4da8281f7dbb18f,0x981d5a98ef923fff723698a863ff99abb5a15ac5,13.0,x2y2,17640658,1688717564,0x03d15ffe063349762982c03b66e7b190e81ed2e077df868850a27f958902d2ae
Azuki,0xED5AF388653567Af2F388E6224dC7C4b3241C544,6247,0x09e3b59d1825c1b439a20256711e44df65b52deb,0xfff1d0f40290fccd8f5325d98155584772af427f,10.4,x2y2,17640435,1688714858,0x2296bd36f8031b6c6e073e883e59ea8dba4d2b676d0f92a1227e397f24c3614c
Azuki,0xED5AF388653567Af2F388E6224dC7C4b3241C544,1810,0x3ef63a41dc067492051ec24be4da8281f7dbb18f,0x09e3b59d1825c1b439a20256711e44df65b52deb,12.0,x2y2,17640432,1688714822,0x395913ca9992a2866a661125a3d3114619a2402beb325a98d5415500f763350f
Azuki,0xED5AF388653567Af2F388E6224dC7C4b3241C544,1024,0xcafba4ca4a4886ae0938cc8ef91b605db9e4bf08,0x3ef63a41dc067492051ec24be4da8281f7dbb18f,9.3,x2y2,17640280,1688712977,0x86d1307dec79f2787a77a43592054dcc2b7326bfcefb2411a40d46c5610be3e9
Azuki,0xED5AF388653567Af2F388E6224dC7C4b3241C544,7014,0x5c2d0ed909d7c5c67fd5ef1d62d508e19bf56820,0x70a93e4d958bf023bf1e2cb7efcfc935e5b2c29d,11.0,x2y2,17640083,1688710587,0x34f4c9c81452ad8aa94b93ed4951c2a908c4b2362d2e66faa791c2d034070861
Azuki,0xED5AF388653567Af2F388E6224dC7C4b3241C544,9835,0xca1ee6abeaa8d61c9d3e73c94d7bdb9fbc114138,0x0097b9cfe64455eed479292671a1121f502bc954,6.7479,seaport,17638880,1688695988,0xe4cf973d41c07233f7b0828e9ecdaa61d74e53316186616d6fe3f3fde8831c20
Azuki,0xED5AF388653567Af2F388E6224dC7C4b3241C544,4743,0xc5c362f9ae6a5a152cbeec146957c517d6d1ece6,0x107bd7ed9cba47a996076ec1020bc086ee8852dc,6.9,x2y2,17638794,1688694945,0xc6c0d119f7b36446c624aed3e12bb6ccd1085e638b7792c1921e39239eccb207
Azuki,0xED5AF388653567Af2F388E6224dC7C4b3241C544,5501,0x4e8564cb5f888cfa0499073d265fc1551dc37c87,0x4e8564cb5f888cfa0499073d265fc1551dc37c87,6.05475,seaport,17638666,1688693391,0x7988429a9634f677747299898ad14851e20a755dcba0c0e232920d31c23257a6
Azuki,0xED5AF388653567Af2F388E6224dC7C4b3241C544,5501,0xbceaa4f0ded51427448dac5ebb9ec3f46420db7c,0x4e8564cb5f888cfa0499073d265fc1551dc37c87,6.36525,seaport,17638666,1688693391,0x7988429a9634f677747299898ad14851e20a755dcba0c0e232920d31c23257a6
Azuki,0xED5AF388653567Af2F388E6224dC7C4b3241C544,9748,0x5ae5375ee0f4cff5904b8670d284d518a4fedb03,0x5ae5375ee0f4cff5904b8670d284d518a4fedb03,6.30825,seaport,17637911,1688684229,0x89df565d68c31143b0f31bab4e613f7b8726fa25b4465423163edf02f548e6f1
Azuki,0xED5AF388653567Af2F388E6224dC7C4b3241C544,9748,0xbceaa4f0ded51427448dac5ebb9ec3f46420db7c,0x5ae5375ee0f4cff5904b8670d284d518a4fedb03,6.63175,seaport,17637911,1688684229,0x89df565d68c31143b0f31bab4e613f7b8726fa25b4465423163edf02f548e6f1
Azuki,0xED5AF388653567Af2F388E6224dC7C4b3241C544,3828,0x28f597801cbe0c7ad1890807ef5c539fc002476a,0xd91dc7c83bd01b91cb25019dfc4e35bc6faab814,6.58,seaport,17637735,1688682093,0xa799e3ee8e9aa3f5272491d25d0a94fa453916e2e1f364b7dcc501a2c3570310
Azuki,0xED5AF388653567Af2F388E6224dC7C4b3241C544,797,0x4f3854d53c670ae1280ba47d43a62a0d7c4a522f,0x28f597801cbe0c7ad1890807ef5c539fc002476a,6.79,seaport,17637640,1688680941,0xe16635bd24e22ce94c30aa411efee2e91bea5a4b2a5433123d908d1fd45f66e3
Azuki,0xED5AF388653567Af2F388E6224dC7C4b3241C544,5001,0xb6a6e7f25e0da6c35a421160a6973a747eee51c3,0xc5037734e8acd41a4db7a3a8fe8153b7ec920212,6.62,seaport,17637109,1688674497,0x9a3e310fbe1355a6ffe1ab464e67b6d95d78598ad4e0c6b28688b1b95c5e8a70
Azuki,0xED5AF388653567Af2F388E6224dC7C4b3241C544,2714,0x29abf047a2281d1df096034c598ecc85a07e9ebc,0x29abf047a2281d1df096034c598ecc85a07e9ebc,6.357,seaport,17636449,1688666488,0xd23757938d90e4f9a1b53d729626060158146977c1a0a9a70724bf60c20168ce
Azuki,0xED5AF388653567Af2F388E6224dC7C4b3241C544,2714,0xbceaa4f0ded51427448dac5ebb9ec3f46420db7c,0x29abf047a2281d1df096034c598ecc85a07e9ebc,6.683,seaport,17636449,1688666488,0xd23757938d90e4f9a1b53d729626060158146977c1a0a9a70724bf60c20168ce
Azuki,0xED5AF388653567Af2F388E6224dC7C4b3241C544,2626,0x7c90c6cacb389f149297fffee6255cba093bc4c2,0x9675b0ed61d85ad9c0f16ae071b7002c5747caca,8.25,x2y2,17635681,1688657168,0x63e8c6493921fcf6eec3328d6ba93723f5f50a4df3454d2d2685121c800ccbe6
Azuki,0xED5AF388653567Af2F388E6224dC7C4b3241C544,4467,0x353c6c94f1596074379c35cb8d2165d0d61fff5f,0xe6da1d19fdcec179ba9755f2c6139f8ffecbfeb0,6.8,x2y2,17635576,1688655894,0x61d2e13273d76faa42f336a6aa62f8e4b2e708c80e68b19d04d47f4a00cc50b7
Azuki,0xED5AF388653567Af2F388E6224dC7C4b3241C544,8305,0x0ce32775570ac566ce1a4c20dedfe854710e5412,0xbfbd85b1503d00a6a3b75ea05fa8720f059f5c81,6.7,x2y2,17635363,1688653309,0x3f01d1a175a93cedf66ebc8aec7380844e5aaa2402fb56ea80669f83834ede7d
Azuki,0xED5AF388653567Af2F388E6224dC7C4b3241C544,2320,0x94e9d73a2aeec807d85756b84759965b41866450,0x269ae8d8f473ba99fa25ede23fe72ae0350ef542,6.925,x2y2,17634261,1688639936,0x352d3f4246a678b9e01cf0322d5763cb832870ea00ab9b7828e7cb9dad13f6e7
Azuki,0xED5AF388653567Af2F388E6224dC7C4b3241C544,7186,0xa98b814abff791a43b3d3f6776f1124b2bdeb258,0xa3dadc7729a7d9bd2665ea48b6413c4de47beeae,6.914,x2y2,17633559,1688631417,0x3649b23bac50b4027f8d5a19c54de958f442896fd73299f25f63fe3f1c2d8697
Azuki,0xED5AF388653567Af2F388E6224dC7C4b3241C544,6539,0x82bbcac5a8b81368a4a96f0265cb40e46020a1e1,0xd47f6d5fb8dc684dfa75a0551889026738c5aa1c,6.88,x2y2,17633537,1688631150,0x25ddef68adf48334b8cccff085c19e90f5da9912fa216afcba2985867b23b60d
Azuki,0xED5AF388653567Af2F388E6224dC7C4b3241C544,6539,0x49fee36ea197cee311b228068eec64480eac9bce,0x49fee36ea197cee311b228068eec64480eac9bce,6.438803,seaport,17633435,1688629912,0xb5de06da251e283372d97b1e196a6949e1c6eeabfcb75e7860b745e124dcbdfd
Azuki,0xED5AF388653567Af2F388E6224dC7C4b3241C544,6539,0xd47f6d5fb8dc684dfa75a0551889026738c5aa1c,0x49fee36ea197cee311b228068eec64480eac9bce,6.768998,seaport,17633435,1688629912,0xb5de06da251e283372d97b1e196a6949e1c6eeabfcb75e7860b745e124dcbdfd
Azuki,0xED5AF388653567Af2F388E6224dC7C4b3241C544,7186,0xa3dadc7729a7d9bd2665ea48b6413c4de47beeae,0xa98b814abff791a43b3d3f6776f1124b2bdeb258,6.9,x2y2,17632271,1688615787,0x0b3a026355c0a79dd558c9e10b847054ff7cf61eeb682780adc4527aff729514
Azuki,0xED5AF388653567Af2F388E6224dC7C4b3241C544,6531,0x9f195fc8c58695ca1c34c9f29d52c950a6b2418f,0x80ac8b6f4cacea6129f5cf1365904f056b4e29ea,12.0,x2y2,17632115,1688613894,0x6bc94280e871323a71285662c716238712506c107f2b4d39fb215839a2f64651
Azuki,0xED5AF388653567Af2F388E6224dC7C4b3241C544,448,0xf6a25929eaf01823f017bcda8fa46e64fe28483e,0x94e9d73a2aeec807d85756b84759965b41866450,7.19,seaport,17632052,1688613129,0xe48af34d0cf4c3c341bb02931d48f245b535126ddc4c0e84ec9ee12c9f7549ad
Azuki,0xED5AF388653567Af2F388E6224dC7C4b3241C544,9007,0x8c4da207b429e1e2a6917cab0bfb0c7b13eed850,0x1676d3ea9f36d3fc2e2a0528fa2fa65cefb170f7,6.99,seaport,17631913,1688611443,0xfb82edd6344a02c59b44cf634e7e0f68f87bc8df6d68d35cf92edac7b82a681c
Azuki,0xED5AF388653567Af2F388E6224dC7C4b3241C544,7132,0x245cb9560722dad1be2dd9a9fa1b85934c90f89a,0x245cb9560722dad1be2dd9a9fa1b85934c90f89a,6.324142,seaport,17631389,1688605084,0x43b2e72f114c016154fa5425a2dd2b3fc314cf8464826823dda74e63f434fa6b
Azuki,0xED5AF388653567Af2F388E6224dC7C4b3241C544,7132,0xbceaa4f0ded51427448dac5ebb9ec3f46420db7c,0x245cb9560722dad1be2dd9a9fa1b85934c90f89a,6.648458,seaport,17631389,1688605084,0x43b2e72f114c016154fa5425a2dd2b3fc314cf8464826823dda74e63f434fa6b
Azuki,0xED5AF388653567Af2F388E6224dC7C4b3241C544,7092,0x6ed38fc60870cc368066ab97dc13a66960a70001,0x6ed38fc60870cc368066ab97dc13a66960a70001,6.45489,seaport,17630948,1688599732,0x3816c57d308866f614394c47bc86b65df0b20b5c4a4586b88bf8e4584f48fc68
Azuki,0xED5AF388653567Af2F388E6224dC7C4b3241C544,7092,0xbceaa4f0ded51427448dac5ebb9ec3f46420db7c,0x6ed38fc60870cc368066ab97dc13a66960a70001,6.78591,seaport,17630948,1688599732,0x3816c57d308866f614394c47bc86b65df0b20b5c4a4586b88bf8e4584f48fc68
Azuki,0xED5AF388653567Af2F388E6224dC7C4b3241C544,8050,0x61dc32c64a7a7b0ac9732908ccba90cc6f3b766a,0x61dc32c64a7a7b0ac9732908ccba90cc6f3b766a,7.8,seaport,17630927,1688599477,0x8b31aa6a7bf0da5ae2c4a8d5ad401c0ee3070540f930f1dbd6f4b0646cd07b16
Azuki,0xED5AF388653567Af2F388E6224dC7C4b3241C544,8050,0x83ab5c1a4f689cf95f4cc44562887aa3c6ccbc1e,0x61dc32c64a7a7b0ac9732908ccba90cc6f3b766a,8.2,seaport,17630927,1688599477,0x8b31aa6a7bf0da5ae2c4a8d5ad401c0ee3070540f930f1dbd6f4b0646cd07b16
Azuki,0xED5AF388653567Af2F388E6224dC7C4b3241C544,2326,0x965cf5fe9fe33c55ae80fc99a4cdca73720e51fa,0x965cf5fe9fe33c55ae80fc99a4cdca73720e51fa,7.8,seaport,17629372,1688580607,0x97509f680ab92b55c919b2640d82dbd1bb41112f55b53a1706fa6ff42750e521
Azuki,0xED5AF388653567Af2F388E6224dC7C4b3241C544,2326,0x995ca5dd93a9929335774bd444611946591a026b,0x965cf5fe9fe33c55ae80fc99a4cdca73720e51fa,8.2,seaport,17629372,1688580607,0x97509f680ab92b55c919b2640d82dbd1bb41112f55b53a1706fa6ff42750e521
Azuki,0xED5AF388653567Af2F388E6224dC7C4b3241C544,4942,0x94e9d73a2aeec807d85756b84759965b41866450,0x5a1c3e75838e13b3bfa33d5c63cb3c05bd0dfa27,7.375,x2y2,17629147,1688577877,0x1468f98d2c575a4d16e4466700c584f0c9ba30c7bfe7e9e9b5668700318ca08f
Azuki,0xED5AF388653567Af2F388E6224dC7C4b3241C544,9160,0x4ace01a26fcd2edd0f77122ee4ac9f7f44240e6d,0x142668dc89e7e69ce985643ad3759fa8c518a884,7.39,seaport,17628962,1688575632,0x9f5797612d41e2eef1576b5c50ab947359c54a0e323ae3a0d06ba07bdf584304
Azuki,0xED5AF388653567Af2F388E6224dC7C4b3241C544,6423,0xbe36868c61b5157993d54103750aed493015e888,0x5eba35d60f0f995ac7118d290f43292c7937b52e,7.24,blur,17628776,1688573375,0x8861f1dde363b527e340be5bf07a967dc39652f9781c6eaff31cc04ef2a0111c
Azuki,0xED5AF388653567Af2F388E6224dC7C4b3241C544,3079,0x93a692fe5477902c3cf5f6997c1cf59a3712ced4,0x29469395eaf6f95920e59f858042f0e28d98a20b,0.0,blur,17628647,1688571809,0xc1e61fec22ef4a1a6222461726656fe61537d38e83c6d90923f5a639a904ce3e
Azuki,0xED5AF388653567Af2F388E6224dC7C4b3241C544,9271,0xf86aaeb9a6a8bba1e2c4317e771e1ca044449799,0xcc1cb0fa339eb32e436dce1ba752bda72fc6edfe,0.0,blur,17628639,1688571712,0x0974dd403db0db179c5f71ad77a391aba0253fd666c736b7e7bc97cd6b120e45
Azuki,0xED5AF388653567Af2F388E6224dC7C4b3241C544,4132,0xc4da1707a7a16cf4ac15d75d6a49a684b23ee1e4,0x29469395eaf6f95920e59f858042f0e28d98a20b,0.0,blur,17628634,1688571652,0x31bcc6deeee5eb1abca0f295c827cd799a9ce66cd6e11cc31af005a790159b65
Azuki,0xED5AF388653567Af2F388E6224dC7C4b3241C544,2002,0x68663fb06b6e718e7026aa1c2ddbc4e97ccd6c5c,0x29469395eaf6f95920e59f858042f0e28d98a20b,0.0,blur,17628633,1688571639,0x4eb8623874fe9ceeddd9b1fbfe2cda42e19d00f9aa3b6ef69ed3d3bc85360f54
Azuki,0xED5AF388653567Af2F388E6224dC7C4b3241C544,2590,0xe6da1d19fdcec179ba9755f2c6139f8ffecbfeb0,0x29469395eaf6f95920e59f858042f0e28d98a20b,0.0,blur,17628631,1688571615,0x712c53fb6241bab898179e3d4f14ac8e45c12876ccabfee68045f9c24e7c9a10
Azuki,0xED5AF388653567Af2F388E6224dC7C4b3241C544,9792,0x385ce35599ae5e6f0eaf0f69841fffa9f41acdd5,0x29469395eaf6f95920e59f858042f0e28d98a20b,0.0,blur,17628631,1688571615,0xb60ce4a91f97c3770e59de7426c664fa79a452b2560af15086a7e61c58669f06
Azuki,0xED5AF388653567Af2F388E6224dC7C4b3241C544,215,0x1919db36ca2fa2e15f9000fd9cdc2edcf863e685,0x29469395eaf6f95920e59f858042f0e28d98a20b,0.0,blur,17628631,1688571615,0x48cb42b041d1105d0b41bd09b08802057fca39290e2544ea556cf92ddedffeef
Azuki,0xED5AF388653567Af2F388E6224dC7C4b3241C544,7256,0x5e2eabfaddf49615f84734724b77eeeebc5ebd71,0x81974c1a09e53c5129c6e4f74e547fda0adf4d2d,0.0,blur,17628526,1688570341,0xea2bd2bd610249ba10e4824a36987ccc401848b4152c76b6f1914d49c1f762ef
Azuki,0xED5AF388653567Af2F388E6224dC7C4b3241C544,1490,0x16f9c1c19cadb51cb03bdade5391b23850192565,0x174398dc93d7a50bdfab896040c3dc71ab19d8bc,7.29499,blur,17628522,1688570292,0x789f99442aca87c85f60b13e8dbfe9e32d7b86b1f7fdfb36292fc428493484a3
Azuki,0xED5AF388653567Af2F388E6224dC7C4b3241C544,7638,0x29469395eaf6f95920e59f858042f0e28d98a20b,0x16f9c1c19cadb51cb03bdade5391b23850192565,7.45,blur,17628466,1688569613,0x21d742e46774a6663dc40e91497375c0e95046b071219a36d0577e93b273f001
Azuki,0xED5AF388653567Af2F388E6224dC7C4b3241C544,2068,0x29469395eaf6f95920e59f858042f0e28d98a20b,0x94e9d73a2aeec807d85756b84759965b41866450,7.79,blur,17628453,1688569455,0xd6f0b0c9addb17bec0521953dfc76cc10089972c937ce2c7cbc5e27236c07a0f
Azuki,0xED5AF388653567Af2F388E6224dC7C4b3241C544,288,0x77e3e957082ca648c1c5b0f3e6aec00ab1245186,0x29469395eaf6f95920e59f858042f0e28d98a20b,0.0,blur,17628445,1688569358,0x280e45937cc5de13dabf5d5f31c48af5a655523b5d445e9f45f538670f22b4ec
Azuki,0xED5AF388653567Af2F388E6224dC7C4b3241C544,4132,0x1919db36ca2fa2e15f9000fd9cdc2edcf863e685,0x29469395eaf6f95920e59f858042f0e28d98a20b,0.0,blur,17628444,1688569346,0x27228faef46b3069311a4ecc8d52d2e75e6d0f13220c7a3c588d1332afac6d93
Azuki,0xED5AF388653567Af2F388E6224dC7C4b3241C544,9338,0x68663fb06b6e718e7026aa1c2ddbc4e97ccd6c5c,0x29469395eaf6f95920e59f858042f0e28d98a20b,0.0,blur,17628442,1688569322,0x8e7ccd119aca8f810d95a962abe55611753ae01cb0f7823ad4a454c34b07d1af
Azuki,0xED5AF388653567Af2F388E6224dC7C4b3241C544,3063,0x385ce35599ae5e6f0eaf0f69841fffa9f41acdd5,0x29469395eaf6f95920e59f858042f0e28d98a20b,0.0,blur,17628442,1688569322,0xd144a925e5479a2088a6932de48bf425c28adeb7953eac93cfd18eae3cb9d752
Azuki,0xED5AF388653567Af2F388E6224dC7C4b3241C544,6026,0x1919db36ca2fa2e15f9000fd9cdc2edcf863e685,0x29469395eaf6f95920e59f858042f0e28d98a20b,0.0,blur,17628441,1688569309,0xfce04b924bdb065a6cac8d7c57def036af9410e632dd1db157833b5f7d962532
Azuki,0xED5AF388653567Af2F388E6224dC7C4b3241C544,4228,0x0ce32775570ac566ce1a4c20dedfe854710e5412,0x29469395eaf6f95920e59f858042f0e28d98a20b,0.0,blur,17628441,1688569309,0x1671ba50a75edb143bfb2662a1835c5dea78bdfb71ae17f9f59814e5f5ef7255
Azuki,0xED5AF388653567Af2F388E6224dC7C4b3241C544,8801,0x29469395eaf6f95920e59f858042f0e28d98a20b,0x97c7d94d01bcbc41b80ef7cc8c5bebc3d11c6a20,7.389,blur,17628438,1688569273,0x195d0200e7f9d46ce3721086151e3e793690f88a8007aecf9facac79af9649b4
Azuki,0xED5AF388653567Af2F388E6224dC7C4b3241C544,5129,0x39da41747a83aee658334415666f3ef92dd0d541,0x97c7d94d01bcbc41b80ef7cc8c5bebc3d11c6a20,7.289,blur,17628411,1688568945,0x82b8622d2798ce663a863d5ba125b4badb4922183a916a6b97eac1b45b5c02a7
Azuki,0xED5AF388653567Af2F388E6224dC7C4b3241C544,5340,0x39da41747a83aee658334415666f3ef92dd0d541,0xf64932b6002fd2a465a72564d80422f762aaa566,7.3,blur,17628378,1688568545,0x140c84810691dcc4c808991da6f860d603e0c2b0f9fd6839412c19f89f70b199
Azuki,0xED5AF388653567Af2F388E6224dC7C4b3241C544,4160,0x39da41747a83aee658334415666f3ef92dd0d541,0x127ecf853f7c0d59e415a28354e482fd41604b4f,7.33,blur,17628351,1688568217,0x3c20f2832cef09f319648dcdced31b2f46232d471225eea217d6d99e7d9b9192
Azuki,0xED5AF388653567Af2F388E6224dC7C4b3241C544,8965,0x65c0a4dd527860fd79c2a370364a14aae1124c5d,0x326ed9f1362d536a90f5e51977a3e1abbc51863d,7.8,seaport,17628194,1688566312,0xeb1ea0765b274a5d8b7427c95fc03d9e744bf08a31a04f0b87da1a157f6dba11
Azuki,0xED5AF388653567Af2F388E6224dC7C4b3241C544,2444,0xe512d2cde15ce490130160a8b18ae10230a73e61,0x29469395eaf6f95920e59f858042f0e28d98a20b,0.0,blur,17628137,1688565620,0x982310289e41556c3fdf30b3895c33523de9dc283e8bc043e9fa14ab6b68b72a
Azuki,0xED5AF388653567Af2F388E6224dC7C4b3241C544,4228,0x69b1eef818f9cb030269e8047c554f81ea7269f6,0x29469395eaf6f95920e59f858042f0e28d98a20b,0.0,blur,17628137,1688565620,0x7a14c52f337415c3cc3fcea1af115bc8c971e4919b04ee9d93cd7c3ace787632
Azuki,0xED5AF388653567Af2F388E6224dC7C4b3241C544,1252,0x89843dbb99b0d65b15f487a899b526c341c7e859,0x62d2461175d4e7dc0c9dcffe7c0649f0ac5e450c,7.69,blur,17628075,1688564868,0x6908e9b6eee907980c5d5bdbed7e19057578c62612e409d0ea4f77f016122fba
Azuki,0xED5AF388653567Af2F388E6224dC7C4b3241C544,9645,0x39da41747a83aee658334415666f3ef92dd0d541,0xcf2fd96a6a1d4c493818347270a4082fd3f3c1d9,7.25,blur,17628054,1688564613,0x13378d7beee22c32aa299483e46658f636c915be343fbdaf24fd1be0c80717ea
Azuki,0xED5AF388653567Af2F388E6224dC7C4b3241C544,6281,0x8607a7d180de23645db594d90621d837749408d5,0x29469395eaf6f95920e59f858042f0e28d98a20b,0.0,blur,17628042,1688564468,0x97233ea9e2419f02c068ed5251f1bd1b88f92507d16afb3ecf0883cc328b48c3
Azuki,0xED5AF388653567Af2F388E6224dC7C4b3241C544,4057,0x8607a7d180de23645db594d90621d837749408d5,0x29469395eaf6f95920e59f858042f0e28d98a20b,0.0,blur,17628016,1688564152,0x695eb788cc60f9fd0d9dd0384df4e6b8de225bd31f0f3408df30e3020ce87bd9
Azuki,0xED5AF388653567Af2F388E6224dC7C4b3241C544,6158,0x8607a7d180de23645db594d90621d837749408d5,0x29469395eaf6f95920e59f858042f0e28d98a20b,0.0,blur,17628009,1688564067,0xb091c6a6a31ca7e0b772e82cae6c301cc8eb33e874c35ea05132a5de4cab7c81
Azuki,0xED5AF388653567Af2F388E6224dC7C4b3241C544,1139,0x8607a7d180de23645db594d90621d837749408d5,0x29469395eaf6f95920e59f858042f0e28d98a20b,0.0,blur,17628008,1688564055,0xa9cf747b5e476a9ab713e2648ca7b254ecd127cb742a330c55f51334d635e9a4
Azuki,0xED5AF388653567Af2F388E6224dC7C4b3241C544,6075,0x8607a7d180de23645db594d90621d837749408d5,0x29469395eaf6f95920e59f858042f0e28d98a20b,0.0,blur,17627997,1688563921,0x7b84b47c7fd794ffa661d38a7f83b1438456113626c8f609709916256adc38b6
Azuki,0xED5AF388653567Af2F388E6224dC7C4b3241C544,2176,0x8607a7d180de23645db594d90621d837749408d5,0x29469395eaf6f95920e59f858042f0e28d98a20b,0.0,blur,17627995,1688563897,0xc3fbbbc9b4408925218852a903a606c064f738f4555ef8623a3c6cb8ef919a8c
Azuki,0xED5AF388653567Af2F388E6224dC7C4b3241C544,3079,0xcbb0fe555f61d23427740984325b4583a4a34c82,0x29469395eaf6f95920e59f858042f0e28d98a20b,0.0,blur,17627994,1688563885,0x7d00b2902d326bb7165477beff9bc9b89b62d2fd96e28d351ff516d78cf13123
Azuki,0xED5AF388653567Af2F388E6224dC7C4b3241C544,1965,0x8607a7d180de23645db594d90621d837749408d5,0x29469395eaf6f95920e59f858042f0e28d98a20b,0.0,blur,17627994,1688563885,0xff436f92da657118afda1bbb6be2dbbd3dcf006be6a0b7a1f8b4617ffeb4500e
Azuki,0xED5AF388653567Af2F388E6224dC7C4b3241C544,1094,0x020ca66c30bec2c4fe3861a94e4db4a498a35872,0x29469395eaf6f95920e59f858042f0e28d98a20b,0.0,blur,17627993,1688563873,0x689222592a584d5ef4c641c8557b501149517ae9daa4e9f075b1bdb316f09c90
Azuki,0xED5AF388653567Af2F388E6224dC7C4b3241C544,9442,0xcbb0fe555f61d23427740984325b4583a4a34c82,0x29469395eaf6f95920e59f858042f0e28d98a20b,0.0,blur,17627992,1688563861,0x15ea06d1e7f7c6f556bb8328576711c9f8cb95abda359b52bd1ce70cc911b8f6
Azuki,0xED5AF388653567Af2F388E6224dC7C4b3241C544,9160,0x142668dc89e7e69ce985643ad3759fa8c518a884,0x29469395eaf6f95920e59f858042f0e28d98a20b,0.0,blur,17627992,1688563861,0x4d36817a642d1cfde63517b00c084e78ecfe6607490ac3d5714314aecd3a48f7
Azuki,0xED5AF388653567Af2F388E6224dC7C4b3241C544,4132,0x68663fb06b6e718e7026aa1c2ddbc4e97ccd6c5c,0x29469395eaf6f95920e59f858042f0e28d98a20b,0.0,blur,17627990,1688563837,0xbe02183a9cc44a22fc699b31824a57cc91ce1ab04de2830302b0e19bbbf815db
Azuki,0xED5AF388653567Af2F388E6224dC7C4b3241C544,1860,0x0c80a1162a061d1c63743fef56204c3fca45074f,0x29469395eaf6f95920e59f858042f0e28d98a20b,0.0,blur,17627989,1688563824,0x11536a6f6e7c75a4c10b2671482b5c700f3df087f47dbb14b4e740240751acd2
Azuki,0xED5AF388653567Af2F388E6224dC7C4b3241C544,9792,0xad091229354420fce427cf84de20884db20082d4,0x29469395eaf6f95920e59f858042f0e28d98a20b,0.0,blur,17627988,1688563812,0x629f1bb5ba86461636497493d24813d9f0ea569571d12871e7ac3ddcaaac23f0
Azuki,0xED5AF388653567Af2F388E6224dC7C4b3241C544,9500,0x515a6c0e816f1096a5eaaf2b0516b9738c137c8c,0x29469395eaf6f95920e59f858042f0e28d98a20b,0.0,blur,17627980,1688563715,0x2937c32a6d9177782c888f0416e481cde83c9daaf21365492e1664c28fc39337
Azuki,0xED5AF388653567Af2F388E6224dC7C4b3241C544,2809,0x398abecc8702a78878b3fbe8ee154c625d4ead03,0x29469395eaf6f95920e59f858042f0e28d98a20b,0.0,blur,17627978,1688563691,0xf27f14de4965045e63ed9c5045a7f1f48b96544857e0b0b0e106b3d42ee543ec
Azuki,0xED5AF388653567Af2F388E6224dC7C4b3241C544,215,0xc92b2d2dfd0083aaa38ff07d543e2b3a937edcd4,0xd14969938dbd45be356bffef350f6811d02332e1,0.0,blur,17627975,1688563655,0xaf3d896f8aa9d430732a18c16c6c63e7c6dd11c3edc11ed288a359cd0e03d5f5
Azuki,0xED5AF388653567Af2F388E6224dC7C4b3241C544,6026,0x385ce35599ae5e6f0eaf0f69841fffa9f41acdd5,0xd14969938dbd45be356bffef350f6811d02332e1,0.0,blur,17627975,1688563655,0xaf3d896f8aa9d430732a18c16c6c63e7c6dd11c3edc11ed288a359cd0e03d5f5
Azuki,0xED5AF388653567Af2F388E6224dC7C4b3241C544,318,0x0c80a1162a061d1c63743fef56204c3fca45074f,0xd14969938dbd45be356bffef350f6811d02332e1,0.0,blur,17627975,1688563655,0xaf3d896f8aa9d430732a18c16c6c63e7c6dd11c3edc11ed288a359cd0e03d5f5
Azuki,0xED5AF388653567Af2F388E6224dC7C4b3241C544,2590,0xad091229354420fce427cf84de20884db20082d4,0x29469395eaf6f95920e59f858042f0e28d98a20b,0.0,blur,17627974,1688563642,0xa8f58620a333d86d531e7eed256b259c0440762cd57b4bb656ee299129a60fa6
Azuki,0xED5AF388653567Af2F388E6224dC7C4b3241C544,6180,0xa19663ef5587716c357f42bc8217f9e60bc7cc02,0x29469395eaf6f95920e59f858042f0e28d98a20b,0.0,blur,17627973,1688563630,0x41c322c70ffa9d74e92ff69370acb95bfdd10cfb98fe9e42fb95e78a4face858
Azuki,0xED5AF388653567Af2F388E6224dC7C4b3241C544,3063,0x69b1eef818f9cb030269e8047c554f81ea7269f6,0xcf2fd96a6a1d4c493818347270a4082fd3f3c1d9,0.0,blur,17627869,1688562368,0x1e582aaebb2bed927e120a021f3e1ba7364cf5e758fc056b0a9a07d35562a9d7
Azuki,0xED5AF388653567Af2F388E6224dC7C4b3241C544,9645,0x29469395eaf6f95920e59f858042f0e28d98a20b,0x174398dc93d7a50bdfab896040c3dc71ab19d8bc,7.21499,blur,17627860,1688562259,0x404a682258da5177ed5ab924b0a5b45e0205b8bba4d1a6c4ec210218b07b682e
Azuki,0xED5AF388653567Af2F388E6224dC7C4b3241C544,9168,0xcbb0fe555f61d23427740984325b4583a4a34c82,0x29469395eaf6f95920e59f858042f0e28d98a20b,0.0,blur,17627786,1688561361,0x13fd507d0b50204f7becff9eac4a3271bbb4446f22bd01ec163572357adb12dc
Azuki,0xED5AF388653567Af2F388E6224dC7C4b3241C544,9338,0xcbb0fe555f61d23427740984325b4583a4a34c82,0x62e724226009de1edb66b8b8be841781aeb256de,0.0,blur,17627463,1688557442,0x834de220e94f4d2100e1b590d0c05ea8e7127ee87cdd9f0825c7aa2d61dcac67
Azuki,0xED5AF388653567Af2F388E6224dC7C4b3241C544,3441,0x46950cc47760add991db31441990368bb82096fc,0x353c6c94f1596074379c35cb8d2165d0d61fff5f,7.25,seaport,17627401,1688556689,0x7e907f3cf6a6a99c5797547ef91e40f53251ee7604091cde67a3c8233ceab899
Azuki,0xED5AF388653567Af2F388E6224dC7C4b3241C544,3697,0x39da41747a83aee658334415666f3ef92dd0d541,0x74fec90277fef63d5aca5a0d2f6a684cf4911b7a,7.9,blur,17627394,1688556604,0xd63e93a10061902076b59486939e8d49131728fd7cc34e301aace96c5875a0bf
Azuki,0xED5AF388653567Af2F388E6224dC7C4b3241C544,3903,0x8607a7d180de23645db594d90621d837749408d5,0x29469395eaf6f95920e59f858042f0e28d98a20b,0.0,blur,17627378,1688556410,0xd835a28489b72a41faf31fab86f724ee906f8b7881006b2e22e1da6b9acc9683
Azuki,0xED5AF388653567Af2F388E6224dC7C4b3241C544,4661,0x020ca66c30bec2c4fe3861a94e4db4a498a35872,0x3836d57ac110ed7ba71e4d62cbc4fac476ee8ff9,0.0,blur,17627377,1688556398,0x9f88d622df9c675760b353bf5a775d2151c489a99e6d5ef14d6b6fe58f1004bc
Azuki,0xED5AF388653567Af2F388E6224dC7C4b3241C544,1139,0xad091229354420fce427cf84de20884db20082d4,0x29469395eaf6f95920e59f858042f0e28d98a20b,0.0,blur,17627375,1688556374,0xef0d73e3b4c11ad17689043a005471325ca8745ad51e6f227af8bfe7bc2ebdc1
Azuki,0xED5AF388653567Af2F388E6224dC7C4b3241C544,9500,0xfa0e027fcb7ce300879f3729432cd505826eaabc,0x29469395eaf6f95920e59f858042f0e28d98a20b,0.0,blur,17627374,1688556362,0xc23135e47e26bfea4a3cab35600f6c413866fc6a984766f882adfc51b18e532c
Azuki,0xED5AF388653567Af2F388E6224dC7C4b3241C544,7966,0xad091229354420fce427cf84de20884db20082d4,0x29f7ec2bef88eaf2370096d3559e9fae8984622c,0.0,blur,17627373,1688556349,0x4272c55bc95f72cd37bb7c9ec6dfb10c8a6ccb92aba506e6fe019e9abe3ae50e
Azuki,0xED5AF388653567Af2F388E6224dC7C4b3241C544,4132,0x77e3e957082ca648c1c5b0f3e6aec00ab1245186,0x29469395eaf6f95920e59f858042f0e28d98a20b,0.0,blur,17627370,1688556313,0x462a256ab35435b7e0ad4242c725dd8f3ed87f1304c36dc7b89baa8498fd2729
Azuki,0xED5AF388653567Af2F388E6224dC7C4b3241C544,4857,0x020ca66c30bec2c4fe3861a94e4db4a498a35872,0x167fd0b7cce4fab533ffdbc730aeafb950000000,0.0,blur,17627352,1688556095,0x5235bc880f22e68abf08837bbae0d367ca410f6a3753c355b62af37625057e47
Azuki,0xED5AF388653567Af2F388E6224dC7C4b3241C544,6158,0xad091229354420fce427cf84de20884db20082d4,0x29469395eaf6f95920e59f858042f0e28d98a20b,0.0,blur,17627329,1688555815,0xbb252d97a31db44b431bd8c5d24680dc1317c471e6f1cfac3c2e978e0399364a
Azuki,0xED5AF388653567Af2F388E6224dC7C4b3241C544,347,0xc4da1707a7a16cf4ac15d75d6a49a684b23ee1e4,0x167fd0b7cce4fab533ffdbc730aeafb950000000,0.0,blur,17627296,1688555415,0x5c40ebb573381f7a96509a40b867640a36b0d798ac63b12c280e7bf37f3926de
Azuki,0xED5AF388653567Af2F388E6224dC7C4b3241C544,6158,0xc4da1707a7a16cf4ac15d75d6a49a684b23ee1e4,0x6390b13f53f361745484db0bdbe212a5d6642534,0.0,blur,17627163,1688553801,0x1361bc05f40384aab3fcd53cabc78b3da22ba3829ce244bee5a06343a8d90975
Azuki,0xED5AF388653567Af2F388E6224dC7C4b3241C544,9271,0x014edb29c6dae24c665f7ba4be5fbf4a0b07077b,0x29469395eaf6f95920e59f858042f0e28d98a20b,0.0,blur,17626941,1688551107,0xb10e972713d6145299bfa1b058bb4d26c662d75484bc1c5ee5d116528d63f2a8
Azuki,0xED5AF388653567Af2F388E6224dC7C4b3241C544,9020,0xcbb0fe555f61d23427740984325b4583a4a34c82,0x020ca66c30bec2c4fe3861a94e4db4a498a35872,0.0,blur,17626918,1688550828,0xd8790b35a8b5d4bc7f4211beae9888d156723a7515d93fb247ab73909aef73b0
Azuki,0xED5AF388653567Af2F388E6224dC7C4b3241C544,9442,0x77e3e957082ca648c1c5b0f3e6aec00ab1245186,0x020ca66c30bec2c4fe3861a94e4db4a498a35872,0.0,blur,17626918,1688550828,0xd8790b35a8b5d4bc7f4211beae9888d156723a7515d93fb247ab73909aef73b0
Azuki,0xED5AF388653567Af2F388E6224dC7C4b3241C544,9160,0x77e3e957082ca648c1c5b0f3e6aec00ab1245186,0x020ca66c30bec2c4fe3861a94e4db4a498a35872,0.0,blur,17626918,1688550828,0xd8790b35a8b5d4bc7f4211beae9888d156723a7515d93fb247ab73909aef73b0
Azuki,0xED5AF388653567Af2F388E6224dC7C4b3241C544,9500,0x5f1ee29361206f1a129e808736f11598356c6031,0x020ca66c30bec2c4fe3861a94e4db4a498a35872,0.0,blur,17626918,1688550828,0xd8790b35a8b5d4bc7f4211beae9888d156723a7515d93fb247ab73909aef73b0
Azuki,0xED5AF388653567Af2F388E6224dC7C4b3241C544,9753,0x07ad1de52aedec43f2bd0bc0205de8d2cac04d2e,0x020ca66c30bec2c4fe3861a94e4db4a498a35872,0.0,blur,17626918,1688550828,0xd8790b35a8b5d4bc7f4211beae9888d156723a7515d93fb247ab73909aef73b0
Azuki,0xED5AF388653567Af2F388E6224dC7C4b3241C544,5375,0x0ce32775570ac566ce1a4c20dedfe854710e5412,0x8384002e0446d58d60e7922ac224e05f08d47c72,0.0,blur,17626823,1688549675,0xcdbba1df8952d697ff3b76ae690de74c2615040fc89b9d36287fe73c36ffa4d4
Azuki,0xED5AF388653567Af2F388E6224dC7C4b3241C544,6356,0x8a4b4bd8c5e842eecb2681b99dc5c25b8eb11710,0x127ecf853f7c0d59e415a28354e482fd41604b4f,7.249,blur,17626780,1688549153,0x89be599028a98df5b315e13ddba93c28bd7ceadc58b6169507dffb0de7860c44
Azuki,0xED5AF388653567Af2F388E6224dC7C4b3241C544,4057,0x29469395eaf6f95920e59f858042f0e28d98a20b,0xd1aaf6e5785231398c082532da1a0df15e44cb5c,7.17,blur,17626744,1688548717,0x70164ce48f68ba3f97068c545ff6c0366d4d86bd6e05cca9c4c161cc98e0713f
Azuki,0xED5AF388653567Af2F388E6224dC7C4b3241C544,2668,0xa1313a9d6ab08d24e03c2251817b72676df4c3bb,0x336f6beca25aed6bc4b4f9e6ef5b3eb415aeca67,8.0,blur,17626682,1688547964,0xd88d27b4e43a9e2c7b751ef5a716e3225add72bba350dc4b6abb7dc0eefdf88f
Azuki,0xED5AF388653567Af2F388E6224dC7C4b3241C544,3903,0x29469395eaf6f95920e59f858042f0e28d98a20b,0x819ddd47170d645de9f4e39efb1dc73251e3f39a,7.17,blur,17626557,1688546447,0xd4af4d420ac619c7bd452da41da826aa26ce8a4331ffa3f1cc9318140625a086
Azuki,0xED5AF388653567Af2F388E6224dC7C4b3241C544,1601,0x020ca66c30bec2c4fe3861a94e4db4a498a35872,0x29469395eaf6f95920e59f858042f0e28d98a20b,0.0,blur,17626434,1688544955,0x8e529e1d3a792b8b1e719b2cd6fee8e9e9cc50847ca53b6ea6600a3c3a0b6997
Azuki,0xED5AF388653567Af2F388E6224dC7C4b3241C544,9753,0x020ca66c30bec2c4fe3861a94e4db4a498a35872,0x29469395eaf6f95920e59f858042f0e28d98a20b,0.0,blur,17626431,1688544918,0x7b34e38366e1ce76f94b651bb963a58f4ae365a6410dbaf8100fa99c064c9f45
Azuki,0xED5AF388653567Af2F388E6224dC7C4b3241C544,9442,0x020ca66c30bec2c4fe3861a94e4db4a498a35872,0x29469395eaf6f95920e59f858042f0e28d98a20b,0.0,blur,17626431,1688544918,0xb32120ff256434ab0279815f0824928bee7d64a1b92bba644960650a8415bc15
Azuki,0xED5AF388653567Af2F388E6224dC7C4b3241C544,4532,0xad091229354420fce427cf84de20884db20082d4,0x677f828b252e02e7050e7ddb43655caea1cb1f7e,0.0,blur,17626428,1688544882,0x924f0fbd2a2558f33592ea8a8fc5c6be603ab5a6ac9da41689f5d335965aee40
Azuki,0xED5AF388653567Af2F388E6224dC7C4b3241C544,2583,0x020ca66c30bec2c4fe3861a94e4db4a498a35872,0x677f828b252e02e7050e7ddb43655caea1cb1f7e,0.0,blur,17626428,1688544882,0x924f0fbd2a2558f33592ea8a8fc5c6be603ab5a6ac9da41689f5d335965aee40
Azuki,0xED5AF388653567Af2F388E6224dC7C4b3241C544,7480,0xad091229354420fce427cf84de20884db20082d4,0x29469395eaf6f95920e59f858042f0e28d98a20b,0.0,blur,17626425,1688544846,0x3d7e03d48dbdb03c2f36c097e718aa239df64b0337e509a0f1890b5108218d6c
Azuki,0xED5AF388653567Af2F388E6224dC7C4b3241C544,1094,0xc92b2d2dfd0083aaa38ff07d543e2b3a937edcd4,0x29469395eaf6f95920e59f858042f0e28d98a20b,0.0,blur,17626422,1688544809,0xd78102c34cfe1f4c317b18fc832a0a8c287da3d52e65a834e3e971aa809f3a08
Azuki,0xED5AF388653567Af2F388E6224dC7C4b3241C544,9602,0xe66e39343d48af67fb1679697fca58b08b638459,0xde9b4206b1499e56e4417f8edb7be4586fed30ba,7.25,blur,17626288,1688543183,0x6cfaab52bde32a99eeca7e3aed4caa1ce511a47b4c7b6ab66a94afddfb74963a
Azuki,0xED5AF388653567Af2F388E6224dC7C4b3241C544,4474,0xde05af3bea134c57edc9682be9ac5874baef056a,0xa3d276fac48a55dff8e559a7e1ec5f09918eb166,7.39,blur,17626242,1688542625,0x8ffea19d4906c238e23344a0f9493c8be967e94b2458ebe81543ec30b1b82cd2
Azuki,0xED5AF388653567Af2F388E6224dC7C4b3241C544,9077,0x7ee9c455e595ace60bbc308f005706c35565a18f,0x2244deba8c0e788a60b30b805ff970e082bdbc5a,7.428,blur,17626063,1688540453,0x85f6a6f8e768a14c3af4f9c6c3305b91dd8980cc39b6170cadc9d097e0de783d
Azuki,0xED5AF388653567Af2F388E6224dC7C4b3241C544,2448,0x29469395eaf6f95920e59f858042f0e28d98a20b,0xeeb6a5439d0cc97f7504a21cafb24e598dd692f3,7.6,blur,17625925,1688538778,0xd57e892009bd77c76c1ec523f69fe0e7e4c859e8b9dd30c1d564814868eb1c83
Azuki,0xED5AF388653567Af2F388E6224dC7C4b3241C544,3273,0x020ca66c30bec2c4fe3861a94e4db4a498a35872,0x29469395eaf6f95920e59f858042f0e28d98a20b,0.0,blur,17625906,1688538548,0xeaf6f839be2a16f21901d52214c6322d4fa249577e434a4e53897ff89a390fda
Azuki,0xED5AF388653567Af2F388E6224dC7C4b3241C544,1094,0x385ce35599ae5e6f0eaf0f69841fffa9f41acdd5,0x28f597801cbe0c7ad1890807ef5c539fc002476a,0.0,blur,17625903,1688538511,0x97584e1f98b3bc174ad47cee52bcdbd7e142ccae221354fa31a94b06c631673b
Azuki,0xED5AF388653567Af2F388E6224dC7C4b3241C544,3863,0xedf414140a94bd5d8e3ba63a7abcf5bee73bcb32,0x29469395eaf6f95920e59f858042f0e28d98a20b,0.0,blur,17625901,1688538487,0x2196a9a0f5f6d91594bfdd49a9a9cdd9523c3170607c92ea4020bda53c057f78
Azuki,0xED5AF388653567Af2F388E6224dC7C4b3241C544,9271,0xa19663ef5587716c357f42bc8217f9e60bc7cc02,0x142668dc89e7e69ce985643ad3759fa8c518a884,0.0,blur,17625899,1688538463,0xea7799f863a8085d7bb529255dc6ba3c8241c9fb52d603e1c2257daec8d946f3
Azuki,0xED5AF388653567Af2F388E6224dC7C4b3241C544,4168,0x51ae51ea0cea748c6dce1bebc50de352345fc822,0x142668dc89e7e69ce985643ad3759fa8c518a884,0.0,blur,17625899,1688538463,0xea7799f863a8085d7bb529255dc6ba3c8241c9fb52d603e1c2257daec8d946f3
Azuki,0xED5AF388653567Af2F388E6224dC7C4b3241C544,2891,0x0097b9cfe64455eed479292671a1121f502bc954,0x142668dc89e7e69ce985643ad3759fa8c518a884,0.0,blur,17625899,1688538463,0xea7799f863a8085d7bb529255dc6ba3c8241c9fb52d603e1c2257daec8d946f3
Azuki,0xED5AF388653567Af2F388E6224dC7C4b3241C544,7480,0x77e3e957082ca648c1c5b0f3e6aec00ab1245186,0x29469395eaf6f95920e59f858042f0e28d98a20b,0.0,blur,17625897,1688538439,0x368b88f69136ef8420459e898bd718dea8902a95b993356c186fcb6206f82c5b
Azuki,0xED5AF388653567Af2F388E6224dC7C4b3241C544,4132,0x014edb29c6dae24c665f7ba4be5fbf4a0b07077b,0x29469395eaf6f95920e59f858042f0e28d98a20b,0.0,blur,17625891,1688538366,0xdbbe168e6c493462a64a7824c9437bc4d747f77c66bd4fdf7e6f1c0c1ce0eb7e
Azuki,0xED5AF388653567Af2F388E6224dC7C4b3241C544,1281,0xfc4f091dc7dd300375c8a6315dd146c9592ab966,0xa1313a9d6ab08d24e03c2251817b72676df4c3bb,13.0,x2y2,17625843,1688537783,0x7f3e79b30cba8e29411130c08c837be1489671a8a7905f98453cc5923be1c586
Azuki,0xED5AF388653567Af2F388E6224dC7C4b3241C544,6425,0x08f6e6110db6b45280a60b36f643ce167c22c088,0x0097b9cfe64455eed479292671a1121f502bc954,7.9899,seaport,17625828,1688537601,0xdeea85e430179cb911f3ef2a3d70336811639c7c98c5e2ade0ee26f4c641102c
Azuki,0xED5AF388653567Af2F388E6224dC7C4b3241C544,494,0x07ad1de52aedec43f2bd0bc0205de8d2cac04d2e,0x29469395eaf6f95920e59f858042f0e28d98a20b,0.0,blur,17625784,1688537067,0x3dbe529d205f472a004a55dbea6158bf4079251635aa341538ed34c4be7733b6
Azuki,0xED5AF388653567Af2F388E6224dC7C4b3241C544,5447,0xc4da1707a7a16cf4ac15d75d6a49a684b23ee1e4,0xe66e39343d48af67fb1679697fca58b08b638459,14.5,x2y2,17625702,1688536072,0x9e615f698fb513e455c87d6ac19edaa544d6b80afd16aff12142ef215c005a43
Azuki,0xED5AF388653567Af2F388E6224dC7C4b3241C544,3734,0xa4e227aa97a10276b011c7e7b5a5ea5d96ba3b1e,0x142668dc89e7e69ce985643ad3759fa8c518a884,7.219,seaport,17625655,1688535502,0x4b9993038d79b7a836147a5de000d5291ef95d77c3eea550faaa8991989b0d4b
Azuki,0xED5AF388653567Af2F388E6224dC7C4b3241C544,2949,0x47d4da26ecb6bfa2d76b2b92794ffb67fb6f9165,0xe9d18d96b8f27c9a37d8f18199bc45546774f985,0.0,blur,17625550,1688534228,0x6b576c8678243247cb940304cdfa1979fe39a23af464abd49f0e148bb05ddcfd
Azuki,0xED5AF388653567Af2F388E6224dC7C4b3241C544,6075,0xc92b2d2dfd0083aaa38ff07d543e2b3a937edcd4,0x29469395eaf6f95920e59f858042f0e28d98a20b,0.0,blur,17625548,1688534203,0x32601c0860371aab08322af514712b25ea1231aadc03f4300e67356a95638103
Azuki,0xED5AF388653567Af2F388E6224dC7C4b3241C544,3063,0x39da41747a83aee658334415666f3ef92dd0d541,0x97c7d94d01bcbc41b80ef7cc8c5bebc3d11c6a20,7.89,blur,17625382,1688532189,0x56dfc343a94adeb328ad4ae88bda1b2c572e03e88b190a9277cc7f3f0b9f2c12
Azuki,0xED5AF388653567Af2F388E6224dC7C4b3241C544,4312,0x29469395eaf6f95920e59f858042f0e28d98a20b,0x90b74ef7bc1975bcb1c67450c7b1575922b67e54,7.1256,blur,17625354,1688531849,0x21c9f901f5ef22ef9c3c6770c5fbdf1e490ba64c7911cea2c1ab89438e523af5
Azuki,0xED5AF388653567Af2F388E6224dC7C4b3241C544,9360,0x2f37bc8f62d1e43e2d30a6ea6bdd73102ddfb613,0xec4bba9c84e57b8abfb61bb9365008e4ca2c9fa7,7.145,blur,17625345,1688531740,0x1cd0e1227087aea45600886ce70aa1e19de39393a1e91ebefa3b9370d868c985
Azuki,0xED5AF388653567Af2F388E6224dC7C4b3241C544,9337,0xde4d4c88e973207c7205f9410a57b1dfa6226ab7,0x94e9d73a2aeec807d85756b84759965b41866450,8.05,x2y2,17625203,1688530017,0x2b2ff3fbe84f45ba2a4c7be06d7de879b21198b99d9cc31bc533496edf3b9de7
Azuki,0xED5AF388653567Af2F388E6224dC7C4b3241C544,905,0xc301ccb76e60279bd223f25198be3c7239304246,0xc783a9d620142732248d06247ff75d8771be5a1a,7.069,blur,17624975,1688527250,0x50b0f6b2e5f56b49d768452cb2c9fd751633e2486facd94fdeabc81faa043003
Azuki,0xED5AF388653567Af2F388E6224dC7C4b3241C544,2949,0xe9d18d96b8f27c9a37d8f18199bc45546774f985,0x29469395eaf6f95920e59f858042f0e28d98a20b,0.0,blur,17624923,1688526619,0x909708a0cee814ed9bfdb6e576b0980e35431cc411b46b87d35684b6a4d88674
Azuki,0xED5AF388653567Af2F388E6224dC7C4b3241C544,975,0xcbb0fe555f61d23427740984325b4583a4a34c82,0x29469395eaf6f95920e59f858042f0e28d98a20b,0.0,blur,17624918,1688526559,0x7f743e467c10c4037881e8814c55d9a57a2352e6b80d6ba96a50ba179c522b48
Azuki,0xED5AF388653567Af2F388E6224dC7C4b3241C544,1601,0xc92b2d2dfd0083aaa38ff07d543e2b3a937edcd4,0x29469395eaf6f95920e59f858042f0e28d98a20b,0.0,blur,17624918,1688526559,0xd3081e212a4a07c8b8ddd7599b2123c4c82a839e1fc9a6f5da7875be1bd3162e
Azuki,0xED5AF388653567Af2F388E6224dC7C4b3241C544,6185,0x828702fc0c977f0b347c998c107df77618f85e87,0x6f1a4be1ddbdffa8025c3536b027af0f66569b94,7.06515,blur,17624869,1688525964,0x48e863c231a24ec094a234da321c40770c0068ac09875df3b2f67cb59112fed2
Azuki,0xED5AF388653567Af2F388E6224dC7C4b3241C544,7900,0xff30187716e4c84a17008df4064f31323ca6ebc9,0xcc1c42c3a917a1f48b3d022104e7538abd0f081d,7.99,blur,17624834,1688525539,0xb137b28d0d605b2ddf825316fec2c7b47b47482bed6945ace48a37f51b058c76
Azuki,0xED5AF388653567Af2F388E6224dC7C4b3241C544,9338,0x9bd03673f9f3db5037cd839e96675b047eed143f,0x29469395eaf6f95920e59f858042f0e28d98a20b,0.0,blur,17624785,1688524945,0x92eea04ab8882bf6b79807b5465ae51cfebee5380928348b9cc45b2469fb8c44
Azuki,0xED5AF388653567Af2F388E6224dC7C4b3241C544,6680,0xf532920bb32122d6475ad4cc7634dc3a69631902,0x020ca66c30bec2c4fe3861a94e4db4a498a35872,0.0,blur,17624764,1688524690,0x7e899799c792e528dfec90ba6618cc553a5ef7ab7a379534e6ac1cad6e4f5369
Azuki,0xED5AF388653567Af2F388E6224dC7C4b3241C544,654,0xf532920bb32122d6475ad4cc7634dc3a69631902,0x020ca66c30bec2c4fe3861a94e4db4a498a35872,0.0,blur,17624764,1688524690,0x7e899799c792e528dfec90ba6618cc553a5ef7ab7a379534e6ac1cad6e4f5369
Azuki,0xED5AF388653567Af2F388E6224dC7C4b3241C544,6651,0xf532920bb32122d6475ad4cc7634dc3a69631902,0x020ca66c30bec2c4fe3861a94e4db4a498a35872,0.0,blur,17624764,1688524690,0x7e899799c792e528dfec90ba6618cc553a5ef7ab7a379534e6ac1cad6e4f5369
Azuki,0xED5AF388653567Af2F388E6224dC7C4b3241C544,6513,0xf532920bb32122d6475ad4cc7634dc3a69631902,0x020ca66c30bec2c4fe3861a94e4db4a498a35872,0.0,blur,17624764,1688524690,0x7e899799c792e528dfec90ba6618cc553a5ef7ab7a379534e6ac1cad6e4f5369
Azuki,0xED5AF388653567Af2F388E6224dC7C4b3241C544,6387,0xf532920bb32122d6475ad4cc7634dc3a69631902,0x020ca66c30bec2c4fe3861a94e4db4a498a35872,0.0,blur,17624764,1688524690,0x7e899799c792e528dfec90ba6618cc553a5ef7ab7a379534e6ac1cad6e4f5369
Azuki,0xED5AF388653567Af2F388E6224dC7C4b3241C544,6227,0xa15b668b95fe5ea740da21db69947ac8bb400c51,0x020ca66c30bec2c4fe3861a94e4db4a498a35872,0.0,blur,17624764,1688524690,0x7e899799c792e528dfec90ba6618cc553a5ef7ab7a379534e6ac1cad6e4f5369
Azuki,0xED5AF388653567Af2F388E6224dC7C4b3241C544,6185,0x6f1a4be1ddbdffa8025c3536b027af0f66569b94,0x020ca66c30bec2c4fe3861a94e4db4a498a35872,0.0,blur,17624764,1688524690,0x7e899799c792e528dfec90ba6618cc553a5ef7ab7a379534e6ac1cad6e4f5369
Azuki,0xED5AF388653567Af2F388E6224dC7C4b3241C544,6180,0xba2039974a2e088344b4dc804da8ef88ae00edd9,0x020ca66c30bec2c4fe3861a94e4db4a498a35872,0.0,blur,17624764,1688524690,0x7e899799c792e528dfec90ba6618cc553a5ef7ab7a379534e6ac1cad6e4f5369
Azuki,0xED5AF388653567Af2F388E6224dC7C4b3241C544,6158,0xba2039974a2e088344b4dc804da8ef88ae00edd9,0x020ca66c30bec2c4fe3861a94e4db4a498a35872,0.0,blur,17624764,1688524690,0x7e899799c792e528dfec90ba6618cc553a5ef7ab7a379534e6ac1cad6e4f5369
Azuki,0xED5AF388653567Af2F388E6224dC7C4b3241C544,6075,0xba2039974a2e088344b4dc804da8ef88ae00edd9,0x020ca66c30bec2c4fe3861a94e4db4a498a35872,0.0,blur,17624764,1688524690,0x7e899799c792e528dfec90ba6618cc553a5ef7ab7a379534e6ac1cad6e4f5369
Azuki,0xED5AF388653567Af2F388E6224dC7C4b3241C544,5965,0xcbb0fe555f61d23427740984325b4583a4a34c82,0x020ca66c30bec2c4fe3861a94e4db4a498a35872,0.0,blur,17624764,1688524690,0x7e899799c792e528dfec90ba6618cc553a5ef7ab7a379534e6ac1cad6e4f5369
Azuki,0xED5AF388653567Af2F388E6224dC7C4b3241C544,5937,0xcbb0fe555f61d23427740984325b4583a4a34c82,0x020ca66c30bec2c4fe3861a94e4db4a498a35872,0.0,blur,17624764,1688524690,0x7e899799c792e528dfec90ba6618cc553a5ef7ab7a379534e6ac1cad6e4f5369
Azuki,0xED5AF388653567Af2F388E6224dC7C4b3241C544,5770,0x398abecc8702a78878b3fbe8ee154c625d4ead03,0x020ca66c30bec2c4fe3861a94e4db4a498a35872,0.0,blur,17624764,1688524690,0x7e899799c792e528dfec90ba6618cc553a5ef7ab7a379534e6ac1cad6e4f5369
Azuki,0xED5AF388653567Af2F388E6224dC7C4b3241C544,5754,0xad091229354420fce427cf84de20884db20082d4,0x020ca66c30bec2c4fe3861a94e4db4a498a35872,0.0,blur,17624764,1688524690,0x7e899799c792e528dfec90ba6618cc553a5ef7ab7a379534e6ac1cad6e4f5369
Azuki,0xED5AF388653567Af2F388E6224dC7C4b3241C544,548,0xad091229354420fce427cf84de20884db20082d4,0x020ca66c30bec2c4fe3861a94e4db4a498a35872,0.0,blur,17624764,1688524690,0x7e899799c792e528dfec90ba6618cc553a5ef7ab7a379534e6ac1cad6e4f5369
Azuki,0xED5AF388653567Af2F388E6224dC7C4b3241C544,5661,0x73d30ba3dc4ffd17c28cc2d75d12e50df98f29cf,0x020ca66c30bec2c4fe3861a94e4db4a498a35872,0.0,blur,17624764,1688524690,0x7e899799c792e528dfec90ba6618cc553a5ef7ab7a379534e6ac1cad6e4f5369
Azuki,0xED5AF388653567Af2F388E6224dC7C4b3241C544,5375,0x9bd03673f9f3db5037cd839e96675b047eed143f,0x020ca66c30bec2c4fe3861a94e4db4a498a35872,0.0,blur,17624764,1688524690,0x7e899799c792e528dfec90ba6618cc553a5ef7ab7a379534e6ac1cad6e4f5369
Azuki,0xED5AF388653567Af2F388E6224dC7C4b3241C544,5023,0x700996c10aa31f0ff0589cef450e226e66d3f977,0x020ca66c30bec2c4fe3861a94e4db4a498a35872,0.0,blur,17624764,1688524690,0x7e899799c792e528dfec90ba6618cc553a5ef7ab7a379534e6ac1cad6e4f5369
Azuki,0xED5AF388653567Af2F388E6224dC7C4b3241C544,5027,0xedf414140a94bd5d8e3ba63a7abcf5bee73bcb32,0x020ca66c30bec2c4fe3861a94e4db4a498a35872,0.0,blur,17624764,1688524690,0x7e899799c792e528dfec90ba6618cc553a5ef7ab7a379534e6ac1cad6e4f5369
Azuki,0xED5AF388653567Af2F388E6224dC7C4b3241C544,5090,0x9bd03673f9f3db5037cd839e96675b047eed143f,0x020ca66c30bec2c4fe3861a94e4db4a498a35872,0.0,blur,17624764,1688524690,0x7e899799c792e528dfec90ba6618cc553a5ef7ab7a379534e6ac1cad6e4f5369
Azuki,0xED5AF388653567Af2F388E6224dC7C4b3241C544,611,0x672c7521174aaad41303d37a921abddbde913615,0x0097b9cfe64455eed479292671a1121f502bc954,7.788,seaport,17624744,1688524447,0x7350359676f2f644d7238c0df690a60c21c433557890756142e50a5982f10d89
Azuki,0xED5AF388653567Af2F388E6224dC7C4b3241C544,3734,0x142668dc89e7e69ce985643ad3759fa8c518a884,0x29469395eaf6f95920e59f858042f0e28d98a20b,0.0,blur,17624727,1688524241,0x6be02f8804d3109988c0982a31c8ac93f9b9c784512efbaa06aec10952fbffa3
Azuki,0xED5AF388653567Af2F388E6224dC7C4b3241C544,7531,0xfa0e027fcb7ce300879f3729432cd505826eaabc,0x29469395eaf6f95920e59f858042f0e28d98a20b,0.0,blur,17624725,1688524217,0x92eea3fe9925724e004a8b3156a0595ade83d19eb96bb94c84860bd58bd03218
Azuki,0xED5AF388653567Af2F388E6224dC7C4b3241C544,4312,0x90b74ef7bc1975bcb1c67450c7b1575922b67e54,0x29469395eaf6f95920e59f858042f0e28d98a20b,0.0,blur,17624724,1688524204,0x2b8e5d46e1732f91853561bd449fde23ce68830e6a1f30f73826300c14043139
Azuki,0xED5AF388653567Af2F388E6224dC7C4b3241C544,7993,0x29469395eaf6f95920e59f858042f0e28d98a20b,0x127ecf853f7c0d59e415a28354e482fd41604b4f,7.249,blur,17624665,1688523489,0xdc4748d5a15cbc09a30a71f5358c5570dc21fb4ffa6909a40ce2fc1836e43ae1
Azuki,0xED5AF388653567Af2F388E6224dC7C4b3241C544,6636,0xec623f380fc15993d47dab43bb9109469491a0cd,0x142668dc89e7e69ce985643ad3759fa8c518a884,7.246,blur,17624654,1688523355,0xf95f2523486cdd9f7e63b4f73c2bdd74f8c0bc768b00cfe35ddb1b8461be4f89
Azuki,0xED5AF388653567Af2F388E6224dC7C4b3241C544,2505,0x29469395eaf6f95920e59f858042f0e28d98a20b,0x3ecc6f5df05e82524c3d424fe231211fd70ad9f2,7.248,blur,17624646,1688523258,0xa43b984ce8f58371d83122422b64724339365acb21edf5d387d4a333a4794b56
Azuki,0xED5AF388653567Af2F388E6224dC7C4b3241C544,9939,0xf532920bb32122d6475ad4cc7634dc3a69631902,0x31b9f00bfc6f59cf1a46fe3711cfb858413ccc17,7.2,blur,17624606,1688522773,0xabb546042b8c9e6f4d5fcf2a7dd7e230b0a51b2fdfe72a0fd7a048500ee8b1da
Azuki,0xED5AF388653567Af2F388E6224dC7C4b3241C544,6786,0xe80258c905de169eebf99bbe94188a2e19442b43,0x61219d19b588f008a9d58dea7ce0221c0d862e4c,7.88,seaport,17624563,1688522251,0xd86a0692542738c682074753b2b823d5466b2ae8ec5c160cf725e0ed1ce6e3ee
Azuki,0xED5AF388653567Af2F388E6224dC7C4b3241C544,3375,0x29469395eaf6f95920e59f858042f0e28d98a20b,0x700996c10aa31f0ff0589cef450e226e66d3f977,7.0289,blur,17624557,1688522178,0xb482ace770cdc4df7f9b48e0a8e9f89687ba7ba540e67f9fd68afcf1b2b3c54f
Azuki,0xED5AF388653567Af2F388E6224dC7C4b3241C544,2258,0x29469395eaf6f95920e59f858042f0e28d98a20b,0xf86aaeb9a6a8bba1e2c4317e771e1ca044449799,7.03,blur,17624556,1688522166,0xb24d381a73bb98581dce1e00606f6c4f0da633c2efe93ffcfc584da1060e85e2
Azuki,0xED5AF388653567Af2F388E6224dC7C4b3241C544,7172,0x6e259c4894e8a6a1c2fd7442ea942afc77f074bc,0xf146122d6e1fc1d5d2b6c8c2a9c9768f8a2da9f1,7.02,blur,17624331,1688519435,0x741f24ed66c100fccfafebc34b6d3d7639cc9fd5af4c96f854079884a946d75b
Azuki,0xED5AF388653567Af2F388E6224dC7C4b3241C544,7137,0xcbb0fe555f61d23427740984325b4583a4a34c82,0x0459f2b0d1fc7394e4ec12d28147e6a086cf26e7,0.0,blur,17624252,1688518477,0xde478fdb79b6835b7d1178554d215d9f7988f2a0333c7beb295b1c50f719c6ed
Azuki,0xED5AF388653567Af2F388E6224dC7C4b3241C544,611,0x0097b9cfe64455eed479292671a1121f502bc954,0x29469395eaf6f95920e59f858042f0e28d98a20b,0.0,blur,17624178,1688517579,0x74f05572a567fde86d98242ef1138eb34a94ef322453a14cce457120ec837e36
Azuki,0xED5AF388653567Af2F388E6224dC7C4b3241C544,6547,0x020ca66c30bec2c4fe3861a94e4db4a498a35872,0x29469395eaf6f95920e59f858042f0e28d98a20b,0.0,blur,17623988,1688515273,0x1424827a898af7ff1b93ea186b7d0f5914830104e95fa6a89b232cbcb41418a1
Azuki,0xED5AF388653567Af2F388E6224dC7C4b3241C544,288,0x1919db36ca2fa2e15f9000fd9cdc2edcf863e685,0x29469395eaf6f95920e59f858042f0e28d98a20b,0.0,blur,17623980,1688515176,0x80ff08964e336db40506b770019f54c379c5386a5fb35b246d0c0b5bfced97e7
Azuki,0xED5AF388653567Af2F388E6224dC7C4b3241C544,3801,0xf15d42021375ee0781ec7dc6446ef3dd1a88dd1f,0x142668dc89e7e69ce985643ad3759fa8c518a884,7.099,seaport,17623980,1688515176,0x4e31408de71aa5100e27bd364b0d6899477ce7db793b3d6e494330a16330983d
Azuki,0xED5AF388653567Af2F388E6224dC7C4b3241C544,3123,0x020ca66c30bec2c4fe3861a94e4db4a498a35872,0x29469395eaf6f95920e59f858042f0e28d98a20b,0.0,blur,17623979,1688515164,0x7c75d3d3e2c78d54de84197c6ba8d8e73c7fd1e57518387d732eb195fd5addbd
Azuki,0xED5AF388653567Af2F388E6224dC7C4b3241C544,1257,0x020ca66c30bec2c4fe3861a94e4db4a498a35872,0x29469395eaf6f95920e59f858042f0e28d98a20b,0.0,blur,17623978,1688515152,0xfa160f30834cc8040bc540b7455928ba065601b9061cd9024eb181081910e1b6
Azuki,0xED5AF388653567Af2F388E6224dC7C4b3241C544,4246,0x020ca66c30bec2c4fe3861a94e4db4a498a35872,0xcf2fd96a6a1d4c493818347270a4082fd3f3c1d9,0.0,blur,17623957,1688514897,0x95ba7bd690922fddfb0a48246687d399d567d002ba617b32c5a9a42db2ff8345
Azuki,0xED5AF388653567Af2F388E6224dC7C4b3241C544,9378,0x020ca66c30bec2c4fe3861a94e4db4a498a35872,0x29469395eaf6f95920e59f858042f0e28d98a20b,0.0,blur,17623953,1688514849,0x5fd18f062b8a2e602f1fa7371d6b448260266687be02ac91ec758ba995167348
Azuki,0xED5AF388653567Af2F388E6224dC7C4b3241C544,3863,0xfa0e027fcb7ce300879f3729432cd505826eaabc,0x29469395eaf6f95920e59f858042f0e28d98a20b,0.0,blur,17623948,1688514788,0xdaa198011ed333b70cf6bf1c6c73015c22eab589bc691438dc0d8d6f0b2ef323
Azuki,0xED5AF388653567Af2F388E6224dC7C4b3241C544,2258,0xf86aaeb9a6a8bba1e2c4317e771e1ca044449799,0x29469395eaf6f95920e59f858042f0e28d98a20b,0.0,blur,17623946,1688514764,0x7498de8ed9add76510d72206605a3f524add92ab98ebec4bc984bd37225c1b1a
Azuki,0xED5AF388653567Af2F388E6224dC7C4b3241C544,9665,0xc4da1707a7a16cf4ac15d75d6a49a684b23ee1e4,0x29469395eaf6f95920e59f858042f0e28d98a20b,0.0,blur,17623945,1688514751,0xa4d667b4deacaf08fe5807a8bacba73f69f5aa151923af708785e8dc11376d19
Azuki,0xED5AF388653567Af2F388E6224dC7C4b3241C544,9442,0xad091229354420fce427cf84de20884db20082d4,0x29469395eaf6f95920e59f858042f0e28d98a20b,0.0,blur,17623945,1688514751,0x2239f68eab426eed0716643e534bda3b7d975595f14f5ffc20f0ce38591b2542
Azuki,0xED5AF388653567Af2F388E6224dC7C4b3241C544,9792,0xad091229354420fce427cf84de20884db20082d4,0x29469395eaf6f95920e59f858042f0e28d98a20b,0.0,blur,17623944,1688514739,0xb124646328b903f131f4f2fa15d444a0cd84464a318056678feb23e89a0c91b1
Azuki,0xED5AF388653567Af2F388E6224dC7C4b3241C544,3696,0xa099ec99966fa615c29b1ec56ce403fe655bca40,0x29469395eaf6f95920e59f858042f0e28d98a20b,0.0,blur,17623943,1688514727,0x9fc1ee38ae451bed251ddcf70975be72aec95c343b743351a6f8c28ed05f2a11
Azuki,0xED5AF388653567Af2F388E6224dC7C4b3241C544,3375,0x700996c10aa31f0ff0589cef450e226e66d3f977,0x29469395eaf6f95920e59f858042f0e28d98a20b,0.0,blur,17623943,1688514727,0x8f30b22577d8d9a5f199bbcc2a5d48bc6dee7c6a25c3954b65d03515bdbc8d2b
Azuki,0xED5AF388653567Af2F388E6224dC7C4b3241C544,3079,0x68663fb06b6e718e7026aa1c2ddbc4e97ccd6c5c,0x29469395eaf6f95920e59f858042f0e28d98a20b,0.0,blur,17623942,1688514715,0x249166ec7fe914dad9f4859f4a99b5e2a9f65c8dc6eac3089dba26f8ae4eed78
Azuki,0xED5AF388653567Af2F388E6224dC7C4b3241C544,2949,0x398abecc8702a78878b3fbe8ee154c625d4ead03,0x29469395eaf6f95920e59f858042f0e28d98a20b,0.0,blur,17623941,1688514703,0x43593194f991ff33176cded6a9356cc8cd8790211b8e191593dff8aeffd00b5a
Azuki,0xED5AF388653567Af2F388E6224dC7C4b3241C544,1601,0x1919db36ca2fa2e15f9000fd9cdc2edcf863e685,0x29469395eaf6f95920e59f858042f0e28d98a20b,0.0,blur,17623941,1688514703,0x659e3e23894939bdc5784c6d3953f5efc6876d4d4bfadce068a0929e5bfa1db1
Azuki,0xED5AF388653567Af2F388E6224dC7C4b3241C544,2891,0x142668dc89e7e69ce985643ad3759fa8c518a884,0x29469395eaf6f95920e59f858042f0e28d98a20b,0.0,blur,17623941,1688514703,0x9df9ec350b2973effe7c32fe0fd96b278b75ab28a2a8ad9913ca541daeba0206
Azuki,0xED5AF388653567Af2F388E6224dC7C4b3241C544,3801,0x142668dc89e7e69ce985643ad3759fa8c518a884,0x29469395eaf6f95920e59f858042f0e28d98a20b,0.0,blur,17623830,1688513356,0xb8c8cb9d3c71fc6c0dc91889462f2baee22fe3bc0025c92c65c444e0b549772b
Azuki,0xED5AF388653567Af2F388E6224dC7C4b3241C544,4968,0x0b3be3ee356ce386592f6a944ce9dfc81d8081f8,0xb77853052debe5f4bee3807a9d418ff844595884,7.0,x2y2,17623829,1688513344,0xa93b9aaf5c8785ee289d12521b3b316e4554a2199e4fac5ecebce843116f21ae
Azuki,0xED5AF388653567Af2F388E6224dC7C4b3241C544,7978,0x5e2eabfaddf49615f84734724b77eeeebc5ebd71,0x4cb35baaa6fe5dec74bfb02a82c653b60aa8042e,7.036,blur,17623719,1688512009,0x73e6c85eca95ceeed6ab8b07928eabbafb0aaf8e2dd4fe7bd3528622c2ae6fed
Azuki,0xED5AF388653567Af2F388E6224dC7C4b3241C544,3715,0x62e724226009de1edb66b8b8be841781aeb256de,0x0b3be3ee356ce386592f6a944ce9dfc81d8081f8,0.0,blur,17623677,1688511499,0xdb952fa4c7ca55569a3e24daaf7ba1397e91596816ab74700f9b17bf3427c32c
Azuki,0xED5AF388653567Af2F388E6224dC7C4b3241C544,4626,0x67ae7d2503078b6a9fad5326cc071b9b59246f7a,0xcf2fd96a6a1d4c493818347270a4082fd3f3c1d9,0.0,blur,17623573,1688510237,0xc08cd36eb4c349f3cfe15684b09c48e418e9d9043505f1334ecbbb9887ea17ab
Azuki,0xED5AF388653567Af2F388E6224dC7C4b3241C544,4168,0x142668dc89e7e69ce985643ad3759fa8c518a884,0x29469395eaf6f95920e59f858042f0e28d98a20b,0.0,blur,17623513,1688509509,0x3c30035cbad39c2de55ae879dae483a56e10721f2bbd1fc9aca5372fab739e16
Azuki,0xED5AF388653567Af2F388E6224dC7C4b3241C544,6636,0x142668dc89e7e69ce985643ad3759fa8c518a884,0x29469395eaf6f95920e59f858042f0e28d98a20b,0.0,blur,17623508,1688509449,0x95807eb6b9469495c5825830adadb70af5bc7665bf2730e19ca4c4a0f4d529d0
Azuki,0xED5AF388653567Af2F388E6224dC7C4b3241C544,4349,0xedf414140a94bd5d8e3ba63a7abcf5bee73bcb32,0x29469395eaf6f95920e59f858042f0e28d98a20b,0.0,blur,17623485,1688509170,0x12a5211822ccffdd457c6940c147f94832ba980526f14f93c28d446c7e7657b8
Azuki,0xED5AF388653567Af2F388E6224dC7C4b3241C544,4467,0x1919db36ca2fa2e15f9000fd9cdc2edcf863e685,0x29469395eaf6f95920e59f858042f0e28d98a20b,0.0,blur,17623483,1688509145,0xd7990be74848a6c5eb2a461ef77ad729919da6517b0709ce31877e3957b5337b
Azuki,0xED5AF388653567Af2F388E6224dC7C4b3241C544,5223,0x0fcbfc0a67985ee0803def22343ec4aeed02760e,0xa1313a9d6ab08d24e03c2251817b72676df4c3bb,13.0,blur,17623463,1688508903,0x5afa94b77da9e70a1c8e81d73835e3cdf6ae85c5ba14e95d8fee12ae437fba07
Azuki,0xED5AF388653567Af2F388E6224dC7C4b3241C544,5647,0x0fcbfc0a67985ee0803def22343ec4aeed02760e,0xf4e11cc7caae912afe33d22ea689d8d07ae6acfe,13.1563,blur,17623461,1688508878,0xf385048eee0c8154c7145861f0bed286d87f9208db048bdd1b4c6dd6ff9afb74
Azuki,0xED5AF388653567Af2F388E6224dC7C4b3241C544,3696,0xcbb0fe555f61d23427740984325b4583a4a34c82,0xec4bba9c84e57b8abfb61bb9365008e4ca2c9fa7,0.0,blur,17623458,1688508842,0x75b2f3797652077d966fb49f938a95f68ead21da5d7dbc2ff28c999398a1e3ba
Azuki,0xED5AF388653567Af2F388E6224dC7C4b3241C544,2107,0x020ca66c30bec2c4fe3861a94e4db4a498a35872,0x28f597801cbe0c7ad1890807ef5c539fc002476a,0.0,blur,17623454,1688508793,0xf8126940189c5cf6311a7b15c279f7f2d0f19305d456c1c88cd7f34eda2c0eaa
Azuki,0xED5AF388653567Af2F388E6224dC7C4b3241C544,4936,0x020ca66c30bec2c4fe3861a94e4db4a498a35872,0x28f597801cbe0c7ad1890807ef5c539fc002476a,0.0,blur,17623454,1688508793,0xf8126940189c5cf6311a7b15c279f7f2d0f19305d456c1c88cd7f34eda2c0eaa
Azuki,0xED5AF388653567Af2F388E6224dC7C4b3241C544,3375,0xcbb0fe555f61d23427740984325b4583a4a34c82,0x142668dc89e7e69ce985643ad3759fa8c518a884,0.0,blur,17623451,1688508757,0x4b08af65c8024c6165228e2f9fdf9d4c739f2ada17d31fc2af84bf5ef7733de3
Azuki,0xED5AF388653567Af2F388E6224dC7C4b3241C544,3079,0xcbb0fe555f61d23427740984325b4583a4a34c82,0x142668dc89e7e69ce985643ad3759fa8c518a884,0.0,blur,17623451,1688508757,0x4b08af65c8024c6165228e2f9fdf9d4c739f2ada17d31fc2af84bf5ef7733de3
Azuki,0xED5AF388653567Af2F388E6224dC7C4b3241C544,1257,0x9bd03673f9f3db5037cd839e96675b047eed143f,0x142668dc89e7e69ce985643ad3759fa8c518a884,0.0,blur,17623451,1688508757,0x4b08af65c8024c6165228e2f9fdf9d4c739f2ada17d31fc2af84bf5ef7733de3
Azuki,0xED5AF388653567Af2F388E6224dC7C4b3241C544,9030,0xdb3be154aeb741867196a918fa2bd5f704dc022a,0x020ca66c30bec2c4fe3861a94e4db4a498a35872,0.0,blur,17623449,1688508733,0x64fb6a2f50892e681c01915e27fa1512464c4e7f1b7f1c1c97f12036a12ce97d
Azuki,0xED5AF388653567Af2F388E6224dC7C4b3241C544,9077,0x1919db36ca2fa2e15f9000fd9cdc2edcf863e685,0x020ca66c30bec2c4fe3861a94e4db4a498a35872,0.0,blur,17623449,1688508733,0x64fb6a2f50892e681c01915e27fa1512464c4e7f1b7f1c1c97f12036a12ce97d
Azuki,0xED5AF388653567Af2F388E6224dC7C4b3241C544,911,0x1329d762e5e34e53a6c5e24bd15fa032482eb0f9,0x020ca66c30bec2c4fe3861a94e4db4a498a35872,0.0,blur,17623449,1688508733,0x64fb6a2f50892e681c01915e27fa1512464c4e7f1b7f1c1c97f12036a12ce97d
Azuki,0xED5AF388653567Af2F388E6224dC7C4b3241C544,9078,0x1329d762e5e34e53a6c5e24bd15fa032482eb0f9,0x020ca66c30bec2c4fe3861a94e4db4a498a35872,0.0,blur,17623449,1688508733,0x64fb6a2f50892e681c01915e27fa1512464c4e7f1b7f1c1c97f12036a12ce97d
Azuki,0xED5AF388653567Af2F388E6224dC7C4b3241C544,9360,0x1329d762e5e34e53a6c5e24bd15fa032482eb0f9,0x020ca66c30bec2c4fe3861a94e4db4a498a35872,0.0,blur,17623449,1688508733,0x64fb6a2f50892e681c01915e27fa1512464c4e7f1b7f1c1c97f12036a12ce97d
Azuki,0xED5AF388653567Af2F388E6224dC7C4b3241C544,9275,0x1329d762e5e34e53a6c5e24bd15fa032482eb0f9,0x020ca66c30bec2c4fe3861a94e4db4a498a35872,0.0,blur,17623449,1688508733,0x64fb6a2f50892e681c01915e27fa1512464c4e7f1b7f1c1c97f12036a12ce97d
Azuki,0xED5AF388653567Af2F388E6224dC7C4b3241C544,9338,0x1329d762e5e34e53a6c5e24bd15fa032482eb0f9,0x020ca66c30bec2c4fe3861a94e4db4a498a35872,0.0,blur,17623449,1688508733,0x64fb6a2f50892e681c01915e27fa1512464c4e7f1b7f1c1c97f12036a12ce97d
Azuki,0xED5AF388653567Af2F388E6224dC7C4b3241C544,9602,0x1329d762e5e34e53a6c5e24bd15fa032482eb0f9,0x020ca66c30bec2c4fe3861a94e4db4a498a35872,0.0,blur,17623449,1688508733,0x64fb6a2f50892e681c01915e27fa1512464c4e7f1b7f1c1c97f12036a12ce97d
Azuki,0xED5AF388653567Af2F388E6224dC7C4b3241C544,9442,0xcbb0fe555f61d23427740984325b4583a4a34c82,0x020ca66c30bec2c4fe3861a94e4db4a498a35872,0.0,blur,17623449,1688508733,0x64fb6a2f50892e681c01915e27fa1512464c4e7f1b7f1c1c97f12036a12ce97d
Azuki,0xED5AF388653567Af2F388E6224dC7C4b3241C544,9665,0xcbb0fe555f61d23427740984325b4583a4a34c82,0x020ca66c30bec2c4fe3861a94e4db4a498a35872,0.0,blur,17623449,1688508733,0x64fb6a2f50892e681c01915e27fa1512464c4e7f1b7f1c1c97f12036a12ce97d
Azuki,0xED5AF388653567Af2F388E6224dC7C4b3241C544,975,0x1919db36ca2fa2e15f9000fd9cdc2edcf863e685,0x020ca66c30bec2c4fe3861a94e4db4a498a35872,0.0,blur,17623449,1688508733,0x64fb6a2f50892e681c01915e27fa1512464c4e7f1b7f1c1c97f12036a12ce97d
Azuki,0xED5AF388653567Af2F388E6224dC7C4b3241C544,9645,0x174398dc93d7a50bdfab896040c3dc71ab19d8bc,0x020ca66c30bec2c4fe3861a94e4db4a498a35872,0.0,blur,17623449,1688508733,0x64fb6a2f50892e681c01915e27fa1512464c4e7f1b7f1c1c97f12036a12ce97d
Azuki,0xED5AF388653567Af2F388E6224dC7C4b3241C544,1601,0xcbb0fe555f61d23427740984325b4583a4a34c82,0x97c7d94d01bcbc41b80ef7cc8c5bebc3d11c6a20,0.0,blur,17623433,1688508539,0x348e3527ab634cd7b856044b5189ddf4f738f786b4f0eb43bfe8cd8473ba1968
